true_source	predicted_binary	predicted_detail	feature	value	count	rate_within_group
gdna	gdna	gdna	cigar_class	all_M	15076045	0.9702283150982739
gdna	gdna	gdna	cigar_class	soft_or_hard_clipped	283033	0.018214765922177186
gdna	gdna	gdna	cigar_class	other	178636	0.011496231624135857
gdna	gdna	gdna	cigar_class	contains_N	943	6.0687355413019284e-05
gdna	gdna	gdna	mapq	>=60	15447924	0.9941608209769995
gdna	gdna	gdna	mapq	0-9	90733	0.005839179023000508
gdna	gdna	gdna	nh	1	15447924	0.9941608209769995
gdna	gdna	gdna	nh	2	64043	0.004121527362371149
gdna	gdna	gdna	nh	3-10	23595	0.0015184709978474974
gdna	gdna	gdna	nh	>10	3095	0.00019918066278186075
gdna	gdna	gdna	nm	0	12640678	0.8134987470281376
gdna	gdna	gdna	nm	1	2073080	0.13341436135696927
gdna	gdna	gdna	nm	2	423700	0.027267478778893184
gdna	gdna	gdna	nm	>=3	401199	0.02581941283599992
gdna	gdna	gdna	template	201-350	8663629	0.5575532685997252
gdna	gdna	gdna	template	351-500	4892789	0.31487849947392493
gdna	gdna	gdna	template	1-200	1686864	0.10855918886683708
gdna	gdna	gdna	template	501-1000	292598	0.018830327485830984
gdna	gdna	gdna	template	>1000	2707	0.0001742106798547648
gdna	gdna	gdna	template	0_or_missing	70	4.504893827053393e-06
gdna	gdna	gdna	zc	ambig_same_strand	13123414	0.8445655245495154
gdna	gdna	gdna	zc	ambig_opp_strand	1770140	0.11391846798600419
gdna	gdna	gdna	zc	.	284257	0.01829353720852452
gdna	gdna	gdna	zc	unambig	282385	0.018173063476463892
gdna	gdna	gdna	zc	multimapper	78461	0.005049406779491947
gdna	gdna	gdna	zs	unspliced	15254400	0.9817064627914754
gdna	gdna	gdna	zs	unknown	284257	0.01829353720852452
gdna	gdna	gdna	zw	>=0.99	10220869	0.657770423788877
gdna	gdna	gdna	zw	0.90-0.99	2927515	0.1884020607443745
gdna	gdna	gdna	zw	0.70-0.90	1362461	0.08768203069287134
gdna	gdna	gdna	zw	0.50-0.70	561454	0.036132723696777655
gdna	gdna	gdna	zw	0.25-0.50	343704	0.022119286113336564
gdna	gdna	gdna	zw	<0.25	122654	0.007893474963762956
gdna	rna	mrna	cigar_class	all_M	1027913	0.9677253235046296
gdna	rna	mrna	cigar_class	soft_or_hard_clipped	15559	0.014647969534784103
gdna	rna	mrna	cigar_class	contains_N	11949	0.011249346871337183
gdna	rna	mrna	cigar_class	other	6774	0.006377360089249149
gdna	rna	mrna	mapq	>=60	1050229	0.9887346485344028
gdna	rna	mrna	mapq	0-9	11966	0.011265351465597184
gdna	rna	mrna	nh	1	1050229	0.9887346485344028
gdna	rna	mrna	nh	2	8456	0.007960873474267908
gdna	rna	mrna	nh	3-10	2748	0.0025870955897928346
gdna	rna	mrna	nh	>10	762	0.0007173824015364411
gdna	rna	mrna	nm	0	885111	0.8332848488271928
gdna	rna	mrna	nm	1	129093	0.12153418157682912
gdna	rna	mrna	nm	2	24518	0.023082390709803755
gdna	rna	mrna	nm	>=3	23473	0.022098578886174385
gdna	rna	mrna	template	201-350	735716	0.6926374159170398
gdna	rna	mrna	template	1-200	216301	0.20363586723718338
gdna	rna	mrna	template	351-500	90812	0.08549465964347412
gdna	rna	mrna	template	501-1000	10711	0.01008383583052076
gdna	rna	mrna	template	>1000	8638	0.008132216777522018
gdna	rna	mrna	template	0_or_missing	17	1.600459425999934e-05
gdna	rna	mrna	zc	ambig_same_strand	847777	0.7981368769387919
gdna	rna	mrna	zc	ambig_opp_strand	198946	0.1872970593911664
gdna	rna	mrna	zc	multimapper	11966	0.011265351465597184
gdna	rna	mrna	zc	unambig	3506	0.00330071220444457
gdna	rna	mrna	zs	unspliced	1033347	0.9728411449875023
gdna	rna	mrna	zs	spliced_annot	17308	0.01629455985012168
gdna	rna	mrna	zs	spliced_implicit	8178	0.0076991512857808595
gdna	rna	mrna	zs	spliced_unannot	3362	0.0031651438765951637
gdna	rna	mrna	zw	0.70-0.90	285350	0.2686418218876948
gdna	rna	mrna	zw	0.25-0.50	232385	0.21877809630058512
gdna	rna	mrna	zw	0.50-0.70	223220	0.2101497371010031
gdna	rna	mrna	zw	<0.25	190753	0.1795837864045679
gdna	rna	mrna	zw	0.90-0.99	120590	0.11352906010666591
gdna	rna	mrna	zw	>=0.99	9897	0.009317498199483146
gdna	rna	nrna	cigar_class	all_M	1285502	0.965553346457728
gdna	rna	nrna	cigar_class	soft_or_hard_clipped	24374	0.018307553987905626
gdna	rna	nrna	cigar_class	other	13111	0.009847802590277783
gdna	rna	nrna	cigar_class	contains_N	8376	0.006291296964088682
gdna	rna	nrna	mapq	>=60	1301905	0.9778738030124016
gdna	rna	nrna	mapq	0-9	29458	0.022126196987598424
gdna	rna	nrna	nh	1	1301905	0.9778738030124016
gdna	rna	nrna	nh	2	19876	0.014929061420514166
gdna	rna	nrna	nh	3-10	8008	0.006014888501483066
gdna	rna	nrna	nh	>10	1574	0.0011822470656011922
gdna	rna	nrna	nm	0	1086772	0.8162852655511682
gdna	rna	nrna	nm	1	173886	0.1306075052408697
gdna	rna	nrna	nm	2	35422	0.026605816745695954
gdna	rna	nrna	nm	>=3	35283	0.026501412462266113
gdna	rna	nrna	template	201-350	992954	0.7458176320056964
gdna	rna	nrna	template	1-200	228134	0.17135371795671053
gdna	rna	nrna	template	351-500	78908	0.059268584150228
gdna	rna	nrna	template	501-1000	20815	0.015634353666130123
gdna	rna	nrna	template	>1000	10533	0.00791144113213301
gdna	rna	nrna	template	0_or_missing	19	1.4271089101920362e-05
gdna	rna	nrna	zc	ambig_same_strand	923354	0.6935403792955039
gdna	rna	nrna	zc	ambig_opp_strand	350287	0.263104052012862
gdna	rna	nrna	zc	multimapper	29458	0.022126196987598424
gdna	rna	nrna	zc	unambig	28264	0.02122937170403564
gdna	rna	nrna	zs	unspliced	1263244	0.9488351411298046
gdna	rna	nrna	zs	spliced_implicit	48831	0.03667745010188807
gdna	rna	nrna	zs	spliced_annot	10799	0.008111236379559895
gdna	rna	nrna	zs	spliced_unannot	8489	0.006376172388747472
gdna	rna	nrna	zw	<0.25	461393	0.3465568744211759
gdna	rna	nrna	zw	0.25-0.50	388693	0.2919511808575122
gdna	rna	nrna	zw	0.50-0.70	239913	0.18020104208994842
gdna	rna	nrna	zw	0.70-0.90	165972	0.1246632210749435
gdna	rna	nrna	zw	0.90-0.99	59660	0.044811219780029936
gdna	rna	nrna	zw	>=0.99	15732	0.01181646177639006
gdna	unresolved	unresolved	cigar_class	other	149677	0.504877522245684
gdna	unresolved	unresolved	cigar_class	all_M	126531	0.4268034351788762
gdna	unresolved	unresolved	cigar_class	soft_or_hard_clipped	19528	0.06587016211183895
gdna	unresolved	unresolved	cigar_class	contains_N	726	0.0024488804636007312
gdna	unresolved	unresolved	mapq	0-9	167248	0.564146501069277
gdna	unresolved	unresolved	mapq	>=60	129214	0.435853498930723
gdna	unresolved	unresolved	nh	1	277072	0.9345953275630604
gdna	unresolved	unresolved	nh	2	9204	0.03104613744763241
gdna	unresolved	unresolved	nh	3-10	8615	0.029059373545344765
gdna	unresolved	unresolved	nh	>10	1571	0.005299161443962464
gdna	unresolved	unresolved	nm	0	249631	0.842033717643408
gdna	unresolved	unresolved	nm	1	23736	0.08006422408268175
gdna	unresolved	unresolved	nm	>=3	14991	0.050566345771127494
gdna	unresolved	unresolved	nm	2	8104	0.02733571250278282
gdna	unresolved	unresolved	template	0_or_missing	165220	0.5573058267164088
gdna	unresolved	unresolved	template	351-500	67656	0.22821137278976733
gdna	unresolved	unresolved	template	201-350	47211	0.1592480655193583
gdna	unresolved	unresolved	template	1-200	7490	0.0252646207608395
gdna	unresolved	unresolved	template	501-1000	7430	0.025062233945665886
gdna	unresolved	unresolved	template	>1000	1455	0.0049078802679601435
gdna	unresolved	unresolved	zc	.	148604	0.5012581713676626
gdna	unresolved	unresolved	zc	missing	147858	0.49874182863233735
gdna	unresolved	unresolved	zs	missing	147858	0.49874182863233735
gdna	unresolved	unresolved	zs	unspliced	145027	0.489192544069729
gdna	unresolved	unresolved	zs	spliced_unannot	3391	0.011438228170895426
gdna	unresolved	unresolved	zs	spliced_annot	186	0.0006273991270382039
gdna	unresolved	unresolved	zw	<0.25	148604	0.5012581713676626
gdna	unresolved	unresolved	zw	missing	147858	0.49874182863233735
rna	gdna	gdna	cigar_class	all_M	483165	0.9499920369485587
rna	gdna	gdna	cigar_class	soft_or_hard_clipped	20134	0.03958717968379804
rna	gdna	gdna	cigar_class	other	5198	0.010220232442454664
rna	gdna	gdna	cigar_class	contains_N	102	0.00020055092518860636
rna	gdna	gdna	mapq	>=60	504258	0.9914647885662379
rna	gdna	gdna	mapq	0-9	4341	0.008535211433762159
rna	gdna	gdna	nh	1	504258	0.9914647885662379
rna	gdna	gdna	nh	2	2468	0.004852545915347848
rna	gdna	gdna	nh	3-10	1712	0.003366109646302883
rna	gdna	gdna	nh	>10	161	0.00031655587211142766
rna	gdna	gdna	nm	0	428131	0.8417849818816002
rna	gdna	gdna	nm	1	62263	0.12242061034331565
rna	gdna	gdna	nm	2	10953	0.021535630231282406
rna	gdna	gdna	nm	>=3	7252	0.014258777543801698
rna	gdna	gdna	template	201-350	385463	0.7578917772154488
rna	gdna	gdna	template	1-200	100856	0.19830160892962825
rna	gdna	gdna	template	351-500	20611	0.04052505018688594
rna	gdna	gdna	template	>1000	945	0.0018580453363062058
rna	gdna	gdna	template	501-1000	670	0.0013173443125133947
rna	gdna	gdna	template	0_or_missing	54	0.00010617401921749748
rna	gdna	gdna	zc	ambig_same_strand	412914	0.8118655365032177
rna	gdna	gdna	zc	ambig_opp_strand	71368	0.14032272969471038
rna	gdna	gdna	zc	unambig	11117	0.021858084660017027
rna	gdna	gdna	zc	.	9491	0.018661066970245714
rna	gdna	gdna	zc	multimapper	3709	0.0072925821718092245
rna	gdna	gdna	zs	unspliced	499108	0.9813389330297543
rna	gdna	gdna	zs	unknown	9491	0.018661066970245714
rna	gdna	gdna	zw	<0.25	145126	0.28534464283256555
rna	gdna	gdna	zw	>=0.99	91079	0.17907821289463802
rna	gdna	gdna	zw	0.90-0.99	79481	0.15627439298936882
rna	gdna	gdna	zw	0.70-0.90	72517	0.1425818768813938
rna	gdna	gdna	zw	0.25-0.50	68214	0.13412138049819208
rna	gdna	gdna	zw	0.50-0.70	52182	0.10259949390384172
rna	rna	mrna	cigar_class	contains_N	7051438	0.5482864062186792
rna	rna	mrna	cigar_class	all_M	5518753	0.4291120831209967
rna	rna	mrna	cigar_class	soft_or_hard_clipped	252671	0.019646499699164894
rna	rna	mrna	cigar_class	other	38004	0.0029550109611592252
rna	rna	mrna	mapq	>=60	12813067	0.9962833762516459
rna	rna	mrna	mapq	0-9	47799	0.0037166237483541157
rna	rna	mrna	nh	1	12813067	0.9962833762516459
rna	rna	mrna	nh	2	41888	0.003257012397143396
rna	rna	mrna	nh	3-10	5558	0.00043216374387230225
rna	rna	mrna	nh	>10	353	2.744760733841718e-05
rna	rna	mrna	nm	0	11241346	0.8740737987628516
rna	rna	mrna	nm	1	1314368	0.10219902765490287
rna	rna	mrna	nm	2	191568	0.014895419950724936
rna	rna	mrna	nm	>=3	113584	0.008831753631520615
rna	rna	mrna	template	>1000	6902458	0.5367024273482051
rna	rna	mrna	template	201-350	2861241	0.22247654240390966
rna	rna	mrna	template	501-1000	1546961	0.120284357212026
rna	rna	mrna	template	1-200	823866	0.06405991633844875
rna	rna	mrna	template	351-500	726091	0.05645739563727668
rna	rna	mrna	template	0_or_missing	249	1.936106013389767e-05
rna	rna	mrna	zc	ambig_same_strand	11141676	0.8663239318409818
rna	rna	mrna	zc	unambig	1117842	0.08691809711725478
rna	rna	mrna	zc	ambig_opp_strand	553549	0.043041347293409325
rna	rna	mrna	zc	multimapper	47799	0.0037166237483541157
rna	rna	mrna	zs	spliced_annot	9255114	0.7196338100404748
rna	rna	mrna	zs	unspliced	3286669	0.25555580782818205
rna	rna	mrna	zs	spliced_implicit	290955	0.022623282133567055
rna	rna	mrna	zs	spliced_unannot	28128	0.0021870999977761994
rna	rna	mrna	zw	0.70-0.90	2690820	0.20922541296985755
rna	rna	mrna	zw	0.90-0.99	2427033	0.18871458578294806
rna	rna	mrna	zw	0.25-0.50	2107885	0.16389914955960197
rna	rna	mrna	zw	>=0.99	2023645	0.15734904632394117
rna	rna	mrna	zw	0.50-0.70	1958959	0.1523193694732532
rna	rna	mrna	zw	<0.25	1652524	0.12849243589039805
rna	rna	nrna	cigar_class	all_M	462122	0.9314872448156868
rna	rna	nrna	cigar_class	soft_or_hard_clipped	19749	0.039807543457928855
rna	rna	nrna	cigar_class	contains_N	8785	0.01770769503660464
rna	rna	nrna	cigar_class	other	5456	0.010997516689779727
rna	rna	nrna	mapq	>=60	442548	0.892032444286774
rna	rna	nrna	mapq	0-9	53564	0.10796755571322604
rna	rna	nrna	nh	1	442548	0.892032444286774
rna	rna	nrna	nh	3-10	30870	0.06222385267842745
rna	rna	nrna	nh	2	21729	0.04379857774051021
rna	rna	nrna	nh	>10	965	0.0019451252942883864
rna	rna	nrna	nm	0	418277	0.843110023543071
rna	rna	nrna	nm	1	60416	0.12177895313961364
rna	rna	nrna	nm	2	10181	0.0205215757732125
rna	rna	nrna	nm	>=3	7238	0.014589447544102945
rna	rna	nrna	template	201-350	361155	0.727970700164479
rna	rna	nrna	template	1-200	111409	0.2245642113071242
rna	rna	nrna	template	>1000	13900	0.02801786693327313
rna	rna	nrna	template	351-500	6023	0.01214040377979166
rna	rna	nrna	template	501-1000	3614	0.007284645402651014
rna	rna	nrna	template	0_or_missing	11	2.2172412681007514e-05
rna	rna	nrna	zc	ambig_same_strand	220731	0.44492171122649726
rna	rna	nrna	zc	unambig	119370	0.24061099106653336
rna	rna	nrna	zc	ambig_opp_strand	102447	0.20649974199374335
rna	rna	nrna	zc	multimapper	53564	0.10796755571322604
rna	rna	nrna	zs	unspliced	474461	0.956358644822137
rna	rna	nrna	zs	spliced_unannot	15353	0.030946641081046215
rna	rna	nrna	zs	spliced_implicit	5063	0.010205356854903732
rna	rna	nrna	zs	spliced_annot	1235	0.0024893572419131165
rna	rna	nrna	zw	>=0.99	136441	0.27502055987357693
rna	rna	nrna	zw	0.90-0.99	115081	0.23196576579482053
rna	rna	nrna	zw	<0.25	81931	0.16514617666978423
rna	rna	nrna	zw	0.70-0.90	56732	0.1143532105653562
rna	rna	nrna	zw	0.25-0.50	55303	0.11147281259070532
rna	rna	nrna	zw	0.50-0.70	50624	0.10204147450575676
rna	unresolved	unresolved	cigar_class	other	98248	0.7901115426990599
rna	unresolved	unresolved	cigar_class	contains_N	10027	0.08063724898871706
rna	unresolved	unresolved	cigar_class	all_M	9576	0.07701030181669039
rna	unresolved	unresolved	cigar_class	soft_or_hard_clipped	6496	0.05224090649553266
rna	unresolved	unresolved	mapq	0-9	103669	0.8337072868665911
rna	unresolved	unresolved	mapq	>=60	20678	0.16629271313340893
rna	unresolved	unresolved	nh	1	118811	0.9554794245136593
rna	unresolved	unresolved	nh	3-10	3139	0.02524387399776432
rna	unresolved	unresolved	nh	2	2005	0.016124232993156247
rna	unresolved	unresolved	nh	>10	392	0.0031524684954200746
rna	unresolved	unresolved	nm	0	116776	0.9391139311764659
rna	unresolved	unresolved	nm	1	3637	0.02924879570878268
rna	unresolved	unresolved	nm	>=3	2436	0.01959033993582475
rna	unresolved	unresolved	nm	2	1498	0.012046933178926713
rna	unresolved	unresolved	template	0_or_missing	101451	0.8158701054307703
rna	unresolved	unresolved	template	>1000	10589	0.08515685943368155
rna	unresolved	unresolved	template	201-350	5802	0.04665975053680427
rna	unresolved	unresolved	template	1-200	3941	0.03169356719502682
rna	unresolved	unresolved	template	501-1000	1629	0.013100436681222707
rna	unresolved	unresolved	template	351-500	935	0.007519280722494311
rna	unresolved	unresolved	zc	missing	98133	0.7891867113802504
rna	unresolved	unresolved	zc	.	26214	0.21081328861974957
rna	unresolved	unresolved	zs	missing	98133	0.7891867113802504
rna	unresolved	unresolved	zs	spliced_annot	11966	0.09623070922499136
rna	unresolved	unresolved	zs	unspliced	11703	0.09411566020893146
rna	unresolved	unresolved	zs	spliced_unannot	2545	0.02046691918582676
rna	unresolved	unresolved	zw	missing	98133	0.7891867113802504
rna	unresolved	unresolved	zw	<0.25	26214	0.21081328861974957
