scenario,condition,t_id,expected,observed,abs_diff,rel_error,total_expected,total_observed,gdna_expected,gdna_pipeline,gdna_abs_diff,nrna_expected,nrna_pipeline,nrna_abs_diff,ctrl_observed,n_fragments,alignment_rate,n_intergenic
single_exon,gdna=0_ss=0.65_nrna=0,t1,338,0.0,338.0,1.0,500,161.51,0,338.0,338.0,0,0.49,0.49,0.0,500,1.0,0
single_exon,gdna=0_ss=0.65_nrna=0,t_helper,162,161.51,0.49,0.0,500,161.51,0,338.0,338.0,0,0.49,0.49,0.0,500,1.0,0
single_exon,gdna=0_ss=0.65_nrna=0,t_ctrl,0,0.0,0.0,0.0,500,161.51,0,338.0,338.0,0,0.49,0.49,0.0,500,1.0,0
single_exon,gdna=0_ss=0.65_nrna=30,t1,237,314.0,77.0,0.32,367,415.93,0,7.0,7.0,133,77.07,55.93,0.0,500,1.0,0
single_exon,gdna=0_ss=0.65_nrna=30,t_helper,130,101.93,28.07,0.22,367,415.93,0,7.0,7.0,133,77.07,55.93,0.0,500,1.0,0
single_exon,gdna=0_ss=0.65_nrna=30,t_ctrl,0,0.0,0.0,0.0,367,415.93,0,7.0,7.0,133,77.07,55.93,0.0,500,1.0,0
single_exon,gdna=0_ss=0.65_nrna=50,t1,204,0.0,204.0,1.0,312,97.71,0,304.0,304.0,188,98.29,89.71,0.0,500,1.0,0
single_exon,gdna=0_ss=0.65_nrna=50,t_helper,108,97.71,10.29,0.1,312,97.71,0,304.0,304.0,188,98.29,89.71,0.0,500,1.0,0
single_exon,gdna=0_ss=0.65_nrna=50,t_ctrl,0,0.0,0.0,0.0,312,97.71,0,304.0,304.0,188,98.29,89.71,0.0,500,1.0,0
single_exon,gdna=0_ss=0.8_nrna=0,t1,338,338.0,0.0,0.0,500,499.54,0,0.0,0.0,0,0.46,0.46,0.0,500,1.0,0
single_exon,gdna=0_ss=0.8_nrna=0,t_helper,162,161.54,0.46,0.0,500,499.54,0,0.0,0.0,0,0.46,0.46,0.0,500,1.0,0
single_exon,gdna=0_ss=0.8_nrna=0,t_ctrl,0,0.0,0.0,0.0,500,499.54,0,0.0,0.0,0,0.46,0.46,0.0,500,1.0,0
single_exon,gdna=0_ss=0.8_nrna=30,t1,237,314.0,77.0,0.32,367,413.67,0,0.0,0.0,133,86.33,46.67,0.0,500,1.0,0
single_exon,gdna=0_ss=0.8_nrna=30,t_helper,130,99.67,30.33,0.23,367,413.67,0,0.0,0.0,133,86.33,46.67,0.0,500,1.0,0
single_exon,gdna=0_ss=0.8_nrna=30,t_ctrl,0,0.0,0.0,0.0,367,413.67,0,0.0,0.0,133,86.33,46.67,0.0,500,1.0,0
single_exon,gdna=0_ss=0.8_nrna=50,t1,204,304.0,100.0,0.49,312,398.48,0,0.0,0.0,188,101.52,86.48,0.0,500,1.0,0
single_exon,gdna=0_ss=0.8_nrna=50,t_helper,108,94.48,13.52,0.13,312,398.48,0,0.0,0.0,188,101.52,86.48,0.0,500,1.0,0
single_exon,gdna=0_ss=0.8_nrna=50,t_ctrl,0,0.0,0.0,0.0,312,398.48,0,0.0,0.0,188,101.52,86.48,0.0,500,1.0,0
single_exon,gdna=0_ss=0.9_nrna=0,t1,338,338.0,0.0,0.0,500,499.56,0,0.0,0.0,0,0.44,0.44,0.0,500,1.0,0
single_exon,gdna=0_ss=0.9_nrna=0,t_helper,162,161.56,0.44,0.0,500,499.56,0,0.0,0.0,0,0.44,0.44,0.0,500,1.0,0
single_exon,gdna=0_ss=0.9_nrna=0,t_ctrl,0,0.0,0.0,0.0,500,499.56,0,0.0,0.0,0,0.44,0.44,0.0,500,1.0,0
single_exon,gdna=0_ss=0.9_nrna=30,t1,237,314.0,77.0,0.32,367,419.05,0,0.0,0.0,133,80.95,52.05,0.0,500,1.0,0
single_exon,gdna=0_ss=0.9_nrna=30,t_helper,130,105.05,24.95,0.19,367,419.05,0,0.0,0.0,133,80.95,52.05,0.0,500,1.0,0
single_exon,gdna=0_ss=0.9_nrna=30,t_ctrl,0,0.0,0.0,0.0,367,419.05,0,0.0,0.0,133,80.95,52.05,0.0,500,1.0,0
single_exon,gdna=0_ss=0.9_nrna=50,t1,204,304.0,100.0,0.49,312,393.83,0,0.0,0.0,188,106.17,81.83,0.0,500,1.0,0
single_exon,gdna=0_ss=0.9_nrna=50,t_helper,108,89.83,18.17,0.17,312,393.83,0,0.0,0.0,188,106.17,81.83,0.0,500,1.0,0
single_exon,gdna=0_ss=0.9_nrna=50,t_ctrl,0,0.0,0.0,0.0,312,393.83,0,0.0,0.0,188,106.17,81.83,0.0,500,1.0,0
single_exon,gdna=0_ss=0.95_nrna=0,t1,338,338.0,0.0,0.0,500,499.56,0,0.0,0.0,0,0.44,0.44,0.0,500,1.0,0
single_exon,gdna=0_ss=0.95_nrna=0,t_helper,162,161.56,0.44,0.0,500,499.56,0,0.0,0.0,0,0.44,0.44,0.0,500,1.0,0
single_exon,gdna=0_ss=0.95_nrna=0,t_ctrl,0,0.0,0.0,0.0,500,499.56,0,0.0,0.0,0,0.44,0.44,0.0,500,1.0,0
single_exon,gdna=0_ss=0.95_nrna=30,t1,237,314.0,77.0,0.32,367,425.19,0,2.0,2.0,133,72.81,60.19,0.0,500,1.0,0
single_exon,gdna=0_ss=0.95_nrna=30,t_helper,130,111.19,18.81,0.14,367,425.19,0,2.0,2.0,133,72.81,60.19,0.0,500,1.0,0
single_exon,gdna=0_ss=0.95_nrna=30,t_ctrl,0,0.0,0.0,0.0,367,425.19,0,2.0,2.0,133,72.81,60.19,0.0,500,1.0,0
single_exon,gdna=0_ss=0.95_nrna=50,t1,204,304.0,100.0,0.49,312,395.44,0,0.0,0.0,188,104.56,83.44,0.0,500,1.0,0
single_exon,gdna=0_ss=0.95_nrna=50,t_helper,108,91.44,16.56,0.15,312,395.44,0,0.0,0.0,188,104.56,83.44,0.0,500,1.0,0
single_exon,gdna=0_ss=0.95_nrna=50,t_ctrl,0,0.0,0.0,0.0,312,395.44,0,0.0,0.0,188,104.56,83.44,0.0,500,1.0,0
single_exon,gdna=0_ss=1.0_nrna=0,t1,339,339.0,0.0,0.0,500,499.55,0,0.0,0.0,0,0.45,0.45,0.0,500,1.0,0
single_exon,gdna=0_ss=1.0_nrna=0,t_helper,161,160.55,0.45,0.0,500,499.55,0,0.0,0.0,0,0.45,0.45,0.0,500,1.0,0
single_exon,gdna=0_ss=1.0_nrna=0,t_ctrl,0,0.0,0.0,0.0,500,499.55,0,0.0,0.0,0,0.45,0.45,0.0,500,1.0,0
single_exon,gdna=0_ss=1.0_nrna=30,t1,244,321.0,77.0,0.32,367,412.43,0,0.0,0.0,133,87.57,45.43,0.0,500,1.0,0
single_exon,gdna=0_ss=1.0_nrna=30,t_helper,123,91.43,31.57,0.26,367,412.43,0,0.0,0.0,133,87.57,45.43,0.0,500,1.0,0
single_exon,gdna=0_ss=1.0_nrna=30,t_ctrl,0,0.0,0.0,0.0,367,412.43,0,0.0,0.0,133,87.57,45.43,0.0,500,1.0,0
single_exon,gdna=0_ss=1.0_nrna=50,t1,209,317.0,108.0,0.52,312,393.55,0,0.0,0.0,188,106.45,81.55,0.0,500,1.0,0
single_exon,gdna=0_ss=1.0_nrna=50,t_helper,103,76.55,26.45,0.26,312,393.55,0,0.0,0.0,188,106.45,81.55,0.0,500,1.0,0
single_exon,gdna=0_ss=1.0_nrna=50,t_ctrl,0,0.0,0.0,0.0,312,393.55,0,0.0,0.0,188,106.45,81.55,0.0,500,1.0,0
single_exon,gdna=5_ss=0.65_nrna=0,t1,246,258.0,12.0,0.05,379,404.19,121,94.0,27.0,0,1.81,1.81,0.0,500,1.0,63
single_exon,gdna=5_ss=0.65_nrna=0,t_helper,133,146.19,13.19,0.1,379,404.19,121,94.0,27.0,0,1.81,1.81,0.0,500,1.0,63
single_exon,gdna=5_ss=0.65_nrna=0,t_ctrl,0,0.0,0.0,0.0,379,404.19,121,94.0,27.0,0,1.81,1.81,0.0,500,1.0,63
single_exon,gdna=5_ss=0.65_nrna=30,t1,198,265.0,67.0,0.34,297,360.53,95,85.0,10.0,108,54.47,53.53,0.0,500,1.0,47
single_exon,gdna=5_ss=0.65_nrna=30,t_helper,99,95.53,3.47,0.04,297,360.53,95,85.0,10.0,108,54.47,53.53,0.0,500,1.0,47
single_exon,gdna=5_ss=0.65_nrna=30,t_ctrl,0,0.0,0.0,0.0,297,360.53,95,85.0,10.0,108,54.47,53.53,0.0,500,1.0,47
single_exon,gdna=5_ss=0.65_nrna=50,t1,172,257.0,85.0,0.49,260,328.06,83,66.0,17.0,157,105.94,51.06,0.0,500,1.0,46
single_exon,gdna=5_ss=0.65_nrna=50,t_helper,88,71.06,16.94,0.19,260,328.06,83,66.0,17.0,157,105.94,51.06,0.0,500,1.0,46
single_exon,gdna=5_ss=0.65_nrna=50,t_ctrl,0,0.0,0.0,0.0,260,328.06,83,66.0,17.0,157,105.94,51.06,0.0,500,1.0,46
single_exon,gdna=5_ss=0.8_nrna=0,t1,246,258.0,12.0,0.05,379,403.44,121,95.0,26.0,0,1.56,1.56,0.0,500,1.0,63
single_exon,gdna=5_ss=0.8_nrna=0,t_helper,133,145.44,12.44,0.09,379,403.44,121,95.0,26.0,0,1.56,1.56,0.0,500,1.0,63
single_exon,gdna=5_ss=0.8_nrna=0,t_ctrl,0,0.0,0.0,0.0,379,403.44,121,95.0,26.0,0,1.56,1.56,0.0,500,1.0,63
single_exon,gdna=5_ss=0.8_nrna=30,t1,198,265.0,67.0,0.34,297,358.57,95,82.0,13.0,108,59.43,48.57,0.0,500,1.0,47
single_exon,gdna=5_ss=0.8_nrna=30,t_helper,99,93.57,5.43,0.05,297,358.57,95,82.0,13.0,108,59.43,48.57,0.0,500,1.0,47
single_exon,gdna=5_ss=0.8_nrna=30,t_ctrl,0,0.0,0.0,0.0,297,358.57,95,82.0,13.0,108,59.43,48.57,0.0,500,1.0,47
single_exon,gdna=5_ss=0.8_nrna=50,t1,172,257.0,85.0,0.49,260,341.93,83,67.0,16.0,157,91.07,65.93,0.0,500,1.0,46
single_exon,gdna=5_ss=0.8_nrna=50,t_helper,88,84.93,3.07,0.03,260,341.93,83,67.0,16.0,157,91.07,65.93,0.0,500,1.0,46
single_exon,gdna=5_ss=0.8_nrna=50,t_ctrl,0,0.0,0.0,0.0,260,341.93,83,67.0,16.0,157,91.07,65.93,0.0,500,1.0,46
single_exon,gdna=5_ss=0.9_nrna=0,t1,246,258.0,12.0,0.05,379,403.22,121,96.0,25.0,0,0.78,0.78,0.0,500,1.0,63
single_exon,gdna=5_ss=0.9_nrna=0,t_helper,133,145.22,12.22,0.09,379,403.22,121,96.0,25.0,0,0.78,0.78,0.0,500,1.0,63
single_exon,gdna=5_ss=0.9_nrna=0,t_ctrl,0,0.0,0.0,0.0,379,403.22,121,96.0,25.0,0,0.78,0.78,0.0,500,1.0,63
single_exon,gdna=5_ss=0.9_nrna=30,t1,198,265.0,67.0,0.34,297,352.0,95,74.0,21.0,108,74.0,34.0,0.0,500,1.0,47
single_exon,gdna=5_ss=0.9_nrna=30,t_helper,99,87.0,12.0,0.12,297,352.0,95,74.0,21.0,108,74.0,34.0,0.0,500,1.0,47
single_exon,gdna=5_ss=0.9_nrna=30,t_ctrl,0,0.0,0.0,0.0,297,352.0,95,74.0,21.0,108,74.0,34.0,0.0,500,1.0,47
single_exon,gdna=5_ss=0.9_nrna=50,t1,172,257.0,85.0,0.49,260,344.39,83,75.0,8.0,157,80.61,76.39,0.0,500,1.0,46
single_exon,gdna=5_ss=0.9_nrna=50,t_helper,88,87.39,0.61,0.01,260,344.39,83,75.0,8.0,157,80.61,76.39,0.0,500,1.0,46
single_exon,gdna=5_ss=0.9_nrna=50,t_ctrl,0,0.0,0.0,0.0,260,344.39,83,75.0,8.0,157,80.61,76.39,0.0,500,1.0,46
single_exon,gdna=5_ss=0.95_nrna=0,t1,246,258.0,12.0,0.05,379,394.3,121,105.0,16.0,0,0.7,0.7,0.0,500,1.0,63
single_exon,gdna=5_ss=0.95_nrna=0,t_helper,133,136.3,3.3,0.02,379,394.3,121,105.0,16.0,0,0.7,0.7,0.0,500,1.0,63
single_exon,gdna=5_ss=0.95_nrna=0,t_ctrl,0,0.0,0.0,0.0,379,394.3,121,105.0,16.0,0,0.7,0.7,0.0,500,1.0,63
single_exon,gdna=5_ss=0.95_nrna=30,t1,198,265.0,67.0,0.34,297,351.59,95,74.0,21.0,108,74.41,33.59,0.0,500,1.0,47
single_exon,gdna=5_ss=0.95_nrna=30,t_helper,99,86.59,12.41,0.13,297,351.59,95,74.0,21.0,108,74.41,33.59,0.0,500,1.0,47
single_exon,gdna=5_ss=0.95_nrna=30,t_ctrl,0,0.0,0.0,0.0,297,351.59,95,74.0,21.0,108,74.41,33.59,0.0,500,1.0,47
single_exon,gdna=5_ss=0.95_nrna=50,t1,172,238.0,66.0,0.38,260,324.7,83,100.0,17.0,157,75.3,81.7,0.0,500,1.0,46
single_exon,gdna=5_ss=0.95_nrna=50,t_helper,88,86.7,1.3,0.01,260,324.7,83,100.0,17.0,157,75.3,81.7,0.0,500,1.0,46
single_exon,gdna=5_ss=0.95_nrna=50,t_ctrl,0,0.0,0.0,0.0,260,324.7,83,100.0,17.0,157,75.3,81.7,0.0,500,1.0,46
single_exon,gdna=5_ss=1.0_nrna=0,t1,245,249.0,4.0,0.02,379,382.52,121,111.0,10.0,0,6.48,6.48,2.0,500,1.0,58
single_exon,gdna=5_ss=1.0_nrna=0,t_helper,134,131.52,2.48,0.02,379,382.52,121,111.0,10.0,0,6.48,6.48,2.0,500,1.0,58
single_exon,gdna=5_ss=1.0_nrna=0,t_ctrl,0,2.0,2.0,0.0,379,382.52,121,111.0,10.0,0,6.48,6.48,2.0,500,1.0,58
single_exon,gdna=5_ss=1.0_nrna=30,t1,194,265.0,71.0,0.37,297,354.38,95,76.0,19.0,108,69.62,38.38,0.0,500,1.0,44
single_exon,gdna=5_ss=1.0_nrna=30,t_helper,103,89.38,13.62,0.13,297,354.38,95,76.0,19.0,108,69.62,38.38,0.0,500,1.0,44
single_exon,gdna=5_ss=1.0_nrna=30,t_ctrl,0,0.0,0.0,0.0,297,354.38,95,76.0,19.0,108,69.62,38.38,0.0,500,1.0,44
single_exon,gdna=5_ss=1.0_nrna=50,t1,182,278.0,96.0,0.53,260,332.89,83,64.0,19.0,157,103.11,53.89,0.0,500,1.0,47
single_exon,gdna=5_ss=1.0_nrna=50,t_helper,78,54.89,23.11,0.3,260,332.89,83,64.0,19.0,157,103.11,53.89,0.0,500,1.0,47
single_exon,gdna=5_ss=1.0_nrna=50,t_ctrl,0,0.0,0.0,0.0,260,332.89,83,64.0,19.0,157,103.11,53.89,0.0,500,1.0,47
single_exon,gdna=20_ss=0.65_nrna=0,t1,147,174.0,27.0,0.18,220,191.0,280,309.0,29.0,0,0.0,0.0,0.0,500,1.0,140
single_exon,gdna=20_ss=0.65_nrna=0,t_helper,73,17.0,56.0,0.77,220,191.0,280,309.0,29.0,0,0.0,0.0,0.0,500,1.0,140
single_exon,gdna=20_ss=0.65_nrna=0,t_ctrl,0,0.0,0.0,0.0,220,191.0,280,309.0,29.0,0,0.0,0.0,0.0,500,1.0,140
single_exon,gdna=20_ss=0.65_nrna=30,t1,132,0.0,132.0,1.0,189,8.0,242,492.0,250.0,69,0.0,69.0,0.0,500,1.0,126
single_exon,gdna=20_ss=0.65_nrna=30,t_helper,57,8.0,49.0,0.86,189,8.0,242,492.0,250.0,69,0.0,69.0,0.0,500,1.0,126
single_exon,gdna=20_ss=0.65_nrna=30,t_ctrl,0,0.0,0.0,0.0,189,8.0,242,492.0,250.0,69,0.0,69.0,0.0,500,1.0,126
single_exon,gdna=20_ss=0.65_nrna=50,t1,113,190.0,77.0,0.68,174,235.89,221,165.0,56.0,105,99.11,5.89,0.0,500,1.0,111
single_exon,gdna=20_ss=0.65_nrna=50,t_helper,61,45.89,15.11,0.25,174,235.89,221,165.0,56.0,105,99.11,5.89,0.0,500,1.0,111
single_exon,gdna=20_ss=0.65_nrna=50,t_ctrl,0,0.0,0.0,0.0,174,235.89,221,165.0,56.0,105,99.11,5.89,0.0,500,1.0,111
single_exon,gdna=20_ss=0.8_nrna=0,t1,147,174.0,27.0,0.18,220,243.57,280,255.0,25.0,0,1.43,1.43,0.0,500,1.0,140
single_exon,gdna=20_ss=0.8_nrna=0,t_helper,73,69.57,3.43,0.05,220,243.57,280,255.0,25.0,0,1.43,1.43,0.0,500,1.0,140
single_exon,gdna=20_ss=0.8_nrna=0,t_ctrl,0,0.0,0.0,0.0,220,243.57,280,255.0,25.0,0,1.43,1.43,0.0,500,1.0,140
single_exon,gdna=20_ss=0.8_nrna=30,t1,132,195.0,63.0,0.48,189,243.13,242,177.0,65.0,69,79.87,10.87,0.0,500,1.0,126
single_exon,gdna=20_ss=0.8_nrna=30,t_helper,57,48.13,8.87,0.16,189,243.13,242,177.0,65.0,69,79.87,10.87,0.0,500,1.0,126
single_exon,gdna=20_ss=0.8_nrna=30,t_ctrl,0,0.0,0.0,0.0,189,243.13,242,177.0,65.0,69,79.87,10.87,0.0,500,1.0,126
single_exon,gdna=20_ss=0.8_nrna=50,t1,113,190.0,77.0,0.68,174,232.05,221,210.0,11.0,105,57.95,47.05,0.0,500,1.0,111
single_exon,gdna=20_ss=0.8_nrna=50,t_helper,61,42.05,18.95,0.31,174,232.05,221,210.0,11.0,105,57.95,47.05,0.0,500,1.0,111
single_exon,gdna=20_ss=0.8_nrna=50,t_ctrl,0,0.0,0.0,0.0,174,232.05,221,210.0,11.0,105,57.95,47.05,0.0,500,1.0,111
single_exon,gdna=20_ss=0.9_nrna=0,t1,147,174.0,27.0,0.18,220,249.55,280,249.0,31.0,0,1.45,1.45,0.0,500,1.0,140
single_exon,gdna=20_ss=0.9_nrna=0,t_helper,73,75.55,2.55,0.03,220,249.55,280,249.0,31.0,0,1.45,1.45,0.0,500,1.0,140
single_exon,gdna=20_ss=0.9_nrna=0,t_ctrl,0,0.0,0.0,0.0,220,249.55,280,249.0,31.0,0,1.45,1.45,0.0,500,1.0,140
single_exon,gdna=20_ss=0.9_nrna=30,t1,132,195.0,63.0,0.48,189,214.12,242,177.0,65.0,69,108.88,39.88,0.0,500,1.0,126
single_exon,gdna=20_ss=0.9_nrna=30,t_helper,57,19.12,37.88,0.66,189,214.12,242,177.0,65.0,69,108.88,39.88,0.0,500,1.0,126
single_exon,gdna=20_ss=0.9_nrna=30,t_ctrl,0,0.0,0.0,0.0,189,214.12,242,177.0,65.0,69,108.88,39.88,0.0,500,1.0,126
single_exon,gdna=20_ss=0.9_nrna=50,t1,113,164.0,51.0,0.45,174,214.93,221,221.0,0.0,105,64.07,40.93,0.0,500,1.0,111
single_exon,gdna=20_ss=0.9_nrna=50,t_helper,61,50.93,10.07,0.17,174,214.93,221,221.0,0.0,105,64.07,40.93,0.0,500,1.0,111
single_exon,gdna=20_ss=0.9_nrna=50,t_ctrl,0,0.0,0.0,0.0,174,214.93,221,221.0,0.0,105,64.07,40.93,0.0,500,1.0,111
single_exon,gdna=20_ss=0.95_nrna=0,t1,147,174.0,27.0,0.18,220,250.4,280,248.0,32.0,0,1.6,1.6,0.0,500,1.0,140
single_exon,gdna=20_ss=0.95_nrna=0,t_helper,73,76.4,3.4,0.05,220,250.4,280,248.0,32.0,0,1.6,1.6,0.0,500,1.0,140
single_exon,gdna=20_ss=0.95_nrna=0,t_ctrl,0,0.0,0.0,0.0,220,250.4,280,248.0,32.0,0,1.6,1.6,0.0,500,1.0,140
single_exon,gdna=20_ss=0.95_nrna=30,t1,132,195.0,63.0,0.48,189,221.16,242,177.0,65.0,69,101.84,32.84,0.0,500,1.0,126
single_exon,gdna=20_ss=0.95_nrna=30,t_helper,57,26.16,30.84,0.54,189,221.16,242,177.0,65.0,69,101.84,32.84,0.0,500,1.0,126
single_exon,gdna=20_ss=0.95_nrna=30,t_ctrl,0,0.0,0.0,0.0,189,221.16,242,177.0,65.0,69,101.84,32.84,0.0,500,1.0,126
single_exon,gdna=20_ss=0.95_nrna=50,t1,113,175.0,62.0,0.55,174,226.29,221,206.0,15.0,105,67.71,37.29,0.0,500,1.0,111
single_exon,gdna=20_ss=0.95_nrna=50,t_helper,61,51.29,9.71,0.16,174,226.29,221,206.0,15.0,105,67.71,37.29,0.0,500,1.0,111
single_exon,gdna=20_ss=0.95_nrna=50,t_ctrl,0,0.0,0.0,0.0,174,226.29,221,206.0,15.0,105,67.71,37.29,0.0,500,1.0,111
single_exon,gdna=20_ss=1.0_nrna=0,t1,144,173.0,29.0,0.2,220,247.95,280,236.0,44.0,0,16.05,16.05,0.0,500,1.0,147
single_exon,gdna=20_ss=1.0_nrna=0,t_helper,76,74.95,1.05,0.01,220,247.95,280,236.0,44.0,0,16.05,16.05,0.0,500,1.0,147
single_exon,gdna=20_ss=1.0_nrna=0,t_ctrl,0,0.0,0.0,0.0,220,247.95,280,236.0,44.0,0,16.05,16.05,0.0,500,1.0,147
single_exon,gdna=20_ss=1.0_nrna=30,t1,129,202.0,73.0,0.57,189,254.38,242,187.0,55.0,69,58.62,10.38,1.0,500,1.0,119
single_exon,gdna=20_ss=1.0_nrna=30,t_helper,60,51.38,8.62,0.14,189,254.38,242,187.0,55.0,69,58.62,10.38,1.0,500,1.0,119
single_exon,gdna=20_ss=1.0_nrna=30,t_ctrl,0,1.0,1.0,0.0,189,254.38,242,187.0,55.0,69,58.62,10.38,1.0,500,1.0,119
single_exon,gdna=20_ss=1.0_nrna=50,t1,111,195.0,84.0,0.76,174,236.29,221,174.0,47.0,105,89.71,15.29,0.0,500,1.0,98
single_exon,gdna=20_ss=1.0_nrna=50,t_helper,63,41.29,21.71,0.34,174,236.29,221,174.0,47.0,105,89.71,15.29,0.0,500,1.0,98
single_exon,gdna=20_ss=1.0_nrna=50,t_ctrl,0,0.0,0.0,0.0,174,236.29,221,174.0,47.0,105,89.71,15.29,0.0,500,1.0,98
single_exon,gdna=50_ss=0.65_nrna=0,t1,89,128.0,39.0,0.44,120,171.95,380,277.0,103.0,0,51.05,51.05,8.0,500,1.0,177
single_exon,gdna=50_ss=0.65_nrna=0,t_helper,31,35.95,4.95,0.16,120,171.95,380,277.0,103.0,0,51.05,51.05,8.0,500,1.0,177
single_exon,gdna=50_ss=0.65_nrna=0,t_ctrl,0,8.0,8.0,0.0,120,171.95,380,277.0,103.0,0,51.05,51.05,8.0,500,1.0,177
single_exon,gdna=50_ss=0.65_nrna=30,t1,69,125.0,56.0,0.81,110,188.07,350,234.0,116.0,40,77.93,37.93,16.0,500,1.0,169
single_exon,gdna=50_ss=0.65_nrna=30,t_helper,41,47.07,6.07,0.15,110,188.07,350,234.0,116.0,40,77.93,37.93,16.0,500,1.0,169
single_exon,gdna=50_ss=0.65_nrna=30,t_ctrl,0,16.0,16.0,0.0,110,188.07,350,234.0,116.0,40,77.93,37.93,16.0,500,1.0,169
single_exon,gdna=50_ss=0.65_nrna=50,t1,67,0.0,67.0,1.0,105,14.0,332,486.0,154.0,63,0.0,63.0,7.0,500,1.0,152
single_exon,gdna=50_ss=0.65_nrna=50,t_helper,38,7.0,31.0,0.82,105,14.0,332,486.0,154.0,63,0.0,63.0,7.0,500,1.0,152
single_exon,gdna=50_ss=0.65_nrna=50,t_ctrl,0,7.0,7.0,0.0,105,14.0,332,486.0,154.0,63,0.0,63.0,7.0,500,1.0,152
single_exon,gdna=50_ss=0.8_nrna=0,t1,89,130.0,41.0,0.46,120,152.8,380,265.0,115.0,0,82.2,82.2,5.0,500,1.0,177
single_exon,gdna=50_ss=0.8_nrna=0,t_helper,31,17.8,13.2,0.43,120,152.8,380,265.0,115.0,0,82.2,82.2,5.0,500,1.0,177
single_exon,gdna=50_ss=0.8_nrna=0,t_ctrl,0,5.0,5.0,0.0,120,152.8,380,265.0,115.0,0,82.2,82.2,5.0,500,1.0,177
single_exon,gdna=50_ss=0.8_nrna=30,t1,69,125.0,56.0,0.81,110,162.05,350,284.0,66.0,40,53.95,13.95,9.0,500,1.0,169
single_exon,gdna=50_ss=0.8_nrna=30,t_helper,41,28.05,12.95,0.32,110,162.05,350,284.0,66.0,40,53.95,13.95,9.0,500,1.0,169
single_exon,gdna=50_ss=0.8_nrna=30,t_ctrl,0,9.0,9.0,0.0,110,162.05,350,284.0,66.0,40,53.95,13.95,9.0,500,1.0,169
single_exon,gdna=50_ss=0.8_nrna=50,t1,67,139.0,72.0,1.07,105,190.16,332,259.0,73.0,63,50.84,12.16,12.0,500,1.0,152
single_exon,gdna=50_ss=0.8_nrna=50,t_helper,38,39.16,1.16,0.03,105,190.16,332,259.0,73.0,63,50.84,12.16,12.0,500,1.0,152
single_exon,gdna=50_ss=0.8_nrna=50,t_ctrl,0,12.0,12.0,0.0,105,190.16,332,259.0,73.0,63,50.84,12.16,12.0,500,1.0,152
single_exon,gdna=50_ss=0.9_nrna=0,t1,89,130.0,41.0,0.46,120,152.78,380,265.0,115.0,0,82.22,82.22,5.0,500,1.0,177
single_exon,gdna=50_ss=0.9_nrna=0,t_helper,31,17.78,13.22,0.43,120,152.78,380,265.0,115.0,0,82.22,82.22,5.0,500,1.0,177
single_exon,gdna=50_ss=0.9_nrna=0,t_ctrl,0,5.0,5.0,0.0,120,152.78,380,265.0,115.0,0,82.22,82.22,5.0,500,1.0,177
single_exon,gdna=50_ss=0.9_nrna=30,t1,69,125.0,56.0,0.81,110,169.0,350,309.0,41.0,40,22.0,18.0,9.0,500,1.0,169
single_exon,gdna=50_ss=0.9_nrna=30,t_helper,41,35.0,6.0,0.15,110,169.0,350,309.0,41.0,40,22.0,18.0,9.0,500,1.0,169
single_exon,gdna=50_ss=0.9_nrna=30,t_ctrl,0,9.0,9.0,0.0,110,169.0,350,309.0,41.0,40,22.0,18.0,9.0,500,1.0,169
single_exon,gdna=50_ss=0.9_nrna=50,t1,67,140.0,73.0,1.09,105,192.77,332,223.0,109.0,63,84.23,21.23,17.0,500,1.0,152
single_exon,gdna=50_ss=0.9_nrna=50,t_helper,38,35.77,2.23,0.06,105,192.77,332,223.0,109.0,63,84.23,21.23,17.0,500,1.0,152
single_exon,gdna=50_ss=0.9_nrna=50,t_ctrl,0,17.0,17.0,0.0,105,192.77,332,223.0,109.0,63,84.23,21.23,17.0,500,1.0,152
single_exon,gdna=50_ss=0.95_nrna=0,t1,89,105.0,16.0,0.18,120,130.93,380,312.0,68.0,0,57.07,57.07,4.0,500,1.0,177
single_exon,gdna=50_ss=0.95_nrna=0,t_helper,31,21.93,9.07,0.29,120,130.93,380,312.0,68.0,0,57.07,57.07,4.0,500,1.0,177
single_exon,gdna=50_ss=0.95_nrna=0,t_ctrl,0,4.0,4.0,0.0,120,130.93,380,312.0,68.0,0,57.07,57.07,4.0,500,1.0,177
single_exon,gdna=50_ss=0.95_nrna=30,t1,69,125.0,56.0,0.81,110,169.97,350,306.0,44.0,40,24.03,15.97,9.0,500,1.0,169
single_exon,gdna=50_ss=0.95_nrna=30,t_helper,41,35.97,5.03,0.12,110,169.97,350,306.0,44.0,40,24.03,15.97,9.0,500,1.0,169
single_exon,gdna=50_ss=0.95_nrna=30,t_ctrl,0,9.0,9.0,0.0,110,169.97,350,306.0,44.0,40,24.03,15.97,9.0,500,1.0,169
single_exon,gdna=50_ss=0.95_nrna=50,t1,67,140.0,73.0,1.09,105,166.34,332,264.0,68.0,63,69.66,6.66,6.0,500,1.0,152
single_exon,gdna=50_ss=0.95_nrna=50,t_helper,38,20.34,17.66,0.46,105,166.34,332,264.0,68.0,63,69.66,6.66,6.0,500,1.0,152
single_exon,gdna=50_ss=0.95_nrna=50,t_ctrl,0,6.0,6.0,0.0,105,166.34,332,264.0,68.0,63,69.66,6.66,6.0,500,1.0,152
single_exon,gdna=50_ss=1.0_nrna=0,t1,78,93.0,15.0,0.19,120,114.0,380,386.0,6.0,0,0.0,0.0,5.0,500,1.0,181
single_exon,gdna=50_ss=1.0_nrna=0,t_helper,42,16.0,26.0,0.62,120,114.0,380,386.0,6.0,0,0.0,0.0,5.0,500,1.0,181
single_exon,gdna=50_ss=1.0_nrna=0,t_ctrl,0,5.0,5.0,0.0,120,114.0,380,386.0,6.0,0,0.0,0.0,5.0,500,1.0,181
single_exon,gdna=50_ss=1.0_nrna=30,t1,74,131.0,57.0,0.77,110,164.1,350,280.0,70.0,40,55.9,15.9,0.0,500,1.0,170
single_exon,gdna=50_ss=1.0_nrna=30,t_helper,36,33.1,2.9,0.08,110,164.1,350,280.0,70.0,40,55.9,15.9,0.0,500,1.0,170
single_exon,gdna=50_ss=1.0_nrna=30,t_ctrl,0,0.0,0.0,0.0,110,164.1,350,280.0,70.0,40,55.9,15.9,0.0,500,1.0,170
single_exon,gdna=50_ss=1.0_nrna=50,t1,72,147.0,75.0,1.04,105,158.93,332,222.0,110.0,63,119.07,56.07,2.0,500,1.0,163
single_exon,gdna=50_ss=1.0_nrna=50,t_helper,33,9.93,23.07,0.7,105,158.93,332,222.0,110.0,63,119.07,56.07,2.0,500,1.0,163
single_exon,gdna=50_ss=1.0_nrna=50,t_ctrl,0,2.0,2.0,0.0,105,158.93,332,222.0,110.0,63,119.07,56.07,2.0,500,1.0,163
single_exon,gdna=100_ss=0.65_nrna=0,t1,51,0.0,51.0,1.0,68,9.0,432,491.0,59.0,0,0.0,0.0,5.0,500,1.0,222
single_exon,gdna=100_ss=0.65_nrna=0,t_helper,17,4.0,13.0,0.76,68,9.0,432,491.0,59.0,0,0.0,0.0,5.0,500,1.0,222
single_exon,gdna=100_ss=0.65_nrna=0,t_ctrl,0,5.0,5.0,0.0,68,9.0,432,491.0,59.0,0,0.0,0.0,5.0,500,1.0,222
single_exon,gdna=100_ss=0.65_nrna=30,t1,48,0.0,48.0,1.0,65,6.0,412,494.0,82.0,23,0.0,23.0,4.0,500,1.0,208
single_exon,gdna=100_ss=0.65_nrna=30,t_helper,17,2.0,15.0,0.88,65,6.0,412,494.0,82.0,23,0.0,23.0,4.0,500,1.0,208
single_exon,gdna=100_ss=0.65_nrna=30,t_ctrl,0,4.0,4.0,0.0,65,6.0,412,494.0,82.0,23,0.0,23.0,4.0,500,1.0,208
single_exon,gdna=100_ss=0.65_nrna=50,t1,41,96.0,55.0,1.34,63,132.08,399,282.0,117.0,38,85.92,47.92,10.0,500,1.0,194
single_exon,gdna=100_ss=0.65_nrna=50,t_helper,22,26.08,4.08,0.19,63,132.08,399,282.0,117.0,38,85.92,47.92,10.0,500,1.0,194
single_exon,gdna=100_ss=0.65_nrna=50,t_ctrl,0,10.0,10.0,0.0,63,132.08,399,282.0,117.0,38,85.92,47.92,10.0,500,1.0,194
single_exon,gdna=100_ss=0.8_nrna=0,t1,51,0.0,51.0,1.0,68,9.0,432,491.0,59.0,0,0.0,0.0,5.0,500,1.0,222
single_exon,gdna=100_ss=0.8_nrna=0,t_helper,17,4.0,13.0,0.76,68,9.0,432,491.0,59.0,0,0.0,0.0,5.0,500,1.0,222
single_exon,gdna=100_ss=0.8_nrna=0,t_ctrl,0,5.0,5.0,0.0,68,9.0,432,491.0,59.0,0,0.0,0.0,5.0,500,1.0,222
single_exon,gdna=100_ss=0.8_nrna=30,t1,48,72.0,24.0,0.5,65,79.0,412,421.0,9.0,23,0.0,23.0,5.0,500,1.0,208
single_exon,gdna=100_ss=0.8_nrna=30,t_helper,17,2.0,15.0,0.88,65,79.0,412,421.0,9.0,23,0.0,23.0,5.0,500,1.0,208
single_exon,gdna=100_ss=0.8_nrna=30,t_ctrl,0,5.0,5.0,0.0,65,79.0,412,421.0,9.0,23,0.0,23.0,5.0,500,1.0,208
single_exon,gdna=100_ss=0.8_nrna=50,t1,41,0.0,41.0,1.0,63,21.54,399,381.0,18.0,38,97.46,59.46,7.0,500,1.0,194
single_exon,gdna=100_ss=0.8_nrna=50,t_helper,22,14.54,7.46,0.34,63,21.54,399,381.0,18.0,38,97.46,59.46,7.0,500,1.0,194
single_exon,gdna=100_ss=0.8_nrna=50,t_ctrl,0,7.0,7.0,0.0,63,21.54,399,381.0,18.0,38,97.46,59.46,7.0,500,1.0,194
single_exon,gdna=100_ss=0.9_nrna=0,t1,51,63.0,12.0,0.24,68,72.0,432,428.0,4.0,0,0.0,0.0,5.0,500,1.0,222
single_exon,gdna=100_ss=0.9_nrna=0,t_helper,17,4.0,13.0,0.76,68,72.0,432,428.0,4.0,0,0.0,0.0,5.0,500,1.0,222
single_exon,gdna=100_ss=0.9_nrna=0,t_ctrl,0,5.0,5.0,0.0,68,72.0,432,428.0,4.0,0,0.0,0.0,5.0,500,1.0,222
single_exon,gdna=100_ss=0.9_nrna=30,t1,48,102.0,54.0,1.12,65,109.0,412,391.0,21.0,23,0.0,23.0,5.0,500,1.0,208
single_exon,gdna=100_ss=0.9_nrna=30,t_helper,17,2.0,15.0,0.88,65,109.0,412,391.0,21.0,23,0.0,23.0,5.0,500,1.0,208
single_exon,gdna=100_ss=0.9_nrna=30,t_ctrl,0,5.0,5.0,0.0,65,109.0,412,391.0,21.0,23,0.0,23.0,5.0,500,1.0,208
single_exon,gdna=100_ss=0.9_nrna=50,t1,41,0.0,41.0,1.0,63,20.34,399,419.0,20.0,38,60.66,22.66,5.0,500,1.0,194
single_exon,gdna=100_ss=0.9_nrna=50,t_helper,22,15.34,6.66,0.3,63,20.34,399,419.0,20.0,38,60.66,22.66,5.0,500,1.0,194
single_exon,gdna=100_ss=0.9_nrna=50,t_ctrl,0,5.0,5.0,0.0,63,20.34,399,419.0,20.0,38,60.66,22.66,5.0,500,1.0,194
single_exon,gdna=100_ss=0.95_nrna=0,t1,51,68.0,17.0,0.33,68,77.0,432,423.0,9.0,0,0.0,0.0,5.0,500,1.0,222
single_exon,gdna=100_ss=0.95_nrna=0,t_helper,17,4.0,13.0,0.76,68,77.0,432,423.0,9.0,0,0.0,0.0,5.0,500,1.0,222
single_exon,gdna=100_ss=0.95_nrna=0,t_ctrl,0,5.0,5.0,0.0,68,77.0,432,423.0,9.0,0,0.0,0.0,5.0,500,1.0,222
single_exon,gdna=100_ss=0.95_nrna=30,t1,48,102.0,54.0,1.12,65,109.0,412,391.0,21.0,23,0.0,23.0,5.0,500,1.0,208
single_exon,gdna=100_ss=0.95_nrna=30,t_helper,17,2.0,15.0,0.88,65,109.0,412,391.0,21.0,23,0.0,23.0,5.0,500,1.0,208
single_exon,gdna=100_ss=0.95_nrna=30,t_ctrl,0,5.0,5.0,0.0,65,109.0,412,391.0,21.0,23,0.0,23.0,5.0,500,1.0,208
single_exon,gdna=100_ss=0.95_nrna=50,t1,41,0.0,41.0,1.0,63,19.49,399,416.0,17.0,38,64.51,26.51,5.0,500,1.0,194
single_exon,gdna=100_ss=0.95_nrna=50,t_helper,22,14.49,7.51,0.34,63,19.49,399,416.0,17.0,38,64.51,26.51,5.0,500,1.0,194
single_exon,gdna=100_ss=0.95_nrna=50,t_ctrl,0,5.0,5.0,0.0,63,19.49,399,416.0,17.0,38,64.51,26.51,5.0,500,1.0,194
single_exon,gdna=100_ss=1.0_nrna=0,t1,47,71.0,24.0,0.51,68,81.02,432,363.0,69.0,0,55.98,55.98,7.0,500,1.0,201
single_exon,gdna=100_ss=1.0_nrna=0,t_helper,21,3.02,17.98,0.86,68,81.02,432,363.0,69.0,0,55.98,55.98,7.0,500,1.0,201
single_exon,gdna=100_ss=1.0_nrna=0,t_ctrl,0,7.0,7.0,0.0,68,81.02,432,363.0,69.0,0,55.98,55.98,7.0,500,1.0,201
single_exon,gdna=100_ss=1.0_nrna=30,t1,44,83.0,39.0,0.89,65,93.0,412,407.0,5.0,23,0.0,23.0,6.0,500,1.0,198
single_exon,gdna=100_ss=1.0_nrna=30,t_helper,21,4.0,17.0,0.81,65,93.0,412,407.0,5.0,23,0.0,23.0,6.0,500,1.0,198
single_exon,gdna=100_ss=1.0_nrna=30,t_ctrl,0,6.0,6.0,0.0,65,93.0,412,407.0,5.0,23,0.0,23.0,6.0,500,1.0,198
single_exon,gdna=100_ss=1.0_nrna=50,t1,43,84.0,41.0,0.95,63,94.0,399,406.0,7.0,38,0.0,38.0,5.0,500,1.0,183
single_exon,gdna=100_ss=1.0_nrna=50,t_helper,20,5.0,15.0,0.75,63,94.0,399,406.0,7.0,38,0.0,38.0,5.0,500,1.0,183
single_exon,gdna=100_ss=1.0_nrna=50,t_ctrl,0,5.0,5.0,0.0,63,94.0,399,406.0,7.0,38,0.0,38.0,5.0,500,1.0,183
spliced,gdna=0_ss=0.65_nrna=0,t1,500,499.85,0.15,0.0,500,499.85,0,0.0,0.0,0,0.15,0.15,0.0,500,1.0,0
spliced,gdna=0_ss=0.65_nrna=0,t_ctrl,0,0.0,0.0,0.0,500,499.85,0,0.0,0.0,0,0.15,0.15,0.0,500,1.0,0
spliced,gdna=0_ss=0.65_nrna=30,t1,299,309.85,10.85,0.04,299,309.85,0,0.0,0.0,201,190.15,10.85,0.0,500,1.0,0
spliced,gdna=0_ss=0.65_nrna=30,t_ctrl,0,0.0,0.0,0.0,299,309.85,0,0.0,0.0,201,190.15,10.85,0.0,500,1.0,0
spliced,gdna=0_ss=0.65_nrna=50,t1,235,214.43,20.57,0.09,235,214.43,0,73.0,73.0,265,212.57,52.43,0.0,500,1.0,0
spliced,gdna=0_ss=0.65_nrna=50,t_ctrl,0,0.0,0.0,0.0,235,214.43,0,73.0,73.0,265,212.57,52.43,0.0,500,1.0,0
spliced,gdna=0_ss=0.8_nrna=0,t1,500,499.85,0.15,0.0,500,499.85,0,0.0,0.0,0,0.15,0.15,0.0,500,1.0,0
spliced,gdna=0_ss=0.8_nrna=0,t_ctrl,0,0.0,0.0,0.0,500,499.85,0,0.0,0.0,0,0.15,0.15,0.0,500,1.0,0
spliced,gdna=0_ss=0.8_nrna=30,t1,299,260.36,38.64,0.13,299,260.36,0,0.0,0.0,201,239.64,38.64,0.0,500,1.0,0
spliced,gdna=0_ss=0.8_nrna=30,t_ctrl,0,0.0,0.0,0.0,299,260.36,0,0.0,0.0,201,239.64,38.64,0.0,500,1.0,0
spliced,gdna=0_ss=0.8_nrna=50,t1,235,194.35,40.65,0.17,235,194.35,0,0.0,0.0,265,305.65,40.65,0.0,500,1.0,0
spliced,gdna=0_ss=0.8_nrna=50,t_ctrl,0,0.0,0.0,0.0,235,194.35,0,0.0,0.0,265,305.65,40.65,0.0,500,1.0,0
spliced,gdna=0_ss=0.9_nrna=0,t1,500,499.85,0.15,0.0,500,499.85,0,0.0,0.0,0,0.15,0.15,0.0,500,1.0,0
spliced,gdna=0_ss=0.9_nrna=0,t_ctrl,0,0.0,0.0,0.0,500,499.85,0,0.0,0.0,0,0.15,0.15,0.0,500,1.0,0
spliced,gdna=0_ss=0.9_nrna=30,t1,299,258.21,40.79,0.14,299,258.21,0,0.0,0.0,201,241.79,40.79,0.0,500,1.0,0
spliced,gdna=0_ss=0.9_nrna=30,t_ctrl,0,0.0,0.0,0.0,299,258.21,0,0.0,0.0,201,241.79,40.79,0.0,500,1.0,0
spliced,gdna=0_ss=0.9_nrna=50,t1,235,194.18,40.82,0.17,235,194.18,0,0.0,0.0,265,305.82,40.82,0.0,500,1.0,0
spliced,gdna=0_ss=0.9_nrna=50,t_ctrl,0,0.0,0.0,0.0,235,194.18,0,0.0,0.0,265,305.82,40.82,0.0,500,1.0,0
spliced,gdna=0_ss=0.95_nrna=0,t1,500,499.85,0.15,0.0,500,499.85,0,0.0,0.0,0,0.15,0.15,0.0,500,1.0,0
spliced,gdna=0_ss=0.95_nrna=0,t_ctrl,0,0.0,0.0,0.0,500,499.85,0,0.0,0.0,0,0.15,0.15,0.0,500,1.0,0
spliced,gdna=0_ss=0.95_nrna=30,t1,299,258.65,40.35,0.13,299,258.65,0,0.0,0.0,201,241.35,40.35,0.0,500,1.0,0
spliced,gdna=0_ss=0.95_nrna=30,t_ctrl,0,0.0,0.0,0.0,299,258.65,0,0.0,0.0,201,241.35,40.35,0.0,500,1.0,0
spliced,gdna=0_ss=0.95_nrna=50,t1,235,193.53,41.47,0.18,235,193.53,0,0.0,0.0,265,306.47,41.47,0.0,500,1.0,0
spliced,gdna=0_ss=0.95_nrna=50,t_ctrl,0,0.0,0.0,0.0,235,193.53,0,0.0,0.0,265,306.47,41.47,0.0,500,1.0,0
spliced,gdna=0_ss=1.0_nrna=0,t1,500,499.83,0.17,0.0,500,499.83,0,0.0,0.0,0,0.17,0.17,0.0,500,1.0,0
spliced,gdna=0_ss=1.0_nrna=0,t_ctrl,0,0.0,0.0,0.0,500,499.83,0,0.0,0.0,0,0.17,0.17,0.0,500,1.0,0
spliced,gdna=0_ss=1.0_nrna=30,t1,299,268.04,30.96,0.1,299,268.04,0,0.0,0.0,201,231.96,30.96,0.0,500,1.0,0
spliced,gdna=0_ss=1.0_nrna=30,t_ctrl,0,0.0,0.0,0.0,299,268.04,0,0.0,0.0,201,231.96,30.96,0.0,500,1.0,0
spliced,gdna=0_ss=1.0_nrna=50,t1,235,203.9,31.1,0.13,235,203.9,0,0.0,0.0,265,296.1,31.1,0.0,500,1.0,0
spliced,gdna=0_ss=1.0_nrna=50,t_ctrl,0,0.0,0.0,0.0,235,203.9,0,0.0,0.0,265,296.1,31.1,0.0,500,1.0,0
spliced,gdna=5_ss=0.65_nrna=0,t1,316,311.21,4.79,0.02,316,315.21,184,174.0,10.0,0,10.79,10.79,4.0,500,1.0,98
spliced,gdna=5_ss=0.65_nrna=0,t_ctrl,0,4.0,4.0,0.0,316,315.21,184,174.0,10.0,0,10.79,10.79,4.0,500,1.0,98
spliced,gdna=5_ss=0.65_nrna=30,t1,221,232.93,11.93,0.05,221,234.93,129,107.0,22.0,150,158.07,8.07,2.0,500,1.0,80
spliced,gdna=5_ss=0.65_nrna=30,t_ctrl,0,2.0,2.0,0.0,221,234.93,129,107.0,22.0,150,158.07,8.07,2.0,500,1.0,80
spliced,gdna=5_ss=0.65_nrna=50,t1,185,176.19,8.81,0.05,185,176.19,107,149.0,42.0,208,174.81,33.19,0.0,500,1.0,71
spliced,gdna=5_ss=0.65_nrna=50,t_ctrl,0,0.0,0.0,0.0,185,176.19,107,149.0,42.0,208,174.81,33.19,0.0,500,1.0,71
spliced,gdna=5_ss=0.8_nrna=0,t1,316,313.46,2.54,0.01,316,314.46,184,178.0,6.0,0,7.54,7.54,1.0,500,1.0,98
spliced,gdna=5_ss=0.8_nrna=0,t_ctrl,0,1.0,1.0,0.0,316,314.46,184,178.0,6.0,0,7.54,7.54,1.0,500,1.0,98
spliced,gdna=5_ss=0.8_nrna=30,t1,221,205.98,15.02,0.07,221,207.98,129,107.0,22.0,150,185.02,35.02,2.0,500,1.0,80
spliced,gdna=5_ss=0.8_nrna=30,t_ctrl,0,2.0,2.0,0.0,221,207.98,129,107.0,22.0,150,185.02,35.02,2.0,500,1.0,80
spliced,gdna=5_ss=0.8_nrna=50,t1,185,164.63,20.37,0.11,185,164.63,107,96.0,11.0,208,239.37,31.37,0.0,500,1.0,71
spliced,gdna=5_ss=0.8_nrna=50,t_ctrl,0,0.0,0.0,0.0,185,164.63,107,96.0,11.0,208,239.37,31.37,0.0,500,1.0,71
spliced,gdna=5_ss=0.9_nrna=0,t1,316,314.01,1.99,0.01,316,315.01,184,156.0,28.0,0,28.99,28.99,1.0,500,1.0,98
spliced,gdna=5_ss=0.9_nrna=0,t_ctrl,0,1.0,1.0,0.0,316,315.01,184,156.0,28.0,0,28.99,28.99,1.0,500,1.0,98
spliced,gdna=5_ss=0.9_nrna=30,t1,221,203.88,17.12,0.08,221,205.88,129,107.0,22.0,150,187.12,37.12,2.0,500,1.0,80
spliced,gdna=5_ss=0.9_nrna=30,t_ctrl,0,2.0,2.0,0.0,221,205.88,129,107.0,22.0,150,187.12,37.12,2.0,500,1.0,80
spliced,gdna=5_ss=0.9_nrna=50,t1,185,157.6,27.4,0.15,185,157.6,107,93.0,14.0,208,249.4,41.4,0.0,500,1.0,71
spliced,gdna=5_ss=0.9_nrna=50,t_ctrl,0,0.0,0.0,0.0,185,157.6,107,93.0,14.0,208,249.4,41.4,0.0,500,1.0,71
spliced,gdna=5_ss=0.95_nrna=0,t1,316,314.16,1.84,0.01,316,315.16,184,157.0,27.0,0,27.84,27.84,1.0,500,1.0,98
spliced,gdna=5_ss=0.95_nrna=0,t_ctrl,0,1.0,1.0,0.0,316,315.16,184,157.0,27.0,0,27.84,27.84,1.0,500,1.0,98
spliced,gdna=5_ss=0.95_nrna=30,t1,221,202.8,18.2,0.08,221,204.8,129,107.0,22.0,150,188.2,38.2,2.0,500,1.0,80
spliced,gdna=5_ss=0.95_nrna=30,t_ctrl,0,2.0,2.0,0.0,221,204.8,129,107.0,22.0,150,188.2,38.2,2.0,500,1.0,80
spliced,gdna=5_ss=0.95_nrna=50,t1,185,157.43,27.57,0.15,185,157.43,107,93.0,14.0,208,249.57,41.57,0.0,500,1.0,71
spliced,gdna=5_ss=0.95_nrna=50,t_ctrl,0,0.0,0.0,0.0,185,157.43,107,93.0,14.0,208,249.57,41.57,0.0,500,1.0,71
spliced,gdna=5_ss=1.0_nrna=0,t1,316,317.67,1.67,0.01,316,317.67,184,182.0,2.0,0,0.33,0.33,0.0,500,1.0,115
spliced,gdna=5_ss=1.0_nrna=0,t_ctrl,0,0.0,0.0,0.0,316,317.67,184,182.0,2.0,0,0.33,0.33,0.0,500,1.0,115
spliced,gdna=5_ss=1.0_nrna=30,t1,221,195.68,25.32,0.11,221,195.68,129,115.0,14.0,150,189.32,39.32,0.0,500,1.0,82
spliced,gdna=5_ss=1.0_nrna=30,t_ctrl,0,0.0,0.0,0.0,221,195.68,129,115.0,14.0,150,189.32,39.32,0.0,500,1.0,82
spliced,gdna=5_ss=1.0_nrna=50,t1,185,171.19,13.81,0.07,185,171.19,107,98.0,9.0,208,230.81,22.81,0.0,500,1.0,65
spliced,gdna=5_ss=1.0_nrna=50,t_ctrl,0,0.0,0.0,0.0,185,171.19,107,98.0,9.0,208,230.81,22.81,0.0,500,1.0,65
spliced,gdna=20_ss=0.65_nrna=0,t1,151,158.68,7.68,0.05,151,170.68,349,329.0,20.0,0,0.32,0.32,12.0,500,1.0,199
spliced,gdna=20_ss=0.65_nrna=0,t_ctrl,0,12.0,12.0,0.0,151,170.68,349,329.0,20.0,0,0.32,0.32,12.0,500,1.0,199
spliced,gdna=20_ss=0.65_nrna=30,t1,126,144.11,18.11,0.14,126,144.11,290,233.0,57.0,84,122.89,38.89,0.0,500,1.0,169
spliced,gdna=20_ss=0.65_nrna=30,t_ctrl,0,0.0,0.0,0.0,126,144.11,290,233.0,57.0,84,122.89,38.89,0.0,500,1.0,169
spliced,gdna=20_ss=0.65_nrna=50,t1,113,119.89,6.89,0.06,113,119.89,261,213.0,48.0,126,167.11,41.11,0.0,500,1.0,138
spliced,gdna=20_ss=0.65_nrna=50,t_ctrl,0,0.0,0.0,0.0,113,119.89,261,213.0,48.0,126,167.11,41.11,0.0,500,1.0,138
spliced,gdna=20_ss=0.8_nrna=0,t1,151,159.69,8.69,0.06,151,170.69,349,329.0,20.0,0,0.31,0.31,11.0,500,1.0,199
spliced,gdna=20_ss=0.8_nrna=0,t_ctrl,0,11.0,11.0,0.0,151,170.69,349,329.0,20.0,0,0.31,0.31,11.0,500,1.0,199
spliced,gdna=20_ss=0.8_nrna=30,t1,126,135.55,9.55,0.08,126,135.55,290,273.0,17.0,84,91.45,7.45,0.0,500,1.0,169
spliced,gdna=20_ss=0.8_nrna=30,t_ctrl,0,0.0,0.0,0.0,126,135.55,290,273.0,17.0,84,91.45,7.45,0.0,500,1.0,169
spliced,gdna=20_ss=0.8_nrna=50,t1,113,118.01,5.01,0.04,113,118.01,261,214.0,47.0,126,167.99,41.99,0.0,500,1.0,138
spliced,gdna=20_ss=0.8_nrna=50,t_ctrl,0,0.0,0.0,0.0,113,118.01,261,214.0,47.0,126,167.99,41.99,0.0,500,1.0,138
spliced,gdna=20_ss=0.9_nrna=0,t1,151,145.76,5.24,0.03,151,156.76,349,343.0,6.0,0,0.24,0.24,11.0,500,1.0,199
spliced,gdna=20_ss=0.9_nrna=0,t_ctrl,0,11.0,11.0,0.0,151,156.76,349,343.0,6.0,0,0.24,0.24,11.0,500,1.0,199
spliced,gdna=20_ss=0.9_nrna=30,t1,126,131.47,5.47,0.04,126,131.47,290,266.0,24.0,84,102.53,18.53,0.0,500,1.0,169
spliced,gdna=20_ss=0.9_nrna=30,t_ctrl,0,0.0,0.0,0.0,126,131.47,290,266.0,24.0,84,102.53,18.53,0.0,500,1.0,169
spliced,gdna=20_ss=0.9_nrna=50,t1,113,91.0,22.0,0.19,113,91.0,261,212.0,49.0,126,197.0,71.0,0.0,500,1.0,138
spliced,gdna=20_ss=0.9_nrna=50,t_ctrl,0,0.0,0.0,0.0,113,91.0,261,212.0,49.0,126,197.0,71.0,0.0,500,1.0,138
spliced,gdna=20_ss=0.95_nrna=0,t1,151,152.72,1.72,0.01,151,162.72,349,337.0,12.0,0,0.28,0.28,10.0,500,1.0,199
spliced,gdna=20_ss=0.95_nrna=0,t_ctrl,0,10.0,10.0,0.0,151,162.72,349,337.0,12.0,0,0.28,0.28,10.0,500,1.0,199
spliced,gdna=20_ss=0.95_nrna=30,t1,126,130.58,4.58,0.04,126,130.58,290,270.0,20.0,84,99.42,15.42,0.0,500,1.0,169
spliced,gdna=20_ss=0.95_nrna=30,t_ctrl,0,0.0,0.0,0.0,126,130.58,290,270.0,20.0,84,99.42,15.42,0.0,500,1.0,169
spliced,gdna=20_ss=0.95_nrna=50,t1,113,96.07,16.93,0.15,113,96.07,261,249.0,12.0,126,154.93,28.93,0.0,500,1.0,138
spliced,gdna=20_ss=0.95_nrna=50,t_ctrl,0,0.0,0.0,0.0,113,96.07,261,249.0,12.0,126,154.93,28.93,0.0,500,1.0,138
spliced,gdna=20_ss=1.0_nrna=0,t1,151,145.23,5.77,0.04,151,153.23,349,341.0,8.0,0,5.77,5.77,8.0,500,1.0,214
spliced,gdna=20_ss=1.0_nrna=0,t_ctrl,0,8.0,8.0,0.0,151,153.23,349,341.0,8.0,0,5.77,5.77,8.0,500,1.0,214
spliced,gdna=20_ss=1.0_nrna=30,t1,126,113.54,12.46,0.1,126,114.54,290,254.0,36.0,84,131.46,47.46,1.0,500,1.0,166
spliced,gdna=20_ss=1.0_nrna=30,t_ctrl,0,1.0,1.0,0.0,126,114.54,290,254.0,36.0,84,131.46,47.46,1.0,500,1.0,166
spliced,gdna=20_ss=1.0_nrna=50,t1,113,105.12,7.88,0.07,113,106.12,261,231.0,30.0,126,162.88,36.88,1.0,500,1.0,159
spliced,gdna=20_ss=1.0_nrna=50,t_ctrl,0,1.0,1.0,0.0,113,106.12,261,231.0,30.0,126,162.88,36.88,1.0,500,1.0,159
spliced,gdna=50_ss=0.65_nrna=0,t1,74,71.54,2.46,0.03,74,93.54,426,400.0,26.0,0,6.46,6.46,22.0,500,1.0,256
spliced,gdna=50_ss=0.65_nrna=0,t_ctrl,0,22.0,22.0,0.0,74,93.54,426,400.0,26.0,0,6.46,6.46,22.0,500,1.0,256
spliced,gdna=50_ss=0.65_nrna=30,t1,67,67.3,0.3,0.0,67,76.3,388,347.0,41.0,45,76.7,31.7,9.0,500,1.0,237
spliced,gdna=50_ss=0.65_nrna=30,t_ctrl,0,9.0,9.0,0.0,67,76.3,388,347.0,41.0,45,76.7,31.7,9.0,500,1.0,237
spliced,gdna=50_ss=0.65_nrna=50,t1,63,56.91,6.09,0.1,63,67.91,366,278.0,88.0,71,154.09,83.09,11.0,500,1.0,215
spliced,gdna=50_ss=0.65_nrna=50,t_ctrl,0,11.0,11.0,0.0,63,67.91,366,278.0,88.0,71,154.09,83.09,11.0,500,1.0,215
spliced,gdna=50_ss=0.8_nrna=0,t1,74,61.42,12.58,0.17,74,78.42,426,348.0,78.0,0,73.58,73.58,17.0,500,1.0,256
spliced,gdna=50_ss=0.8_nrna=0,t_ctrl,0,17.0,17.0,0.0,74,78.42,426,348.0,78.0,0,73.58,73.58,17.0,500,1.0,256
spliced,gdna=50_ss=0.8_nrna=30,t1,67,61.85,5.15,0.08,67,70.85,388,352.0,36.0,45,77.15,32.15,9.0,500,1.0,237
spliced,gdna=50_ss=0.8_nrna=30,t_ctrl,0,9.0,9.0,0.0,67,70.85,388,352.0,36.0,45,77.15,32.15,9.0,500,1.0,237
spliced,gdna=50_ss=0.8_nrna=50,t1,63,57.38,5.62,0.09,63,66.38,366,345.0,21.0,71,88.62,17.62,9.0,500,1.0,215
spliced,gdna=50_ss=0.8_nrna=50,t_ctrl,0,9.0,9.0,0.0,63,66.38,366,345.0,21.0,71,88.62,17.62,9.0,500,1.0,215
spliced,gdna=50_ss=0.9_nrna=0,t1,74,67.69,6.31,0.09,74,84.69,426,410.0,16.0,0,5.31,5.31,17.0,500,1.0,256
spliced,gdna=50_ss=0.9_nrna=0,t_ctrl,0,17.0,17.0,0.0,74,84.69,426,410.0,16.0,0,5.31,5.31,17.0,500,1.0,256
spliced,gdna=50_ss=0.9_nrna=30,t1,67,67.56,0.56,0.01,67,75.56,388,345.0,43.0,45,79.44,34.44,8.0,500,1.0,237
spliced,gdna=50_ss=0.9_nrna=30,t_ctrl,0,8.0,8.0,0.0,67,75.56,388,345.0,43.0,45,79.44,34.44,8.0,500,1.0,237
spliced,gdna=50_ss=0.9_nrna=50,t1,63,58.68,4.32,0.07,63,67.68,366,331.0,35.0,71,101.32,30.32,9.0,500,1.0,215
spliced,gdna=50_ss=0.9_nrna=50,t_ctrl,0,9.0,9.0,0.0,63,67.68,366,331.0,35.0,71,101.32,30.32,9.0,500,1.0,215
spliced,gdna=50_ss=0.95_nrna=0,t1,74,69.99,4.01,0.05,74,84.99,426,410.0,16.0,0,5.01,5.01,15.0,500,1.0,256
spliced,gdna=50_ss=0.95_nrna=0,t_ctrl,0,15.0,15.0,0.0,74,84.99,426,410.0,16.0,0,5.01,5.01,15.0,500,1.0,256
spliced,gdna=50_ss=0.95_nrna=30,t1,67,64.79,2.21,0.03,67,72.79,388,340.0,48.0,45,87.21,42.21,8.0,500,1.0,237
spliced,gdna=50_ss=0.95_nrna=30,t_ctrl,0,8.0,8.0,0.0,67,72.79,388,340.0,48.0,45,87.21,42.21,8.0,500,1.0,237
spliced,gdna=50_ss=0.95_nrna=50,t1,63,62.8,0.2,0.0,63,70.8,366,326.0,40.0,71,103.2,32.2,8.0,500,1.0,215
spliced,gdna=50_ss=0.95_nrna=50,t_ctrl,0,8.0,8.0,0.0,63,70.8,366,326.0,40.0,71,103.2,32.2,8.0,500,1.0,215
spliced,gdna=50_ss=1.0_nrna=0,t1,74,76.59,2.59,0.04,74,90.59,426,409.0,17.0,0,0.41,0.41,14.0,500,1.0,244
spliced,gdna=50_ss=1.0_nrna=0,t_ctrl,0,14.0,14.0,0.0,74,90.59,426,409.0,17.0,0,0.41,0.41,14.0,500,1.0,244
spliced,gdna=50_ss=1.0_nrna=30,t1,67,59.7,7.3,0.11,67,71.7,388,344.0,44.0,45,84.3,39.3,12.0,500,1.0,234
spliced,gdna=50_ss=1.0_nrna=30,t_ctrl,0,12.0,12.0,0.0,67,71.7,388,344.0,44.0,45,84.3,39.3,12.0,500,1.0,234
spliced,gdna=50_ss=1.0_nrna=50,t1,63,65.97,2.97,0.05,63,79.97,366,314.0,52.0,71,106.03,35.03,14.0,500,1.0,213
spliced,gdna=50_ss=1.0_nrna=50,t_ctrl,0,14.0,14.0,0.0,63,79.97,366,314.0,52.0,71,106.03,35.03,14.0,500,1.0,213
spliced,gdna=100_ss=0.65_nrna=0,t1,40,31.72,8.28,0.21,40,47.72,460,445.0,15.0,0,7.28,7.28,16.0,500,1.0,266
spliced,gdna=100_ss=0.65_nrna=0,t_ctrl,0,16.0,16.0,0.0,40,47.72,460,445.0,15.0,0,7.28,7.28,16.0,500,1.0,266
spliced,gdna=100_ss=0.65_nrna=30,t1,38,37.18,0.82,0.02,38,63.18,437,340.0,97.0,25,96.82,71.82,26.0,500,1.0,276
spliced,gdna=100_ss=0.65_nrna=30,t_ctrl,0,26.0,26.0,0.0,38,63.18,437,340.0,97.0,25,96.82,71.82,26.0,500,1.0,276
spliced,gdna=100_ss=0.65_nrna=50,t1,36,38.31,2.31,0.06,36,57.31,423,432.0,9.0,41,10.69,30.31,19.0,500,1.0,247
spliced,gdna=100_ss=0.65_nrna=50,t_ctrl,0,19.0,19.0,0.0,36,57.31,423,432.0,9.0,41,10.69,30.31,19.0,500,1.0,247
spliced,gdna=100_ss=0.8_nrna=0,t1,40,35.47,4.53,0.11,40,49.47,460,447.0,13.0,0,3.53,3.53,14.0,500,1.0,266
spliced,gdna=100_ss=0.8_nrna=0,t_ctrl,0,14.0,14.0,0.0,40,49.47,460,447.0,13.0,0,3.53,3.53,14.0,500,1.0,266
spliced,gdna=100_ss=0.8_nrna=30,t1,38,27.82,10.18,0.27,38,42.82,437,350.0,87.0,25,107.18,82.18,15.0,500,1.0,276
spliced,gdna=100_ss=0.8_nrna=30,t_ctrl,0,15.0,15.0,0.0,38,42.82,437,350.0,87.0,25,107.18,82.18,15.0,500,1.0,276
spliced,gdna=100_ss=0.8_nrna=50,t1,36,33.2,2.8,0.08,36,49.2,423,439.0,16.0,41,11.8,29.2,16.0,500,1.0,247
spliced,gdna=100_ss=0.8_nrna=50,t_ctrl,0,16.0,16.0,0.0,36,49.2,423,439.0,16.0,41,11.8,29.2,16.0,500,1.0,247
spliced,gdna=100_ss=0.9_nrna=0,t1,40,35.47,4.53,0.11,40,49.47,460,447.0,13.0,0,3.53,3.53,14.0,500,1.0,266
spliced,gdna=100_ss=0.9_nrna=0,t_ctrl,0,14.0,14.0,0.0,40,49.47,460,447.0,13.0,0,3.53,3.53,14.0,500,1.0,266
spliced,gdna=100_ss=0.9_nrna=30,t1,38,29.82,8.18,0.22,38,43.82,437,386.0,51.0,25,70.18,45.18,14.0,500,1.0,276
spliced,gdna=100_ss=0.9_nrna=30,t_ctrl,0,14.0,14.0,0.0,38,43.82,437,386.0,51.0,25,70.18,45.18,14.0,500,1.0,276
spliced,gdna=100_ss=0.9_nrna=50,t1,36,33.7,2.3,0.06,36,49.7,423,375.0,48.0,41,75.3,34.3,16.0,500,1.0,247
spliced,gdna=100_ss=0.9_nrna=50,t_ctrl,0,16.0,16.0,0.0,36,49.7,423,375.0,48.0,41,75.3,34.3,16.0,500,1.0,247
spliced,gdna=100_ss=0.95_nrna=0,t1,40,37.49,2.51,0.06,40,50.49,460,446.0,14.0,0,3.51,3.51,13.0,500,1.0,266
spliced,gdna=100_ss=0.95_nrna=0,t_ctrl,0,13.0,13.0,0.0,40,50.49,460,446.0,14.0,0,3.51,3.51,13.0,500,1.0,266
spliced,gdna=100_ss=0.95_nrna=30,t1,38,31.45,6.55,0.17,38,45.45,437,384.0,53.0,25,70.55,45.55,14.0,500,1.0,276
spliced,gdna=100_ss=0.95_nrna=30,t_ctrl,0,14.0,14.0,0.0,38,45.45,437,384.0,53.0,25,70.55,45.55,14.0,500,1.0,276
spliced,gdna=100_ss=0.95_nrna=50,t1,36,34.64,1.36,0.04,36,50.64,423,371.0,52.0,41,78.36,37.36,16.0,500,1.0,247
spliced,gdna=100_ss=0.95_nrna=50,t_ctrl,0,16.0,16.0,0.0,36,50.64,423,371.0,52.0,41,78.36,37.36,16.0,500,1.0,247
spliced,gdna=100_ss=1.0_nrna=0,t1,40,36.3,3.7,0.09,40,47.3,460,443.0,17.0,0,9.7,9.7,11.0,500,1.0,278
spliced,gdna=100_ss=1.0_nrna=0,t_ctrl,0,11.0,11.0,0.0,40,47.3,460,443.0,17.0,0,9.7,9.7,11.0,500,1.0,278
spliced,gdna=100_ss=1.0_nrna=30,t1,38,42.76,4.76,0.13,38,49.76,437,440.0,3.0,25,10.24,14.76,7.0,500,1.0,270
spliced,gdna=100_ss=1.0_nrna=30,t_ctrl,0,7.0,7.0,0.0,38,49.76,437,440.0,3.0,25,10.24,14.76,7.0,500,1.0,270
spliced,gdna=100_ss=1.0_nrna=50,t1,36,26.47,9.53,0.26,36,34.47,423,368.0,55.0,41,97.53,56.53,8.0,500,1.0,233
spliced,gdna=100_ss=1.0_nrna=50,t_ctrl,0,8.0,8.0,0.0,36,34.47,423,368.0,55.0,41,97.53,56.53,8.0,500,1.0,233
nonoverlap,gdna=0_ss=0.65_nrna=0,t1,336,335.83,0.17,0.0,500,335.83,0,164.0,164.0,0,0.17,0.17,0.0,500,1.0,0
nonoverlap,gdna=0_ss=0.65_nrna=0,t2,164,0.0,164.0,1.0,500,335.83,0,164.0,164.0,0,0.17,0.17,0.0,500,1.0,0
nonoverlap,gdna=0_ss=0.65_nrna=0,t_ctrl,0,0.0,0.0,0.0,500,335.83,0,164.0,164.0,0,0.17,0.17,0.0,500,1.0,0
nonoverlap,gdna=0_ss=0.65_nrna=30,t1,210,193.42,16.58,0.08,323,343.42,0,0.0,0.0,177,156.58,20.42,0.0,500,1.0,0
nonoverlap,gdna=0_ss=0.65_nrna=30,t2,113,150.0,37.0,0.33,323,343.42,0,0.0,0.0,177,156.58,20.42,0.0,500,1.0,0
nonoverlap,gdna=0_ss=0.65_nrna=30,t_ctrl,0,0.0,0.0,0.0,323,343.42,0,0.0,0.0,177,156.58,20.42,0.0,500,1.0,0
nonoverlap,gdna=0_ss=0.8_nrna=0,t1,336,335.83,0.17,0.0,500,335.83,0,164.0,164.0,0,0.17,0.17,0.0,500,1.0,0
nonoverlap,gdna=0_ss=0.8_nrna=0,t2,164,0.0,164.0,1.0,500,335.83,0,164.0,164.0,0,0.17,0.17,0.0,500,1.0,0
nonoverlap,gdna=0_ss=0.8_nrna=0,t_ctrl,0,0.0,0.0,0.0,500,335.83,0,164.0,164.0,0,0.17,0.17,0.0,500,1.0,0
nonoverlap,gdna=0_ss=0.8_nrna=30,t1,210,182.11,27.89,0.13,323,332.11,0,0.0,0.0,177,167.89,9.11,0.0,500,1.0,0
nonoverlap,gdna=0_ss=0.8_nrna=30,t2,113,150.0,37.0,0.33,323,332.11,0,0.0,0.0,177,167.89,9.11,0.0,500,1.0,0
nonoverlap,gdna=0_ss=0.8_nrna=30,t_ctrl,0,0.0,0.0,0.0,323,332.11,0,0.0,0.0,177,167.89,9.11,0.0,500,1.0,0
nonoverlap,gdna=0_ss=0.9_nrna=0,t1,336,335.83,0.17,0.0,500,477.83,0,22.0,22.0,0,0.17,0.17,0.0,500,1.0,0
nonoverlap,gdna=0_ss=0.9_nrna=0,t2,164,142.0,22.0,0.13,500,477.83,0,22.0,22.0,0,0.17,0.17,0.0,500,1.0,0
nonoverlap,gdna=0_ss=0.9_nrna=0,t_ctrl,0,0.0,0.0,0.0,500,477.83,0,22.0,22.0,0,0.17,0.17,0.0,500,1.0,0
nonoverlap,gdna=0_ss=0.9_nrna=30,t1,210,188.05,21.95,0.1,323,338.05,0,0.0,0.0,177,161.95,15.05,0.0,500,1.0,0
nonoverlap,gdna=0_ss=0.9_nrna=30,t2,113,150.0,37.0,0.33,323,338.05,0,0.0,0.0,177,161.95,15.05,0.0,500,1.0,0
nonoverlap,gdna=0_ss=0.9_nrna=30,t_ctrl,0,0.0,0.0,0.0,323,338.05,0,0.0,0.0,177,161.95,15.05,0.0,500,1.0,0
nonoverlap,gdna=0_ss=0.95_nrna=0,t1,336,335.84,0.16,0.0,500,485.84,0,14.0,14.0,0,0.16,0.16,0.0,500,1.0,0
nonoverlap,gdna=0_ss=0.95_nrna=0,t2,164,150.0,14.0,0.09,500,485.84,0,14.0,14.0,0,0.16,0.16,0.0,500,1.0,0
nonoverlap,gdna=0_ss=0.95_nrna=0,t_ctrl,0,0.0,0.0,0.0,500,485.84,0,14.0,14.0,0,0.16,0.16,0.0,500,1.0,0
nonoverlap,gdna=0_ss=0.95_nrna=30,t1,210,183.64,26.36,0.13,323,333.64,0,0.0,0.0,177,166.36,10.64,0.0,500,1.0,0
nonoverlap,gdna=0_ss=0.95_nrna=30,t2,113,150.0,37.0,0.33,323,333.64,0,0.0,0.0,177,166.36,10.64,0.0,500,1.0,0
nonoverlap,gdna=0_ss=0.95_nrna=30,t_ctrl,0,0.0,0.0,0.0,323,333.64,0,0.0,0.0,177,166.36,10.64,0.0,500,1.0,0
nonoverlap,gdna=0_ss=1.0_nrna=0,t1,336,335.82,0.18,0.0,500,499.82,0,0.0,0.0,0,0.18,0.18,0.0,500,1.0,0
nonoverlap,gdna=0_ss=1.0_nrna=0,t2,164,164.0,0.0,0.0,500,499.82,0,0.0,0.0,0,0.18,0.18,0.0,500,1.0,0
nonoverlap,gdna=0_ss=1.0_nrna=0,t_ctrl,0,0.0,0.0,0.0,500,499.82,0,0.0,0.0,0,0.18,0.18,0.0,500,1.0,0
nonoverlap,gdna=0_ss=1.0_nrna=30,t1,213,187.31,25.69,0.12,323,332.31,0,0.0,0.0,177,167.69,9.31,0.0,500,1.0,0
nonoverlap,gdna=0_ss=1.0_nrna=30,t2,110,145.0,35.0,0.32,323,332.31,0,0.0,0.0,177,167.69,9.31,0.0,500,1.0,0
nonoverlap,gdna=0_ss=1.0_nrna=30,t_ctrl,0,0.0,0.0,0.0,323,332.31,0,0.0,0.0,177,167.69,9.31,0.0,500,1.0,0
nonoverlap,gdna=5_ss=0.65_nrna=0,t1,193,195.79,2.79,0.01,278,283.79,222,216.0,6.0,0,0.21,0.21,0.0,500,1.0,164
nonoverlap,gdna=5_ss=0.65_nrna=0,t2,85,88.0,3.0,0.04,278,283.79,222,216.0,6.0,0,0.21,0.21,0.0,500,1.0,164
nonoverlap,gdna=5_ss=0.65_nrna=0,t_ctrl,0,0.0,0.0,0.0,278,283.79,222,216.0,6.0,0,0.21,0.21,0.0,500,1.0,164
nonoverlap,gdna=5_ss=0.65_nrna=30,t1,130,115.14,14.86,0.11,213,225.14,170,182.0,12.0,117,92.86,24.14,0.0,500,1.0,107
nonoverlap,gdna=5_ss=0.65_nrna=30,t2,83,110.0,27.0,0.33,213,225.14,170,182.0,12.0,117,92.86,24.14,0.0,500,1.0,107
nonoverlap,gdna=5_ss=0.65_nrna=30,t_ctrl,0,0.0,0.0,0.0,213,225.14,170,182.0,12.0,117,92.86,24.14,0.0,500,1.0,107
nonoverlap,gdna=5_ss=0.8_nrna=0,t1,193,195.75,2.75,0.01,278,284.75,222,215.0,7.0,0,0.25,0.25,0.0,500,1.0,164
nonoverlap,gdna=5_ss=0.8_nrna=0,t2,85,89.0,4.0,0.05,278,284.75,222,215.0,7.0,0,0.25,0.25,0.0,500,1.0,164
nonoverlap,gdna=5_ss=0.8_nrna=0,t_ctrl,0,0.0,0.0,0.0,278,284.75,222,215.0,7.0,0,0.25,0.25,0.0,500,1.0,164
nonoverlap,gdna=5_ss=0.8_nrna=30,t1,130,114.79,15.21,0.12,213,224.79,170,177.0,7.0,117,98.21,18.79,0.0,500,1.0,107
nonoverlap,gdna=5_ss=0.8_nrna=30,t2,83,110.0,27.0,0.33,213,224.79,170,177.0,7.0,117,98.21,18.79,0.0,500,1.0,107
nonoverlap,gdna=5_ss=0.8_nrna=30,t_ctrl,0,0.0,0.0,0.0,213,224.79,170,177.0,7.0,117,98.21,18.79,0.0,500,1.0,107
nonoverlap,gdna=5_ss=0.9_nrna=0,t1,193,196.44,3.44,0.02,278,285.44,222,214.0,8.0,0,0.56,0.56,0.0,500,1.0,164
nonoverlap,gdna=5_ss=0.9_nrna=0,t2,85,89.0,4.0,0.05,278,285.44,222,214.0,8.0,0,0.56,0.56,0.0,500,1.0,164
nonoverlap,gdna=5_ss=0.9_nrna=0,t_ctrl,0,0.0,0.0,0.0,278,285.44,222,214.0,8.0,0,0.56,0.56,0.0,500,1.0,164
nonoverlap,gdna=5_ss=0.9_nrna=30,t1,130,104.25,25.75,0.2,213,214.25,170,150.0,20.0,117,135.75,18.75,0.0,500,1.0,107
nonoverlap,gdna=5_ss=0.9_nrna=30,t2,83,110.0,27.0,0.33,213,214.25,170,150.0,20.0,117,135.75,18.75,0.0,500,1.0,107
nonoverlap,gdna=5_ss=0.9_nrna=30,t_ctrl,0,0.0,0.0,0.0,213,214.25,170,150.0,20.0,117,135.75,18.75,0.0,500,1.0,107
nonoverlap,gdna=5_ss=0.95_nrna=0,t1,193,196.67,3.67,0.02,278,283.67,222,216.0,6.0,0,0.33,0.33,0.0,500,1.0,164
nonoverlap,gdna=5_ss=0.95_nrna=0,t2,85,87.0,2.0,0.02,278,283.67,222,216.0,6.0,0,0.33,0.33,0.0,500,1.0,164
nonoverlap,gdna=5_ss=0.95_nrna=0,t_ctrl,0,0.0,0.0,0.0,278,283.67,222,216.0,6.0,0,0.33,0.33,0.0,500,1.0,164
nonoverlap,gdna=5_ss=0.95_nrna=30,t1,130,107.16,22.84,0.18,213,217.16,170,162.0,8.0,117,120.84,3.84,0.0,500,1.0,107
nonoverlap,gdna=5_ss=0.95_nrna=30,t2,83,110.0,27.0,0.33,213,217.16,170,162.0,8.0,117,120.84,3.84,0.0,500,1.0,107
nonoverlap,gdna=5_ss=0.95_nrna=30,t_ctrl,0,0.0,0.0,0.0,213,217.16,170,162.0,8.0,117,120.84,3.84,0.0,500,1.0,107
nonoverlap,gdna=5_ss=1.0_nrna=0,t1,187,186.18,0.82,0.0,278,279.18,222,219.0,3.0,0,1.82,1.82,0.0,500,1.0,150
nonoverlap,gdna=5_ss=1.0_nrna=0,t2,91,93.0,2.0,0.02,278,279.18,222,219.0,3.0,0,1.82,1.82,0.0,500,1.0,150
nonoverlap,gdna=5_ss=1.0_nrna=0,t_ctrl,0,0.0,0.0,0.0,278,279.18,222,219.0,3.0,0,1.82,1.82,0.0,500,1.0,150
nonoverlap,gdna=5_ss=1.0_nrna=30,t1,132,120.62,11.38,0.09,213,227.62,170,162.0,8.0,117,110.38,6.62,0.0,500,1.0,122
nonoverlap,gdna=5_ss=1.0_nrna=30,t2,81,107.0,26.0,0.32,213,227.62,170,162.0,8.0,117,110.38,6.62,0.0,500,1.0,122
nonoverlap,gdna=5_ss=1.0_nrna=30,t_ctrl,0,0.0,0.0,0.0,213,227.62,170,162.0,8.0,117,110.38,6.62,0.0,500,1.0,122
nonoverlap,gdna=20_ss=0.65_nrna=0,t1,78,77.8,0.2,0.0,119,135.8,381,358.0,23.0,0,6.2,6.2,11.0,500,1.0,261
nonoverlap,gdna=20_ss=0.65_nrna=0,t2,41,47.0,6.0,0.15,119,135.8,381,358.0,23.0,0,6.2,6.2,11.0,500,1.0,261
nonoverlap,gdna=20_ss=0.65_nrna=0,t_ctrl,0,11.0,11.0,0.0,119,135.8,381,358.0,23.0,0,6.2,6.2,11.0,500,1.0,261
nonoverlap,gdna=20_ss=0.65_nrna=30,t1,67,73.74,6.74,0.1,105,129.74,337,296.0,41.0,58,74.26,16.26,3.0,500,1.0,236
nonoverlap,gdna=20_ss=0.65_nrna=30,t2,38,53.0,15.0,0.39,105,129.74,337,296.0,41.0,58,74.26,16.26,3.0,500,1.0,236
nonoverlap,gdna=20_ss=0.65_nrna=30,t_ctrl,0,3.0,3.0,0.0,105,129.74,337,296.0,41.0,58,74.26,16.26,3.0,500,1.0,236
nonoverlap,gdna=20_ss=0.8_nrna=0,t1,78,79.58,1.58,0.02,119,137.58,381,362.0,19.0,0,0.42,0.42,11.0,500,1.0,261
nonoverlap,gdna=20_ss=0.8_nrna=0,t2,41,47.0,6.0,0.15,119,137.58,381,362.0,19.0,0,0.42,0.42,11.0,500,1.0,261
nonoverlap,gdna=20_ss=0.8_nrna=0,t_ctrl,0,11.0,11.0,0.0,119,137.58,381,362.0,19.0,0,0.42,0.42,11.0,500,1.0,261
nonoverlap,gdna=20_ss=0.8_nrna=30,t1,67,64.32,2.68,0.04,105,119.32,337,297.0,40.0,58,83.68,25.68,2.0,500,1.0,236
nonoverlap,gdna=20_ss=0.8_nrna=30,t2,38,53.0,15.0,0.39,105,119.32,337,297.0,40.0,58,83.68,25.68,2.0,500,1.0,236
nonoverlap,gdna=20_ss=0.8_nrna=30,t_ctrl,0,2.0,2.0,0.0,105,119.32,337,297.0,40.0,58,83.68,25.68,2.0,500,1.0,236
nonoverlap,gdna=20_ss=0.9_nrna=0,t1,78,78.69,0.69,0.01,119,136.69,381,363.0,18.0,0,0.31,0.31,11.0,500,1.0,261
nonoverlap,gdna=20_ss=0.9_nrna=0,t2,41,47.0,6.0,0.15,119,136.69,381,363.0,18.0,0,0.31,0.31,11.0,500,1.0,261
nonoverlap,gdna=20_ss=0.9_nrna=0,t_ctrl,0,11.0,11.0,0.0,119,136.69,381,363.0,18.0,0,0.31,0.31,11.0,500,1.0,261
nonoverlap,gdna=20_ss=0.9_nrna=30,t1,67,61.4,5.6,0.08,105,116.4,337,297.0,40.0,58,86.6,28.6,2.0,500,1.0,236
nonoverlap,gdna=20_ss=0.9_nrna=30,t2,38,53.0,15.0,0.39,105,116.4,337,297.0,40.0,58,86.6,28.6,2.0,500,1.0,236
nonoverlap,gdna=20_ss=0.9_nrna=30,t_ctrl,0,2.0,2.0,0.0,105,116.4,337,297.0,40.0,58,86.6,28.6,2.0,500,1.0,236
nonoverlap,gdna=20_ss=0.95_nrna=0,t1,78,76.73,1.27,0.02,119,133.73,381,366.0,15.0,0,0.27,0.27,10.0,500,1.0,261
nonoverlap,gdna=20_ss=0.95_nrna=0,t2,41,47.0,6.0,0.15,119,133.73,381,366.0,15.0,0,0.27,0.27,10.0,500,1.0,261
nonoverlap,gdna=20_ss=0.95_nrna=0,t_ctrl,0,10.0,10.0,0.0,119,133.73,381,366.0,15.0,0,0.27,0.27,10.0,500,1.0,261
nonoverlap,gdna=20_ss=0.95_nrna=30,t1,67,63.69,3.31,0.05,105,117.69,337,316.0,21.0,58,66.31,8.31,2.0,500,1.0,236
nonoverlap,gdna=20_ss=0.95_nrna=30,t2,38,52.0,14.0,0.37,105,117.69,337,316.0,21.0,58,66.31,8.31,2.0,500,1.0,236
nonoverlap,gdna=20_ss=0.95_nrna=30,t_ctrl,0,2.0,2.0,0.0,105,117.69,337,316.0,21.0,58,66.31,8.31,2.0,500,1.0,236
nonoverlap,gdna=20_ss=1.0_nrna=0,t1,84,86.79,2.79,0.03,119,123.79,381,376.0,5.0,0,0.21,0.21,1.0,500,1.0,268
nonoverlap,gdna=20_ss=1.0_nrna=0,t2,35,36.0,1.0,0.03,119,123.79,381,376.0,5.0,0,0.21,0.21,1.0,500,1.0,268
nonoverlap,gdna=20_ss=1.0_nrna=0,t_ctrl,0,1.0,1.0,0.0,119,123.79,381,376.0,5.0,0,0.21,0.21,1.0,500,1.0,268
nonoverlap,gdna=20_ss=1.0_nrna=30,t1,70,68.45,1.55,0.02,105,118.45,337,318.0,19.0,58,63.55,5.55,6.0,500,1.0,235
nonoverlap,gdna=20_ss=1.0_nrna=30,t2,35,44.0,9.0,0.26,105,118.45,337,318.0,19.0,58,63.55,5.55,6.0,500,1.0,235
nonoverlap,gdna=20_ss=1.0_nrna=30,t_ctrl,0,6.0,6.0,0.0,105,118.45,337,318.0,19.0,58,63.55,5.55,6.0,500,1.0,235
nonoverlap,gdna=50_ss=0.65_nrna=0,t1,42,46.77,4.77,0.11,55,81.77,445,417.0,28.0,0,1.23,1.23,14.0,500,1.0,304
nonoverlap,gdna=50_ss=0.65_nrna=0,t2,13,21.0,8.0,0.62,55,81.77,445,417.0,28.0,0,1.23,1.23,14.0,500,1.0,304
nonoverlap,gdna=50_ss=0.65_nrna=0,t_ctrl,0,14.0,14.0,0.0,55,81.77,445,417.0,28.0,0,1.23,1.23,14.0,500,1.0,304
nonoverlap,gdna=50_ss=0.65_nrna=30,t1,35,36.47,1.47,0.04,52,80.47,419,371.0,48.0,29,48.53,19.53,8.0,500,1.0,290
nonoverlap,gdna=50_ss=0.65_nrna=30,t2,17,36.0,19.0,1.12,52,80.47,419,371.0,48.0,29,48.53,19.53,8.0,500,1.0,290
nonoverlap,gdna=50_ss=0.65_nrna=30,t_ctrl,0,8.0,8.0,0.0,52,80.47,419,371.0,48.0,29,48.53,19.53,8.0,500,1.0,290
nonoverlap,gdna=50_ss=0.8_nrna=0,t1,42,39.82,2.18,0.05,55,68.82,445,431.0,14.0,0,0.18,0.18,12.0,500,1.0,304
nonoverlap,gdna=50_ss=0.8_nrna=0,t2,13,17.0,4.0,0.31,55,68.82,445,431.0,14.0,0,0.18,0.18,12.0,500,1.0,304
nonoverlap,gdna=50_ss=0.8_nrna=0,t_ctrl,0,12.0,12.0,0.0,55,68.82,445,431.0,14.0,0,0.18,0.18,12.0,500,1.0,304
nonoverlap,gdna=50_ss=0.8_nrna=30,t1,35,36.37,1.37,0.04,52,80.37,419,371.0,48.0,29,48.63,19.63,8.0,500,1.0,290
nonoverlap,gdna=50_ss=0.8_nrna=30,t2,17,36.0,19.0,1.12,52,80.37,419,371.0,48.0,29,48.63,19.63,8.0,500,1.0,290
nonoverlap,gdna=50_ss=0.8_nrna=30,t_ctrl,0,8.0,8.0,0.0,52,80.37,419,371.0,48.0,29,48.63,19.63,8.0,500,1.0,290
nonoverlap,gdna=50_ss=0.9_nrna=0,t1,42,42.8,0.8,0.02,55,66.8,445,433.0,12.0,0,0.2,0.2,11.0,500,1.0,304
nonoverlap,gdna=50_ss=0.9_nrna=0,t2,13,13.0,0.0,0.0,55,66.8,445,433.0,12.0,0,0.2,0.2,11.0,500,1.0,304
nonoverlap,gdna=50_ss=0.9_nrna=0,t_ctrl,0,11.0,11.0,0.0,55,66.8,445,433.0,12.0,0,0.2,0.2,11.0,500,1.0,304
nonoverlap,gdna=50_ss=0.9_nrna=30,t1,35,31.59,3.41,0.1,52,72.59,419,389.0,30.0,29,38.41,9.41,7.0,500,1.0,290
nonoverlap,gdna=50_ss=0.9_nrna=30,t2,17,34.0,17.0,1.0,52,72.59,419,389.0,30.0,29,38.41,9.41,7.0,500,1.0,290
nonoverlap,gdna=50_ss=0.9_nrna=30,t_ctrl,0,7.0,7.0,0.0,52,72.59,419,389.0,30.0,29,38.41,9.41,7.0,500,1.0,290
nonoverlap,gdna=50_ss=0.95_nrna=0,t1,42,42.8,0.8,0.02,55,65.8,445,434.0,11.0,0,0.2,0.2,9.0,500,1.0,304
nonoverlap,gdna=50_ss=0.95_nrna=0,t2,13,14.0,1.0,0.08,55,65.8,445,434.0,11.0,0,0.2,0.2,9.0,500,1.0,304
nonoverlap,gdna=50_ss=0.95_nrna=0,t_ctrl,0,9.0,9.0,0.0,55,65.8,445,434.0,11.0,0,0.2,0.2,9.0,500,1.0,304
nonoverlap,gdna=50_ss=0.95_nrna=30,t1,35,32.99,2.01,0.06,52,72.99,419,390.0,29.0,29,37.01,8.01,6.0,500,1.0,290
nonoverlap,gdna=50_ss=0.95_nrna=30,t2,17,34.0,17.0,1.0,52,72.99,419,390.0,29.0,29,37.01,8.01,6.0,500,1.0,290
nonoverlap,gdna=50_ss=0.95_nrna=30,t_ctrl,0,6.0,6.0,0.0,52,72.99,419,390.0,29.0,29,37.01,8.01,6.0,500,1.0,290
nonoverlap,gdna=50_ss=1.0_nrna=0,t1,38,38.77,0.77,0.02,55,64.77,445,435.0,10.0,0,0.23,0.23,4.0,500,1.0,300
nonoverlap,gdna=50_ss=1.0_nrna=0,t2,17,22.0,5.0,0.29,55,64.77,445,435.0,10.0,0,0.23,0.23,4.0,500,1.0,300
nonoverlap,gdna=50_ss=1.0_nrna=0,t_ctrl,0,4.0,4.0,0.0,55,64.77,445,435.0,10.0,0,0.23,0.23,4.0,500,1.0,300
nonoverlap,gdna=50_ss=1.0_nrna=30,t1,41,43.31,2.31,0.06,52,63.31,419,399.0,20.0,29,37.69,8.69,4.0,500,1.0,301
nonoverlap,gdna=50_ss=1.0_nrna=30,t2,11,16.0,5.0,0.45,52,63.31,419,399.0,20.0,29,37.69,8.69,4.0,500,1.0,301
nonoverlap,gdna=50_ss=1.0_nrna=30,t_ctrl,0,4.0,4.0,0.0,52,63.31,419,399.0,20.0,29,37.69,8.69,4.0,500,1.0,301
nonoverlap,gdna=100_ss=0.65_nrna=0,t1,20,16.88,3.12,0.16,29,27.88,471,470.0,1.0,0,2.12,2.12,2.0,500,1.0,337
nonoverlap,gdna=100_ss=0.65_nrna=0,t2,9,9.0,0.0,0.0,29,27.88,471,470.0,1.0,0,2.12,2.12,2.0,500,1.0,337
nonoverlap,gdna=100_ss=0.65_nrna=0,t_ctrl,0,2.0,2.0,0.0,29,27.88,471,470.0,1.0,0,2.12,2.12,2.0,500,1.0,337
nonoverlap,gdna=100_ss=0.65_nrna=30,t1,19,16.43,2.57,0.14,28,33.43,456,463.0,7.0,16,3.57,12.43,5.0,500,1.0,327
nonoverlap,gdna=100_ss=0.65_nrna=30,t2,9,12.0,3.0,0.33,28,33.43,456,463.0,7.0,16,3.57,12.43,5.0,500,1.0,327
nonoverlap,gdna=100_ss=0.65_nrna=30,t_ctrl,0,5.0,5.0,0.0,28,33.43,456,463.0,7.0,16,3.57,12.43,5.0,500,1.0,327
nonoverlap,gdna=100_ss=0.8_nrna=0,t1,20,17.79,2.21,0.11,29,29.79,471,467.0,4.0,0,3.21,3.21,2.0,500,1.0,337
nonoverlap,gdna=100_ss=0.8_nrna=0,t2,9,10.0,1.0,0.11,29,29.79,471,467.0,4.0,0,3.21,3.21,2.0,500,1.0,337
nonoverlap,gdna=100_ss=0.8_nrna=0,t_ctrl,0,2.0,2.0,0.0,29,29.79,471,467.0,4.0,0,3.21,3.21,2.0,500,1.0,337
nonoverlap,gdna=100_ss=0.8_nrna=30,t1,19,17.04,1.96,0.1,28,36.04,456,459.0,3.0,16,4.96,11.04,5.0,500,1.0,327
nonoverlap,gdna=100_ss=0.8_nrna=30,t2,9,14.0,5.0,0.56,28,36.04,456,459.0,3.0,16,4.96,11.04,5.0,500,1.0,327
nonoverlap,gdna=100_ss=0.8_nrna=30,t_ctrl,0,5.0,5.0,0.0,28,36.04,456,459.0,3.0,16,4.96,11.04,5.0,500,1.0,327
nonoverlap,gdna=100_ss=0.9_nrna=0,t1,20,19.09,0.91,0.05,29,32.09,471,464.0,7.0,0,3.91,3.91,2.0,500,1.0,337
nonoverlap,gdna=100_ss=0.9_nrna=0,t2,9,11.0,2.0,0.22,29,32.09,471,464.0,7.0,0,3.91,3.91,2.0,500,1.0,337
nonoverlap,gdna=100_ss=0.9_nrna=0,t_ctrl,0,2.0,2.0,0.0,29,32.09,471,464.0,7.0,0,3.91,3.91,2.0,500,1.0,337
nonoverlap,gdna=100_ss=0.9_nrna=30,t1,19,16.04,2.96,0.16,28,37.04,456,434.0,22.0,16,28.96,12.96,5.0,500,1.0,327
nonoverlap,gdna=100_ss=0.9_nrna=30,t2,9,16.0,7.0,0.78,28,37.04,456,434.0,22.0,16,28.96,12.96,5.0,500,1.0,327
nonoverlap,gdna=100_ss=0.9_nrna=30,t_ctrl,0,5.0,5.0,0.0,28,37.04,456,434.0,22.0,16,28.96,12.96,5.0,500,1.0,327
nonoverlap,gdna=100_ss=0.95_nrna=0,t1,20,19.09,0.91,0.05,29,32.09,471,464.0,7.0,0,3.91,3.91,2.0,500,1.0,337
nonoverlap,gdna=100_ss=0.95_nrna=0,t2,9,11.0,2.0,0.22,29,32.09,471,464.0,7.0,0,3.91,3.91,2.0,500,1.0,337
nonoverlap,gdna=100_ss=0.95_nrna=0,t_ctrl,0,2.0,2.0,0.0,29,32.09,471,464.0,7.0,0,3.91,3.91,2.0,500,1.0,337
nonoverlap,gdna=100_ss=0.95_nrna=30,t1,19,15.21,3.79,0.2,28,36.21,456,431.0,25.0,16,32.79,16.79,5.0,500,1.0,327
nonoverlap,gdna=100_ss=0.95_nrna=30,t2,9,16.0,7.0,0.78,28,36.21,456,431.0,25.0,16,32.79,16.79,5.0,500,1.0,327
nonoverlap,gdna=100_ss=0.95_nrna=30,t_ctrl,0,5.0,5.0,0.0,28,36.21,456,431.0,25.0,16,32.79,16.79,5.0,500,1.0,327
nonoverlap,gdna=100_ss=1.0_nrna=0,t1,23,21.89,1.11,0.05,29,31.89,471,465.0,6.0,0,3.11,3.11,3.0,500,1.0,340
nonoverlap,gdna=100_ss=1.0_nrna=0,t2,6,7.0,1.0,0.17,29,31.89,471,465.0,6.0,0,3.11,3.11,3.0,500,1.0,340
nonoverlap,gdna=100_ss=1.0_nrna=0,t_ctrl,0,3.0,3.0,0.0,29,31.89,471,465.0,6.0,0,3.11,3.11,3.0,500,1.0,340
nonoverlap,gdna=100_ss=1.0_nrna=30,t1,23,19.25,3.75,0.16,28,33.25,456,460.0,4.0,16,6.75,9.25,5.0,500,1.0,320
nonoverlap,gdna=100_ss=1.0_nrna=30,t2,5,9.0,4.0,0.8,28,33.25,456,460.0,4.0,16,6.75,9.25,5.0,500,1.0,320
nonoverlap,gdna=100_ss=1.0_nrna=30,t_ctrl,0,5.0,5.0,0.0,28,33.25,456,460.0,4.0,16,6.75,9.25,5.0,500,1.0,320
iso_equal,gdna=0_ss=0.9_nrna=0,t1,668,700.47,32.47,0.05,1000,999.83,0,0.0,0.0,0,0.17,0.17,0.0,1000,1.0,0
iso_equal,gdna=0_ss=0.9_nrna=0,t2,332,299.36,32.64,0.1,1000,999.83,0,0.0,0.0,0,0.17,0.17,0.0,1000,1.0,0
iso_equal,gdna=0_ss=0.9_nrna=0,t_ctrl,0,0.0,0.0,0.0,1000,999.83,0,0.0,0.0,0,0.17,0.17,0.0,1000,1.0,0
iso_equal,gdna=0_ss=0.9_nrna=30,t1,321,303.0,18.0,0.06,491,455.54,0,0.0,0.0,509,544.46,35.46,0.0,1000,1.0,0
iso_equal,gdna=0_ss=0.9_nrna=30,t2,170,152.55,17.45,0.1,491,455.54,0,0.0,0.0,509,544.46,35.46,0.0,1000,1.0,0
iso_equal,gdna=0_ss=0.9_nrna=30,t_ctrl,0,0.0,0.0,0.0,491,455.54,0,0.0,0.0,509,544.46,35.46,0.0,1000,1.0,0
iso_equal,gdna=0_ss=1.0_nrna=0,t1,647,665.92,18.92,0.03,1000,999.82,0,0.0,0.0,0,0.18,0.18,0.0,1000,1.0,0
iso_equal,gdna=0_ss=1.0_nrna=0,t2,353,333.9,19.1,0.05,1000,999.82,0,0.0,0.0,0,0.18,0.18,0.0,1000,1.0,0
iso_equal,gdna=0_ss=1.0_nrna=0,t_ctrl,0,0.0,0.0,0.0,1000,999.82,0,0.0,0.0,0,0.18,0.18,0.0,1000,1.0,0
iso_equal,gdna=0_ss=1.0_nrna=30,t1,311,289.77,21.23,0.07,491,446.1,0,0.0,0.0,509,553.9,44.9,0.0,1000,1.0,0
iso_equal,gdna=0_ss=1.0_nrna=30,t2,180,156.33,23.67,0.13,491,446.1,0,0.0,0.0,509,553.9,44.9,0.0,1000,1.0,0
iso_equal,gdna=0_ss=1.0_nrna=30,t_ctrl,0,0.0,0.0,0.0,491,446.1,0,0.0,0.0,509,553.9,44.9,0.0,1000,1.0,0
iso_equal,gdna=20_ss=0.9_nrna=0,t1,308,310.04,2.04,0.01,494,472.08,506,527.0,21.0,0,0.92,0.92,1.0,1000,1.0,224
iso_equal,gdna=20_ss=0.9_nrna=0,t2,186,161.04,24.96,0.13,494,472.08,506,527.0,21.0,0,0.92,0.92,1.0,1000,1.0,224
iso_equal,gdna=20_ss=0.9_nrna=0,t_ctrl,0,1.0,1.0,0.0,494,472.08,506,527.0,21.0,0,0.92,0.92,1.0,1000,1.0,224
iso_equal,gdna=20_ss=0.9_nrna=30,t1,203,188.94,14.06,0.07,327,309.03,335,313.0,22.0,338,377.97,39.97,0.0,1000,1.0,169
iso_equal,gdna=20_ss=0.9_nrna=30,t2,124,120.09,3.91,0.03,327,309.03,335,313.0,22.0,338,377.97,39.97,0.0,1000,1.0,169
iso_equal,gdna=20_ss=0.9_nrna=30,t_ctrl,0,0.0,0.0,0.0,327,309.03,335,313.0,22.0,338,377.97,39.97,0.0,1000,1.0,169
iso_equal,gdna=20_ss=1.0_nrna=0,t1,318,338.45,20.45,0.06,494,497.61,506,502.0,4.0,0,0.39,0.39,0.0,1000,1.0,231
iso_equal,gdna=20_ss=1.0_nrna=0,t2,176,159.15,16.85,0.1,494,497.61,506,502.0,4.0,0,0.39,0.39,0.0,1000,1.0,231
iso_equal,gdna=20_ss=1.0_nrna=0,t_ctrl,0,0.0,0.0,0.0,494,497.61,506,502.0,4.0,0,0.39,0.39,0.0,1000,1.0,231
iso_equal,gdna=20_ss=1.0_nrna=30,t1,209,175.23,33.77,0.16,327,304.08,335,283.0,52.0,338,412.92,74.92,0.0,1000,1.0,150
iso_equal,gdna=20_ss=1.0_nrna=30,t2,118,128.86,10.86,0.09,327,304.08,335,283.0,52.0,338,412.92,74.92,0.0,1000,1.0,150
iso_equal,gdna=20_ss=1.0_nrna=30,t_ctrl,0,0.0,0.0,0.0,327,304.08,335,283.0,52.0,338,412.92,74.92,0.0,1000,1.0,150
iso_equal,gdna=50_ss=0.9_nrna=0,t1,176,172.4,3.6,0.02,281,275.67,719,724.0,5.0,0,0.33,0.33,3.0,1000,1.0,341
iso_equal,gdna=50_ss=0.9_nrna=0,t2,105,100.27,4.73,0.05,281,275.67,719,724.0,5.0,0,0.33,0.33,3.0,1000,1.0,341
iso_equal,gdna=50_ss=0.9_nrna=0,t_ctrl,0,3.0,3.0,0.0,281,275.67,719,724.0,5.0,0,0.33,0.33,3.0,1000,1.0,341
iso_equal,gdna=50_ss=0.9_nrna=30,t1,149,130.06,18.94,0.13,217,198.72,558,480.0,78.0,225,321.28,96.28,0.0,1000,1.0,239
iso_equal,gdna=50_ss=0.9_nrna=30,t2,68,68.66,0.66,0.01,217,198.72,558,480.0,78.0,225,321.28,96.28,0.0,1000,1.0,239
iso_equal,gdna=50_ss=0.9_nrna=30,t_ctrl,0,0.0,0.0,0.0,217,198.72,558,480.0,78.0,225,321.28,96.28,0.0,1000,1.0,239
iso_equal,gdna=50_ss=1.0_nrna=0,t1,180,170.72,9.28,0.05,281,298.95,719,700.0,19.0,0,1.05,1.05,7.0,1000,1.0,317
iso_equal,gdna=50_ss=1.0_nrna=0,t2,101,121.24,20.24,0.2,281,298.95,719,700.0,19.0,0,1.05,1.05,7.0,1000,1.0,317
iso_equal,gdna=50_ss=1.0_nrna=0,t_ctrl,0,7.0,7.0,0.0,281,298.95,719,700.0,19.0,0,1.05,1.05,7.0,1000,1.0,317
iso_equal,gdna=50_ss=1.0_nrna=30,t1,140,140.26,0.26,0.0,217,219.07,558,480.0,78.0,225,300.93,75.93,0.0,1000,1.0,265
iso_equal,gdna=50_ss=1.0_nrna=30,t2,77,78.8,1.8,0.02,217,219.07,558,480.0,78.0,225,300.93,75.93,0.0,1000,1.0,265
iso_equal,gdna=50_ss=1.0_nrna=30,t_ctrl,0,0.0,0.0,0.0,217,219.07,558,480.0,78.0,225,300.93,75.93,0.0,1000,1.0,265
iso_10_1,gdna=0_ss=0.9_nrna=0,t1,947,947.77,0.77,0.0,1000,999.84,0,0.0,0.0,0,0.16,0.16,0.0,1000,1.0,0
iso_10_1,gdna=0_ss=0.9_nrna=0,t2,53,52.08,0.92,0.02,1000,999.84,0,0.0,0.0,0,0.16,0.16,0.0,1000,1.0,0
iso_10_1,gdna=0_ss=0.9_nrna=0,t_ctrl,0,0.0,0.0,0.0,1000,999.84,0,0.0,0.0,0,0.16,0.16,0.0,1000,1.0,0
iso_10_1,gdna=0_ss=0.9_nrna=30,t1,514,479.04,34.96,0.07,542,498.52,0,0.0,0.0,458,501.48,43.48,0.0,1000,1.0,0
iso_10_1,gdna=0_ss=0.9_nrna=30,t2,28,19.48,8.52,0.3,542,498.52,0,0.0,0.0,458,501.48,43.48,0.0,1000,1.0,0
iso_10_1,gdna=0_ss=0.9_nrna=30,t_ctrl,0,0.0,0.0,0.0,542,498.52,0,0.0,0.0,458,501.48,43.48,0.0,1000,1.0,0
iso_10_1,gdna=0_ss=1.0_nrna=0,t1,944,948.36,4.36,0.0,1000,999.83,0,0.0,0.0,0,0.17,0.17,0.0,1000,1.0,0
iso_10_1,gdna=0_ss=1.0_nrna=0,t2,56,51.47,4.53,0.08,1000,999.83,0,0.0,0.0,0,0.17,0.17,0.0,1000,1.0,0
iso_10_1,gdna=0_ss=1.0_nrna=0,t_ctrl,0,0.0,0.0,0.0,1000,999.83,0,0.0,0.0,0,0.17,0.17,0.0,1000,1.0,0
iso_10_1,gdna=0_ss=1.0_nrna=30,t1,510,462.68,47.32,0.09,542,494.05,0,0.0,0.0,458,505.95,47.95,0.0,1000,1.0,0
iso_10_1,gdna=0_ss=1.0_nrna=30,t2,32,31.37,0.63,0.02,542,494.05,0,0.0,0.0,458,505.95,47.95,0.0,1000,1.0,0
iso_10_1,gdna=0_ss=1.0_nrna=30,t_ctrl,0,0.0,0.0,0.0,542,494.05,0,0.0,0.0,458,505.95,47.95,0.0,1000,1.0,0
iso_10_1,gdna=20_ss=0.9_nrna=0,t1,370,360.38,9.62,0.03,396,383.68,604,616.0,12.0,0,0.32,0.32,0.0,1000,1.0,278
iso_10_1,gdna=20_ss=0.9_nrna=0,t2,26,23.3,2.7,0.1,396,383.68,604,616.0,12.0,0,0.32,0.32,0.0,1000,1.0,278
iso_10_1,gdna=20_ss=0.9_nrna=0,t_ctrl,0,0.0,0.0,0.0,396,383.68,604,616.0,12.0,0,0.32,0.32,0.0,1000,1.0,278
iso_10_1,gdna=20_ss=0.9_nrna=30,t1,274,259.93,14.07,0.05,297,285.2,452,392.0,60.0,251,322.8,71.8,1.0,1000,1.0,205
iso_10_1,gdna=20_ss=0.9_nrna=30,t2,23,24.26,1.26,0.05,297,285.2,452,392.0,60.0,251,322.8,71.8,1.0,1000,1.0,205
iso_10_1,gdna=20_ss=0.9_nrna=30,t_ctrl,0,1.0,1.0,0.0,297,285.2,452,392.0,60.0,251,322.8,71.8,1.0,1000,1.0,205
iso_10_1,gdna=20_ss=1.0_nrna=0,t1,374,379.63,5.63,0.02,396,406.7,604,593.0,11.0,0,0.3,0.3,2.0,1000,1.0,290
iso_10_1,gdna=20_ss=1.0_nrna=0,t2,22,25.07,3.07,0.14,396,406.7,604,593.0,11.0,0,0.3,0.3,2.0,1000,1.0,290
iso_10_1,gdna=20_ss=1.0_nrna=0,t_ctrl,0,2.0,2.0,0.0,396,406.7,604,593.0,11.0,0,0.3,0.3,2.0,1000,1.0,290
iso_10_1,gdna=20_ss=1.0_nrna=30,t1,279,278.76,0.24,0.0,297,297.11,452,380.0,72.0,251,322.89,71.89,0.0,1000,1.0,216
iso_10_1,gdna=20_ss=1.0_nrna=30,t2,18,18.35,0.35,0.02,297,297.11,452,380.0,72.0,251,322.89,71.89,0.0,1000,1.0,216
iso_10_1,gdna=20_ss=1.0_nrna=30,t_ctrl,0,0.0,0.0,0.0,297,297.11,452,380.0,72.0,251,322.89,71.89,0.0,1000,1.0,216
iso_10_1,gdna=50_ss=0.9_nrna=0,t1,196,188.42,7.58,0.04,208,203.74,792,796.0,4.0,0,0.26,0.26,5.0,1000,1.0,366
iso_10_1,gdna=50_ss=0.9_nrna=0,t2,12,10.31,1.69,0.14,208,203.74,792,796.0,4.0,0,0.26,0.26,5.0,1000,1.0,366
iso_10_1,gdna=50_ss=0.9_nrna=0,t_ctrl,0,5.0,5.0,0.0,208,203.74,792,796.0,4.0,0,0.26,0.26,5.0,1000,1.0,366
iso_10_1,gdna=50_ss=0.9_nrna=30,t1,167,145.13,21.87,0.13,176,156.78,674,587.0,87.0,150,256.22,106.22,2.0,1000,1.0,325
iso_10_1,gdna=50_ss=0.9_nrna=30,t2,9,9.65,0.65,0.07,176,156.78,674,587.0,87.0,150,256.22,106.22,2.0,1000,1.0,325
iso_10_1,gdna=50_ss=0.9_nrna=30,t_ctrl,0,2.0,2.0,0.0,176,156.78,674,587.0,87.0,150,256.22,106.22,2.0,1000,1.0,325
iso_10_1,gdna=50_ss=1.0_nrna=0,t1,193,205.8,12.8,0.07,208,219.6,792,780.0,12.0,0,0.4,0.4,5.0,1000,1.0,361
iso_10_1,gdna=50_ss=1.0_nrna=0,t2,15,8.8,6.2,0.41,208,219.6,792,780.0,12.0,0,0.4,0.4,5.0,1000,1.0,361
iso_10_1,gdna=50_ss=1.0_nrna=0,t_ctrl,0,5.0,5.0,0.0,208,219.6,792,780.0,12.0,0,0.4,0.4,5.0,1000,1.0,361
iso_10_1,gdna=50_ss=1.0_nrna=30,t1,168,159.73,8.27,0.05,176,173.29,674,547.0,127.0,150,279.71,129.71,6.0,1000,1.0,307
iso_10_1,gdna=50_ss=1.0_nrna=30,t2,8,7.55,0.45,0.06,176,173.29,674,547.0,127.0,150,279.71,129.71,6.0,1000,1.0,307
iso_10_1,gdna=50_ss=1.0_nrna=30,t_ctrl,0,6.0,6.0,0.0,176,173.29,674,547.0,127.0,150,279.71,129.71,6.0,1000,1.0,307
antisense,gdna=0_ss=0.8_nrna=0,t1,241,242.6,1.6,0.01,500,499.64,0,0.0,0.0,0,0.36,0.36,0.0,500,1.0,0
antisense,gdna=0_ss=0.8_nrna=0,t2,259,257.04,1.96,0.01,500,499.64,0,0.0,0.0,0,0.36,0.36,0.0,500,1.0,0
antisense,gdna=0_ss=0.8_nrna=0,t_ctrl,0,0.0,0.0,0.0,500,499.64,0,0.0,0.0,0,0.36,0.36,0.0,500,1.0,0
antisense,gdna=0_ss=0.8_nrna=30,t1,151,154.63,3.63,0.02,299,310.29,0,180.0,180.0,201,9.71,191.29,0.0,500,1.0,0
antisense,gdna=0_ss=0.8_nrna=30,t2,148,155.65,7.65,0.05,299,310.29,0,180.0,180.0,201,9.71,191.29,0.0,500,1.0,0
antisense,gdna=0_ss=0.8_nrna=30,t_ctrl,0,0.0,0.0,0.0,299,310.29,0,180.0,180.0,201,9.71,191.29,0.0,500,1.0,0
antisense,gdna=0_ss=0.9_nrna=0,t1,241,242.74,1.74,0.01,500,499.65,0,0.0,0.0,0,0.35,0.35,0.0,500,1.0,0
antisense,gdna=0_ss=0.9_nrna=0,t2,259,256.91,2.09,0.01,500,499.65,0,0.0,0.0,0,0.35,0.35,0.0,500,1.0,0
antisense,gdna=0_ss=0.9_nrna=0,t_ctrl,0,0.0,0.0,0.0,500,499.65,0,0.0,0.0,0,0.35,0.35,0.0,500,1.0,0
antisense,gdna=0_ss=0.9_nrna=30,t1,151,164.4,13.4,0.09,299,323.86,0,170.0,170.0,201,6.14,194.86,0.0,500,1.0,0
antisense,gdna=0_ss=0.9_nrna=30,t2,148,159.46,11.46,0.08,299,323.86,0,170.0,170.0,201,6.14,194.86,0.0,500,1.0,0
antisense,gdna=0_ss=0.9_nrna=30,t_ctrl,0,0.0,0.0,0.0,299,323.86,0,170.0,170.0,201,6.14,194.86,0.0,500,1.0,0
antisense,gdna=0_ss=0.95_nrna=0,t1,241,237.81,3.19,0.01,500,481.67,0,18.0,18.0,0,0.33,0.33,0.0,500,1.0,0
antisense,gdna=0_ss=0.95_nrna=0,t2,259,243.86,15.14,0.06,500,481.67,0,18.0,18.0,0,0.33,0.33,0.0,500,1.0,0
antisense,gdna=0_ss=0.95_nrna=0,t_ctrl,0,0.0,0.0,0.0,500,481.67,0,18.0,18.0,0,0.33,0.33,0.0,500,1.0,0
antisense,gdna=0_ss=0.95_nrna=30,t1,151,170.81,19.81,0.13,299,335.5,0,160.0,160.0,201,4.5,196.5,0.0,500,1.0,0
antisense,gdna=0_ss=0.95_nrna=30,t2,148,164.69,16.69,0.11,299,335.5,0,160.0,160.0,201,4.5,196.5,0.0,500,1.0,0
antisense,gdna=0_ss=0.95_nrna=30,t_ctrl,0,0.0,0.0,0.0,299,335.5,0,160.0,160.0,201,4.5,196.5,0.0,500,1.0,0
antisense,gdna=0_ss=1.0_nrna=0,t1,257,256.82,0.18,0.0,500,499.66,0,0.0,0.0,0,0.34,0.34,0.0,500,1.0,0
antisense,gdna=0_ss=1.0_nrna=0,t2,243,242.84,0.16,0.0,500,499.66,0,0.0,0.0,0,0.34,0.34,0.0,500,1.0,0
antisense,gdna=0_ss=1.0_nrna=0,t_ctrl,0,0.0,0.0,0.0,500,499.66,0,0.0,0.0,0,0.34,0.34,0.0,500,1.0,0
antisense,gdna=0_ss=1.0_nrna=30,t1,160,187.65,27.65,0.17,299,344.42,0,154.0,154.0,201,1.58,199.42,0.0,500,1.0,0
antisense,gdna=0_ss=1.0_nrna=30,t2,139,156.77,17.77,0.13,299,344.42,0,154.0,154.0,201,1.58,199.42,0.0,500,1.0,0
antisense,gdna=0_ss=1.0_nrna=30,t_ctrl,0,0.0,0.0,0.0,299,344.42,0,154.0,154.0,201,1.58,199.42,0.0,500,1.0,0
antisense,gdna=20_ss=0.8_nrna=0,t1,85,85.82,0.82,0.01,172,173.39,328,323.0,5.0,0,3.61,3.61,0.0,500,1.0,247
antisense,gdna=20_ss=0.8_nrna=0,t2,87,87.58,0.58,0.01,172,173.39,328,323.0,5.0,0,3.61,3.61,0.0,500,1.0,247
antisense,gdna=20_ss=0.8_nrna=0,t_ctrl,0,0.0,0.0,0.0,172,173.39,328,323.0,5.0,0,3.61,3.61,0.0,500,1.0,247
antisense,gdna=20_ss=0.8_nrna=30,t1,67,71.95,4.95,0.07,140,142.6,266,351.0,85.0,94,6.4,87.6,1.0,500,1.0,192
antisense,gdna=20_ss=0.8_nrna=30,t2,73,69.65,3.35,0.05,140,142.6,266,351.0,85.0,94,6.4,87.6,1.0,500,1.0,192
antisense,gdna=20_ss=0.8_nrna=30,t_ctrl,0,1.0,1.0,0.0,140,142.6,266,351.0,85.0,94,6.4,87.6,1.0,500,1.0,192
antisense,gdna=20_ss=0.9_nrna=0,t1,85,81.22,3.78,0.04,172,165.23,328,332.0,4.0,0,2.77,2.77,0.0,500,1.0,247
antisense,gdna=20_ss=0.9_nrna=0,t2,87,84.01,2.99,0.03,172,165.23,328,332.0,4.0,0,2.77,2.77,0.0,500,1.0,247
antisense,gdna=20_ss=0.9_nrna=0,t_ctrl,0,0.0,0.0,0.0,172,165.23,328,332.0,4.0,0,2.77,2.77,0.0,500,1.0,247
antisense,gdna=20_ss=0.9_nrna=30,t1,67,72.29,5.29,0.08,140,150.2,266,347.0,81.0,94,2.8,91.2,1.0,500,1.0,192
antisense,gdna=20_ss=0.9_nrna=30,t2,73,76.91,3.91,0.05,140,150.2,266,347.0,81.0,94,2.8,91.2,1.0,500,1.0,192
antisense,gdna=20_ss=0.9_nrna=30,t_ctrl,0,1.0,1.0,0.0,140,150.2,266,347.0,81.0,94,2.8,91.2,1.0,500,1.0,192
antisense,gdna=20_ss=0.95_nrna=0,t1,85,82.58,2.42,0.03,172,167.45,328,330.0,2.0,0,2.55,2.55,0.0,500,1.0,247
antisense,gdna=20_ss=0.95_nrna=0,t2,87,84.87,2.13,0.02,172,167.45,328,330.0,2.0,0,2.55,2.55,0.0,500,1.0,247
antisense,gdna=20_ss=0.95_nrna=0,t_ctrl,0,0.0,0.0,0.0,172,167.45,328,330.0,2.0,0,2.55,2.55,0.0,500,1.0,247
antisense,gdna=20_ss=0.95_nrna=30,t1,67,74.2,7.2,0.11,140,153.84,266,344.0,78.0,94,2.16,91.84,1.0,500,1.0,192
antisense,gdna=20_ss=0.95_nrna=30,t2,73,78.64,5.64,0.08,140,153.84,266,344.0,78.0,94,2.16,91.84,1.0,500,1.0,192
antisense,gdna=20_ss=0.95_nrna=30,t_ctrl,0,1.0,1.0,0.0,140,153.84,266,344.0,78.0,94,2.16,91.84,1.0,500,1.0,192
antisense,gdna=20_ss=1.0_nrna=0,t1,83,86.75,3.75,0.05,172,177.59,328,319.0,9.0,0,0.41,0.41,2.0,500,1.0,241
antisense,gdna=20_ss=1.0_nrna=0,t2,89,88.84,0.16,0.0,172,177.59,328,319.0,9.0,0,0.41,0.41,2.0,500,1.0,241
antisense,gdna=20_ss=1.0_nrna=0,t_ctrl,0,2.0,2.0,0.0,172,177.59,328,319.0,9.0,0,0.41,0.41,2.0,500,1.0,241
antisense,gdna=20_ss=1.0_nrna=30,t1,66,81.65,15.65,0.24,140,170.26,266,326.0,60.0,94,0.74,93.26,1.0,500,1.0,209
antisense,gdna=20_ss=1.0_nrna=30,t2,74,87.61,13.61,0.18,140,170.26,266,326.0,60.0,94,0.74,93.26,1.0,500,1.0,209
antisense,gdna=20_ss=1.0_nrna=30,t_ctrl,0,1.0,1.0,0.0,140,170.26,266,326.0,60.0,94,0.74,93.26,1.0,500,1.0,209
antisense,gdna=50_ss=0.8_nrna=0,t1,40,35.18,4.82,0.12,87,78.6,413,419.0,6.0,0,0.4,0.4,4.0,500,1.0,311
antisense,gdna=50_ss=0.8_nrna=0,t2,47,39.43,7.57,0.16,87,78.6,413,419.0,6.0,0,0.4,0.4,4.0,500,1.0,311
antisense,gdna=50_ss=0.8_nrna=0,t_ctrl,0,4.0,4.0,0.0,87,78.6,413,419.0,6.0,0,0.4,0.4,4.0,500,1.0,311
antisense,gdna=50_ss=0.8_nrna=30,t1,41,33.21,7.79,0.19,78,69.03,370,411.0,41.0,52,16.97,35.03,1.0,500,1.0,280
antisense,gdna=50_ss=0.8_nrna=30,t2,37,34.83,2.17,0.06,78,69.03,370,411.0,41.0,52,16.97,35.03,1.0,500,1.0,280
antisense,gdna=50_ss=0.8_nrna=30,t_ctrl,0,1.0,1.0,0.0,78,69.03,370,411.0,41.0,52,16.97,35.03,1.0,500,1.0,280
antisense,gdna=50_ss=0.9_nrna=0,t1,40,38.49,1.51,0.04,87,84.55,413,413.0,0.0,0,0.45,0.45,3.0,500,1.0,311
antisense,gdna=50_ss=0.9_nrna=0,t2,47,43.06,3.94,0.08,87,84.55,413,413.0,0.0,0,0.45,0.45,3.0,500,1.0,311
antisense,gdna=50_ss=0.9_nrna=0,t_ctrl,0,3.0,3.0,0.0,87,84.55,413,413.0,0.0,0,0.45,0.45,3.0,500,1.0,311
antisense,gdna=50_ss=0.9_nrna=30,t1,41,42.76,1.76,0.04,78,81.12,370,404.0,34.0,52,11.88,40.12,1.0,500,1.0,280
antisense,gdna=50_ss=0.9_nrna=30,t2,37,37.37,0.37,0.01,78,81.12,370,404.0,34.0,52,11.88,40.12,1.0,500,1.0,280
antisense,gdna=50_ss=0.9_nrna=30,t_ctrl,0,1.0,1.0,0.0,78,81.12,370,404.0,34.0,52,11.88,40.12,1.0,500,1.0,280
antisense,gdna=50_ss=0.95_nrna=0,t1,40,41.65,1.65,0.04,87,89.52,413,408.0,5.0,0,0.48,0.48,3.0,500,1.0,311
antisense,gdna=50_ss=0.95_nrna=0,t2,47,44.87,2.13,0.05,87,89.52,413,408.0,5.0,0,0.48,0.48,3.0,500,1.0,311
antisense,gdna=50_ss=0.95_nrna=0,t_ctrl,0,3.0,3.0,0.0,87,89.52,413,408.0,5.0,0,0.48,0.48,3.0,500,1.0,311
antisense,gdna=50_ss=0.95_nrna=30,t1,41,43.74,2.74,0.07,78,83.97,370,402.0,32.0,52,11.03,40.97,1.0,500,1.0,280
antisense,gdna=50_ss=0.95_nrna=30,t2,37,39.23,2.23,0.06,78,83.97,370,402.0,32.0,52,11.03,40.97,1.0,500,1.0,280
antisense,gdna=50_ss=0.95_nrna=30,t_ctrl,0,1.0,1.0,0.0,78,83.97,370,402.0,32.0,52,11.03,40.97,1.0,500,1.0,280
antisense,gdna=50_ss=1.0_nrna=0,t1,43,45.51,2.51,0.06,87,93.37,413,401.0,12.0,0,2.63,2.63,3.0,500,1.0,301
antisense,gdna=50_ss=1.0_nrna=0,t2,44,44.86,0.86,0.02,87,93.37,413,401.0,12.0,0,2.63,2.63,3.0,500,1.0,301
antisense,gdna=50_ss=1.0_nrna=0,t_ctrl,0,3.0,3.0,0.0,87,93.37,413,401.0,12.0,0,2.63,2.63,3.0,500,1.0,301
antisense,gdna=50_ss=1.0_nrna=30,t1,39,44.05,5.05,0.13,78,94.82,370,400.0,30.0,52,2.18,49.82,7.0,500,1.0,274
antisense,gdna=50_ss=1.0_nrna=30,t2,39,43.77,4.77,0.12,78,94.82,370,400.0,30.0,52,2.18,49.82,7.0,500,1.0,274
antisense,gdna=50_ss=1.0_nrna=30,t_ctrl,0,7.0,7.0,0.0,78,94.82,370,400.0,30.0,52,2.18,49.82,7.0,500,1.0,274
paralogs_unspliced,gdna=0_ss=0.9_nrna=0,t1,241,250.0,9.0,0.04,500,500.0,0,0.0,0.0,0,0.0,0.0,0.0,1000,2.0,0
paralogs_unspliced,gdna=0_ss=0.9_nrna=0,t2,259,250.0,9.0,0.03,500,500.0,0,0.0,0.0,0,0.0,0.0,0.0,1000,2.0,0
paralogs_unspliced,gdna=0_ss=0.9_nrna=0,t_ctrl,0,0.0,0.0,0.0,500,500.0,0,0.0,0.0,0,0.0,0.0,0.0,1000,2.0,0
paralogs_unspliced,gdna=0_ss=0.9_nrna=30,t1,198,250.0,52.0,0.26,385,500.0,0,0.0,0.0,115,0.0,115.0,0.0,1000,2.0,0
paralogs_unspliced,gdna=0_ss=0.9_nrna=30,t2,187,250.0,63.0,0.34,385,500.0,0,0.0,0.0,115,0.0,115.0,0.0,1000,2.0,0
paralogs_unspliced,gdna=0_ss=0.9_nrna=30,t_ctrl,0,0.0,0.0,0.0,385,500.0,0,0.0,0.0,115,0.0,115.0,0.0,1000,2.0,0
paralogs_unspliced,gdna=0_ss=1.0_nrna=0,t1,257,250.0,7.0,0.03,500,500.0,0,0.0,0.0,0,0.0,0.0,0.0,1000,2.0,0
paralogs_unspliced,gdna=0_ss=1.0_nrna=0,t2,243,250.0,7.0,0.03,500,500.0,0,0.0,0.0,0,0.0,0.0,0.0,1000,2.0,0
paralogs_unspliced,gdna=0_ss=1.0_nrna=0,t_ctrl,0,0.0,0.0,0.0,500,500.0,0,0.0,0.0,0,0.0,0.0,0.0,1000,2.0,0
paralogs_unspliced,gdna=0_ss=1.0_nrna=30,t1,190,250.0,60.0,0.32,385,500.0,0,0.0,0.0,115,0.0,115.0,0.0,1000,2.0,0
paralogs_unspliced,gdna=0_ss=1.0_nrna=30,t2,195,250.0,55.0,0.28,385,500.0,0,0.0,0.0,115,0.0,115.0,0.0,1000,2.0,0
paralogs_unspliced,gdna=0_ss=1.0_nrna=30,t_ctrl,0,0.0,0.0,0.0,385,500.0,0,0.0,0.0,115,0.0,115.0,0.0,1000,2.0,0
paralogs_unspliced,gdna=20_ss=0.9_nrna=0,t1,45,84.73,39.73,0.88,103,160.0,397,340.0,57.0,0,0.0,0.0,2.0,658,1.32,311
paralogs_unspliced,gdna=20_ss=0.9_nrna=0,t2,58,73.27,15.27,0.26,103,160.0,397,340.0,57.0,0,0.0,0.0,2.0,658,1.32,311
paralogs_unspliced,gdna=20_ss=0.9_nrna=0,t_ctrl,0,2.0,2.0,0.0,103,160.0,397,340.0,57.0,0,0.0,0.0,2.0,658,1.32,311
paralogs_unspliced,gdna=20_ss=0.9_nrna=30,t1,51,95.84,44.84,0.88,97,175.0,374,325.0,49.0,29,0.0,29.0,3.0,672,1.34,296
paralogs_unspliced,gdna=20_ss=0.9_nrna=30,t2,46,76.16,30.16,0.66,97,175.0,374,325.0,49.0,29,0.0,29.0,3.0,672,1.34,296
paralogs_unspliced,gdna=20_ss=0.9_nrna=30,t_ctrl,0,3.0,3.0,0.0,97,175.0,374,325.0,49.0,29,0.0,29.0,3.0,672,1.34,296
paralogs_unspliced,gdna=20_ss=1.0_nrna=0,t1,50,109.24,59.24,1.18,103,157.0,397,343.0,54.0,0,0.0,0.0,1.0,656,1.31,307
paralogs_unspliced,gdna=20_ss=1.0_nrna=0,t2,53,46.76,6.24,0.12,103,157.0,397,343.0,54.0,0,0.0,0.0,1.0,656,1.31,307
paralogs_unspliced,gdna=20_ss=1.0_nrna=0,t_ctrl,0,1.0,1.0,0.0,103,157.0,397,343.0,54.0,0,0.0,0.0,1.0,656,1.31,307
paralogs_unspliced,gdna=20_ss=1.0_nrna=30,t1,48,93.31,45.31,0.94,97,182.0,374,318.0,56.0,29,0.0,29.0,2.0,680,1.36,296
paralogs_unspliced,gdna=20_ss=1.0_nrna=30,t2,49,86.69,37.69,0.77,97,182.0,374,318.0,56.0,29,0.0,29.0,2.0,680,1.36,296
paralogs_unspliced,gdna=20_ss=1.0_nrna=30,t_ctrl,0,2.0,2.0,0.0,97,182.0,374,318.0,56.0,29,0.0,29.0,2.0,680,1.36,296
paralogs_unspliced,gdna=50_ss=0.9_nrna=0,t1,25,66.45,41.45,1.66,47,105.0,453,395.0,58.0,0,0.0,0.0,2.0,603,1.21,364
paralogs_unspliced,gdna=50_ss=0.9_nrna=0,t2,22,36.55,14.55,0.66,47,105.0,453,395.0,58.0,0,0.0,0.0,2.0,603,1.21,364
paralogs_unspliced,gdna=50_ss=0.9_nrna=0,t_ctrl,0,2.0,2.0,0.0,47,105.0,453,395.0,58.0,0,0.0,0.0,2.0,603,1.21,364
paralogs_unspliced,gdna=50_ss=0.9_nrna=30,t1,25,73.78,48.78,1.95,45,129.0,441,371.0,70.0,14,0.0,14.0,1.0,628,1.26,344
paralogs_unspliced,gdna=50_ss=0.9_nrna=30,t2,20,54.22,34.22,1.71,45,129.0,441,371.0,70.0,14,0.0,14.0,1.0,628,1.26,344
paralogs_unspliced,gdna=50_ss=0.9_nrna=30,t_ctrl,0,1.0,1.0,0.0,45,129.0,441,371.0,70.0,14,0.0,14.0,1.0,628,1.26,344
paralogs_unspliced,gdna=50_ss=1.0_nrna=0,t1,27,50.26,23.26,0.86,47,102.0,453,398.0,55.0,0,0.0,0.0,3.0,599,1.2,369
paralogs_unspliced,gdna=50_ss=1.0_nrna=0,t2,20,48.74,28.74,1.44,47,102.0,453,398.0,55.0,0,0.0,0.0,3.0,599,1.2,369
paralogs_unspliced,gdna=50_ss=1.0_nrna=0,t_ctrl,0,3.0,3.0,0.0,47,102.0,453,398.0,55.0,0,0.0,0.0,3.0,599,1.2,369
paralogs_unspliced,gdna=50_ss=1.0_nrna=30,t1,28,64.22,36.22,1.29,45,112.0,441,388.0,53.0,14,0.0,14.0,1.0,611,1.22,361
paralogs_unspliced,gdna=50_ss=1.0_nrna=30,t2,17,46.78,29.78,1.75,45,112.0,441,388.0,53.0,14,0.0,14.0,1.0,611,1.22,361
paralogs_unspliced,gdna=50_ss=1.0_nrna=30,t_ctrl,0,1.0,1.0,0.0,45,112.0,441,388.0,53.0,14,0.0,14.0,1.0,611,1.22,361
paralogs_spliced,gdna=0_ss=0.9_nrna=0,t1,241,249.8,8.8,0.04,500,499.6,0,0.0,0.0,0,0.4,0.4,0.0,1000,2.0,0
paralogs_spliced,gdna=0_ss=0.9_nrna=0,t2,259,249.8,9.2,0.04,500,499.6,0,0.0,0.0,0,0.4,0.4,0.0,1000,2.0,0
paralogs_spliced,gdna=0_ss=0.9_nrna=0,t_ctrl,0,0.0,0.0,0.0,500,499.6,0,0.0,0.0,0,0.4,0.4,0.0,1000,2.0,0
paralogs_spliced,gdna=0_ss=1.0_nrna=0,t1,257,249.8,7.2,0.03,500,499.6,0,0.0,0.0,0,0.4,0.4,0.0,1000,2.0,0
paralogs_spliced,gdna=0_ss=1.0_nrna=0,t2,243,249.8,6.8,0.03,500,499.6,0,0.0,0.0,0,0.4,0.4,0.0,1000,2.0,0
paralogs_spliced,gdna=0_ss=1.0_nrna=0,t_ctrl,0,0.0,0.0,0.0,500,499.6,0,0.0,0.0,0,0.4,0.4,0.0,1000,2.0,0
paralogs_spliced,gdna=20_ss=0.9_nrna=0,t1,68,82.98,14.98,0.22,128,144.48,372,304.0,68.0,0,51.52,51.52,0.0,696,1.39,270
paralogs_spliced,gdna=20_ss=0.9_nrna=0,t2,60,61.5,1.5,0.02,128,144.48,372,304.0,68.0,0,51.52,51.52,0.0,696,1.39,270
paralogs_spliced,gdna=20_ss=0.9_nrna=0,t_ctrl,0,0.0,0.0,0.0,128,144.48,372,304.0,68.0,0,51.52,51.52,0.0,696,1.39,270
paralogs_spliced,gdna=20_ss=1.0_nrna=0,t1,71,65.08,5.92,0.08,128,140.2,372,290.0,82.0,0,69.8,69.8,3.0,707,1.41,274
paralogs_spliced,gdna=20_ss=1.0_nrna=0,t2,57,72.12,15.12,0.27,128,140.2,372,290.0,82.0,0,69.8,69.8,3.0,707,1.41,274
paralogs_spliced,gdna=20_ss=1.0_nrna=0,t_ctrl,0,3.0,3.0,0.0,128,140.2,372,290.0,82.0,0,69.8,69.8,3.0,707,1.41,274
paralogs_spliced,gdna=50_ss=0.9_nrna=0,t1,24,38.56,14.56,0.61,61,82.75,439,347.0,92.0,0,70.25,70.25,3.0,650,1.3,313
paralogs_spliced,gdna=50_ss=0.9_nrna=0,t2,37,41.19,4.19,0.11,61,82.75,439,347.0,92.0,0,70.25,70.25,3.0,650,1.3,313
paralogs_spliced,gdna=50_ss=0.9_nrna=0,t_ctrl,0,3.0,3.0,0.0,61,82.75,439,347.0,92.0,0,70.25,70.25,3.0,650,1.3,313
paralogs_spliced,gdna=50_ss=1.0_nrna=0,t1,33,40.82,7.82,0.24,61,82.22,439,350.0,89.0,0,67.78,67.78,2.0,648,1.3,323
paralogs_spliced,gdna=50_ss=1.0_nrna=0,t2,28,39.4,11.4,0.41,61,82.22,439,350.0,89.0,0,67.78,67.78,2.0,648,1.3,323
paralogs_spliced,gdna=50_ss=1.0_nrna=0,t_ctrl,0,2.0,2.0,0.0,61,82.22,439,350.0,89.0,0,67.78,67.78,2.0,648,1.3,323
dist_paralogs,gdna=0_ss=0.9_nrna=0,t1,284,276.21,7.79,0.03,500,499.68,0,0.0,0.0,0,0.32,0.32,0.0,847,1.69,0
dist_paralogs,gdna=0_ss=0.9_nrna=0,t2,216,223.48,7.48,0.03,500,499.68,0,0.0,0.0,0,0.32,0.32,0.0,847,1.69,0
dist_paralogs,gdna=0_ss=0.9_nrna=0,t_ctrl,0,0.0,0.0,0.0,500,499.68,0,0.0,0.0,0,0.32,0.32,0.0,847,1.69,0
dist_paralogs,gdna=0_ss=0.9_nrna=30,t1,163,129.45,33.55,0.21,305,304.86,0,13.0,13.0,195,182.14,12.86,0.0,768,1.54,0
dist_paralogs,gdna=0_ss=0.9_nrna=30,t2,142,175.4,33.4,0.24,305,304.86,0,13.0,13.0,195,182.14,12.86,0.0,768,1.54,0
dist_paralogs,gdna=0_ss=0.9_nrna=30,t_ctrl,0,0.0,0.0,0.0,305,304.86,0,13.0,13.0,195,182.14,12.86,0.0,768,1.54,0
dist_paralogs,gdna=0_ss=1.0_nrna=0,t1,296,296.56,0.56,0.0,500,499.66,0,0.0,0.0,0,0.34,0.34,0.0,843,1.69,0
dist_paralogs,gdna=0_ss=1.0_nrna=0,t2,204,203.09,0.91,0.0,500,499.66,0,0.0,0.0,0,0.34,0.34,0.0,843,1.69,0
dist_paralogs,gdna=0_ss=1.0_nrna=0,t_ctrl,0,0.0,0.0,0.0,500,499.66,0,0.0,0.0,0,0.34,0.34,0.0,843,1.69,0
dist_paralogs,gdna=0_ss=1.0_nrna=30,t1,169,137.76,31.24,0.18,305,302.14,0,0.0,0.0,195,197.86,2.86,0.0,786,1.57,0
dist_paralogs,gdna=0_ss=1.0_nrna=30,t2,136,164.38,28.38,0.21,305,302.14,0,0.0,0.0,195,197.86,2.86,0.0,786,1.57,0
dist_paralogs,gdna=0_ss=1.0_nrna=30,t_ctrl,0,0.0,0.0,0.0,305,302.14,0,0.0,0.0,195,197.86,2.86,0.0,786,1.57,0
dist_paralogs,gdna=20_ss=0.9_nrna=0,t1,65,62.8,2.2,0.03,116,133.2,384,362.0,22.0,0,4.8,4.8,2.0,610,1.22,273
dist_paralogs,gdna=20_ss=0.9_nrna=0,t2,51,68.4,17.4,0.34,116,133.2,384,362.0,22.0,0,4.8,4.8,2.0,610,1.22,273
dist_paralogs,gdna=20_ss=0.9_nrna=0,t_ctrl,0,2.0,2.0,0.0,116,133.2,384,362.0,22.0,0,4.8,4.8,2.0,610,1.22,273
dist_paralogs,gdna=20_ss=0.9_nrna=30,t1,57,46.56,10.44,0.18,100,117.06,335,299.0,36.0,65,83.94,18.94,3.0,612,1.22,238
dist_paralogs,gdna=20_ss=0.9_nrna=30,t2,43,67.49,24.49,0.57,100,117.06,335,299.0,36.0,65,83.94,18.94,3.0,612,1.22,238
dist_paralogs,gdna=20_ss=0.9_nrna=30,t_ctrl,0,3.0,3.0,0.0,100,117.06,335,299.0,36.0,65,83.94,18.94,3.0,612,1.22,238
dist_paralogs,gdna=20_ss=1.0_nrna=0,t1,72,61.8,10.2,0.14,116,131.41,384,355.0,29.0,0,13.59,13.59,3.0,604,1.21,273
dist_paralogs,gdna=20_ss=1.0_nrna=0,t2,44,66.62,22.62,0.51,116,131.41,384,355.0,29.0,0,13.59,13.59,3.0,604,1.21,273
dist_paralogs,gdna=20_ss=1.0_nrna=0,t_ctrl,0,3.0,3.0,0.0,116,131.41,384,355.0,29.0,0,13.59,13.59,3.0,604,1.21,273
dist_paralogs,gdna=20_ss=1.0_nrna=30,t1,57,47.97,9.03,0.16,100,106.39,335,299.0,36.0,65,94.61,29.61,0.0,615,1.23,232
dist_paralogs,gdna=20_ss=1.0_nrna=30,t2,43,58.42,15.42,0.36,100,106.39,335,299.0,36.0,65,94.61,29.61,0.0,615,1.23,232
dist_paralogs,gdna=20_ss=1.0_nrna=30,t_ctrl,0,0.0,0.0,0.0,100,106.39,335,299.0,36.0,65,94.61,29.61,0.0,615,1.23,232
dist_paralogs,gdna=50_ss=0.9_nrna=0,t1,34,27.54,6.46,0.19,54,68.24,446,413.0,33.0,0,18.76,18.76,0.0,574,1.15,330
dist_paralogs,gdna=50_ss=0.9_nrna=0,t2,20,40.69,20.69,1.03,54,68.24,446,413.0,33.0,0,18.76,18.76,0.0,574,1.15,330
dist_paralogs,gdna=50_ss=0.9_nrna=0,t_ctrl,0,0.0,0.0,0.0,54,68.24,446,413.0,33.0,0,18.76,18.76,0.0,574,1.15,330
dist_paralogs,gdna=50_ss=0.9_nrna=30,t1,26,15.63,10.37,0.4,51,65.81,417,375.0,42.0,32,59.19,27.19,3.0,579,1.16,287
dist_paralogs,gdna=50_ss=0.9_nrna=30,t2,25,47.18,22.18,0.89,51,65.81,417,375.0,42.0,32,59.19,27.19,3.0,579,1.16,287
dist_paralogs,gdna=50_ss=0.9_nrna=30,t_ctrl,0,3.0,3.0,0.0,51,65.81,417,375.0,42.0,32,59.19,27.19,3.0,579,1.16,287
dist_paralogs,gdna=50_ss=1.0_nrna=0,t1,31,27.81,3.19,0.1,54,72.21,446,427.0,19.0,0,0.79,0.79,2.0,568,1.14,326
dist_paralogs,gdna=50_ss=1.0_nrna=0,t2,23,42.39,19.39,0.84,54,72.21,446,427.0,19.0,0,0.79,0.79,2.0,568,1.14,326
dist_paralogs,gdna=50_ss=1.0_nrna=0,t_ctrl,0,2.0,2.0,0.0,54,72.21,446,427.0,19.0,0,0.79,0.79,2.0,568,1.14,326
dist_paralogs,gdna=50_ss=1.0_nrna=30,t1,33,26.16,6.84,0.21,51,67.34,417,378.0,39.0,32,54.66,22.66,1.0,580,1.16,315
dist_paralogs,gdna=50_ss=1.0_nrna=30,t2,18,40.18,22.18,1.23,51,67.34,417,378.0,39.0,32,54.66,22.66,1.0,580,1.16,315
dist_paralogs,gdna=50_ss=1.0_nrna=30,t_ctrl,0,1.0,1.0,0.0,51,67.34,417,378.0,39.0,32,54.66,22.66,1.0,580,1.16,315
