T01	T02	T03	T04	T05	T06	T07	T08	T09	T10	T11	T12	T13	T14	T15	T16	T17	T18	T19	T20	N01	N02	N03	N04	N05	N06	N07	N08	N09	N10	N11	N12	N13	N14	N15	N16	N17	N18	N19	N20	strand_specificity	n_rna_fragments	gdna_fraction	gdna_strand_kappa	T21	T22	T23	T24	T25	T26	T27	T28	T29	T30	T31	T32	T33	T34	T35	T36	T37	T38	T39	T40	nrna_T21	nrna_T23	nrna_T25	nrna_T27	nrna_T29	nrna_T31	nrna_T33	nrna_T35	nrna_T37	nrna_T39	nrna_T22	nrna_T24	nrna_T26	nrna_T28	nrna_T30	nrna_T32	nrna_T34	nrna_T36	nrna_T38	nrna_T40	gdna	T01_expected	T02_expected	T03_expected	T04_expected	T05_expected	T06_expected	T07_expected	T08_expected	T09_expected	T10_expected	T11_expected	T12_expected	T13_expected	T14_expected	T15_expected	T16_expected	T17_expected	T18_expected	T19_expected	T20_expected	T21_expected	T22_expected	T23_expected	T24_expected	T25_expected	T26_expected	T27_expected	T28_expected	T29_expected	T30_expected	T31_expected	T32_expected	T33_expected	T34_expected	T35_expected	T36_expected	T37_expected	T38_expected	T39_expected	T40_expected	T01_observed	T02_observed	T03_observed	T04_observed	T05_observed	T06_observed	T07_observed	T08_observed	T09_observed	T10_observed	T11_observed	T12_observed	T13_observed	T14_observed	T15_observed	T16_observed	T17_observed	T18_observed	T19_observed	T20_observed	T21_observed	T22_observed	T23_observed	T24_observed	T25_observed	T26_observed	T27_observed	T28_observed	T29_observed	T30_observed	T31_observed	T32_observed	T33_observed	T34_observed	T35_observed	T36_observed	T37_observed	T38_observed	T39_observed	T40_observed	T01_abs_diff	T02_abs_diff	T03_abs_diff	T04_abs_diff	T05_abs_diff	T06_abs_diff	T07_abs_diff	T08_abs_diff	T09_abs_diff	T10_abs_diff	T11_abs_diff	T12_abs_diff	T13_abs_diff	T14_abs_diff	T15_abs_diff	T16_abs_diff	T17_abs_diff	T18_abs_diff	T19_abs_diff	T20_abs_diff	T21_abs_diff	T22_abs_diff	T23_abs_diff	T24_abs_diff	T25_abs_diff	T26_abs_diff	T27_abs_diff	T28_abs_diff	T29_abs_diff	T30_abs_diff	T31_abs_diff	T32_abs_diff	T33_abs_diff	T34_abs_diff	T35_abs_diff	T36_abs_diff	T37_abs_diff	T38_abs_diff	T39_abs_diff	T40_abs_diff	T01_rel_err	T02_rel_err	T03_rel_err	T04_rel_err	T05_rel_err	T06_rel_err	T07_rel_err	T08_rel_err	T09_rel_err	T10_rel_err	T11_rel_err	T12_rel_err	T13_rel_err	T14_rel_err	T15_rel_err	T16_rel_err	T17_rel_err	T18_rel_err	T19_rel_err	T20_rel_err	T21_rel_err	T22_rel_err	T23_rel_err	T24_rel_err	T25_rel_err	T26_rel_err	T27_rel_err	T28_rel_err	T29_rel_err	T30_rel_err	T31_rel_err	T32_rel_err	T33_rel_err	T34_rel_err	T35_rel_err	T36_rel_err	T37_rel_err	T38_rel_err	T39_rel_err	T40_rel_err	nrna_expected	nrna_observed	nrna_abs_diff	nrna_rel_err	gdna_expected	gdna_observed	gdna_abs_diff	total_mrna_expected	total_mrna_observed	total_mrna_rel_err	total_rna_expected	total_rna_observed	total_rna_rel_err	n_fragments_actual	n_intergenic	n_chimeric	rna_fl_true_mean	rna_fl_est_mean	rna_fl_mean_err	rna_fl_true_std	rna_fl_est_std	gdna_fl_true_mean	gdna_fl_est_mean	gdna_fl_mean_err	gdna_fl_true_std	gdna_fl_est_std	rna_fl_n_obs	gdna_fl_n_obs	cal_kappa_true	cal_kappa_est	cal_kappa_err	cal_density_est	cal_gdna_fl_true_mean	cal_gdna_fl_est_mean	cal_gdna_fl_mean_err	cal_gdna_fl_true_std	cal_gdna_fl_est_std	cal_n_seed	cal_n_iterations	cal_converged	cal_mean_weight	cal_n_regions
10	20	40	70	100	150	200	350	500	700	1000	1200	1500	1800	2000	2500	3000	3500	4000	5000	5	10	20	30	50	70	100	150	200	300	400	500	600	700	800	1000	1200	1400	1600	2000	0.5	20000	0.0	5	0	0	0	0	0	0	0	0	0	0	0	0	0	0	0	0	0	0	0	0	0	0	0	0	0	0	0	0	0	0	0	0	0	0	0	0	0	0	0	0	0	7	6	19	38	27	50	62	163	189	219	500	424	608	605	830	872	995	1246	1428	1787	0	0	0	0	0	0	0	0	0	0	0	0	0	0	0	0	0	0	0	0	7.17	5.92	16.86	38.19	24.19	48.99	59.43	161.49	197.0	218.95	509.45	425.29	602.96	618.33	837.38	849.83	977.3	1248.24	1423.49	1781.83	0.0	0.0	0.0	0.0	0.0	0.0	0.0	0.0	0.0	0.0	0.0	0.0	0.0	0.0	0.0	0.0	0.0	0.0	0.0	0.0	0.17	0.08	2.14	0.19	2.81	1.01	2.57	1.51	8.0	0.05	9.45	1.29	5.04	13.33	7.38	22.17	17.7	2.24	4.51	5.17	0.0	0.0	0.0	0.0	0.0	0.0	0.0	0.0	0.0	0.0	0.0	0.0	0.0	0.0	0.0	0.0	0.0	0.0	0.0	0.0	0.0241	0.0126	0.1128	0.005	0.1042	0.0202	0.0415	0.0093	0.0423	0.0002	0.0189	0.003	0.0083	0.022	0.0089	0.0254	0.0178	0.0018	0.0032	0.0029	0.0	0.0	0.0	0.0	0.0	0.0	0.0	0.0	0.0	0.0	0.0	0.0	0.0	0.0	0.0	0.0	0.0	0.0	0.0	0.0	9925	9946.6	21.6	0.0022	0	1.12	1.12	10075	10052.28	0.0023	20000	19998.88	0.0001	20000	0	0	250	255.22	5.22	50	53.66	250.0			50.0		3252	0	5.0	10000.0	9995.0	8.7008e-02	250.0	242.63	-7.37	50.0	50.22	π=0.001	5	True	0.6022	201
10	20	40	70	100	150	200	350	500	700	1000	1200	1500	1800	2000	2500	3000	3500	4000	5000	5	10	20	30	50	70	100	150	200	300	400	500	600	700	800	1000	1200	1400	1600	2000	0.5	20000	0.0	20	0	0	0	0	0	0	0	0	0	0	0	0	0	0	0	0	0	0	0	0	0	0	0	0	0	0	0	0	0	0	0	0	0	0	0	0	0	0	0	0	0	7	6	19	38	27	50	62	163	189	219	500	424	608	605	830	872	995	1246	1428	1787	0	0	0	0	0	0	0	0	0	0	0	0	0	0	0	0	0	0	0	0	7.17	5.92	16.86	38.19	24.19	48.99	59.43	161.49	197.0	218.95	509.45	425.29	602.96	618.33	837.38	849.83	977.3	1248.24	1423.49	1781.83	0.0	0.0	0.0	0.0	0.0	0.0	0.0	0.0	0.0	0.0	0.0	0.0	0.0	0.0	0.0	0.0	0.0	0.0	0.0	0.0	0.17	0.08	2.14	0.19	2.81	1.01	2.57	1.51	8.0	0.05	9.45	1.29	5.04	13.33	7.38	22.17	17.7	2.24	4.51	5.17	0.0	0.0	0.0	0.0	0.0	0.0	0.0	0.0	0.0	0.0	0.0	0.0	0.0	0.0	0.0	0.0	0.0	0.0	0.0	0.0	0.0241	0.0126	0.1128	0.005	0.1042	0.0202	0.0415	0.0093	0.0423	0.0002	0.0189	0.003	0.0083	0.022	0.0089	0.0254	0.0178	0.0018	0.0032	0.0029	0.0	0.0	0.0	0.0	0.0	0.0	0.0	0.0	0.0	0.0	0.0	0.0	0.0	0.0	0.0	0.0	0.0	0.0	0.0	0.0	9925	9946.6	21.6	0.0022	0	1.12	1.12	10075	10052.28	0.0023	20000	19998.88	0.0001	20000	0	0	250	255.22	5.22	50	53.66	250.0			50.0		3252	0	20.0	10000.0	9980.0	8.7008e-02	250.0	242.63	-7.37	50.0	50.22	π=0.001	5	True	0.6022	201
10	20	40	70	100	150	200	350	500	700	1000	1200	1500	1800	2000	2500	3000	3500	4000	5000	5	10	20	30	50	70	100	150	200	300	400	500	600	700	800	1000	1200	1400	1600	2000	0.5	20000	0.0	100	0	0	0	0	0	0	0	0	0	0	0	0	0	0	0	0	0	0	0	0	0	0	0	0	0	0	0	0	0	0	0	0	0	0	0	0	0	0	0	0	0	7	6	19	38	27	50	62	163	189	219	500	424	608	605	830	872	995	1246	1428	1787	0	0	0	0	0	0	0	0	0	0	0	0	0	0	0	0	0	0	0	0	7.17	5.92	16.86	38.19	24.19	48.99	59.43	161.49	197.0	218.95	509.45	425.29	602.96	618.33	837.38	849.83	977.3	1248.24	1423.49	1781.83	0.0	0.0	0.0	0.0	0.0	0.0	0.0	0.0	0.0	0.0	0.0	0.0	0.0	0.0	0.0	0.0	0.0	0.0	0.0	0.0	0.17	0.08	2.14	0.19	2.81	1.01	2.57	1.51	8.0	0.05	9.45	1.29	5.04	13.33	7.38	22.17	17.7	2.24	4.51	5.17	0.0	0.0	0.0	0.0	0.0	0.0	0.0	0.0	0.0	0.0	0.0	0.0	0.0	0.0	0.0	0.0	0.0	0.0	0.0	0.0	0.0241	0.0126	0.1128	0.005	0.1042	0.0202	0.0415	0.0093	0.0423	0.0002	0.0189	0.003	0.0083	0.022	0.0089	0.0254	0.0178	0.0018	0.0032	0.0029	0.0	0.0	0.0	0.0	0.0	0.0	0.0	0.0	0.0	0.0	0.0	0.0	0.0	0.0	0.0	0.0	0.0	0.0	0.0	0.0	9925	9946.6	21.6	0.0022	0	1.12	1.12	10075	10052.28	0.0023	20000	19998.88	0.0001	20000	0	0	250	255.22	5.22	50	53.66	250.0			50.0		3252	0	100.0	10000.0	9900.0	8.7008e-02	250.0	242.63	-7.37	50.0	50.22	π=0.001	5	True	0.6022	201
10	20	40	70	100	150	200	350	500	700	1000	1200	1500	1800	2000	2500	3000	3500	4000	5000	5	10	20	30	50	70	100	150	200	300	400	500	600	700	800	1000	1200	1400	1600	2000	0.5	20000	0.0	1000	0	0	0	0	0	0	0	0	0	0	0	0	0	0	0	0	0	0	0	0	0	0	0	0	0	0	0	0	0	0	0	0	0	0	0	0	0	0	0	0	0	7	6	19	38	27	50	62	163	189	219	500	424	608	605	830	872	995	1246	1428	1787	0	0	0	0	0	0	0	0	0	0	0	0	0	0	0	0	0	0	0	0	7.17	5.92	16.86	38.19	24.19	48.99	59.43	161.49	197.0	218.95	509.45	425.29	602.96	618.33	837.38	849.83	977.3	1248.24	1423.49	1781.83	0.0	0.0	0.0	0.0	0.0	0.0	0.0	0.0	0.0	0.0	0.0	0.0	0.0	0.0	0.0	0.0	0.0	0.0	0.0	0.0	0.17	0.08	2.14	0.19	2.81	1.01	2.57	1.51	8.0	0.05	9.45	1.29	5.04	13.33	7.38	22.17	17.7	2.24	4.51	5.17	0.0	0.0	0.0	0.0	0.0	0.0	0.0	0.0	0.0	0.0	0.0	0.0	0.0	0.0	0.0	0.0	0.0	0.0	0.0	0.0	0.0241	0.0126	0.1128	0.005	0.1042	0.0202	0.0415	0.0093	0.0423	0.0002	0.0189	0.003	0.0083	0.022	0.0089	0.0254	0.0178	0.0018	0.0032	0.0029	0.0	0.0	0.0	0.0	0.0	0.0	0.0	0.0	0.0	0.0	0.0	0.0	0.0	0.0	0.0	0.0	0.0	0.0	0.0	0.0	9925	9946.6	21.6	0.0022	0	1.12	1.12	10075	10052.28	0.0023	20000	19998.88	0.0001	20000	0	0	250	255.22	5.22	50	53.66	250.0			50.0		3252	0	1000.0	10000.0	9000.0	8.7008e-02	250.0	242.63	-7.37	50.0	50.22	π=0.001	5	True	0.6022	201
10	20	40	70	100	150	200	350	500	700	1000	1200	1500	1800	2000	2500	3000	3500	4000	5000	5	10	20	30	50	70	100	150	200	300	400	500	600	700	800	1000	1200	1400	1600	2000	0.5	20000	0.1	5	0	0	0	0	0	0	0	0	0	0	0	0	0	0	0	0	0	0	0	0	0	0	0	0	0	0	0	0	0	0	0	0	0	0	0	0	0	0	0	0	0	4	6	21	37	32	60	68	174	150	212	458	429	606	646	890	828	1030	1190	1443	1791	0	0	0	0	0	0	0	0	0	0	0	0	0	0	0	0	0	0	0	0	0.0	0.0	19.95	43.95	30.22	64.62	64.3	160.74	148.48	206.83	457.49	408.02	616.06	649.72	901.83	815.16	1005.07	1209.73	1470.43	1737.82	0.0	0.0	0.0	0.0	0.0	0.0	0.0	0.0	0.0	0.0	0.0	0.0	0.0	0.0	0.23	0.0	2.45	0.0	0.0	0.0	4.0	6.0	1.05	6.95	1.78	4.62	3.7	13.26	1.52	5.17	0.51	20.98	10.06	3.72	11.83	12.84	24.93	19.73	27.43	53.18	0.0	0.0	0.0	0.0	0.0	0.0	0.0	0.0	0.0	0.0	0.0	0.0	0.0	0.0	0.23	0.0	2.45	0.0	0.0	0.0	1.0	1.0	0.05	0.1877	0.0557	0.077	0.0544	0.0762	0.0102	0.0244	0.0011	0.0489	0.0166	0.0058	0.0133	0.0155	0.0242	0.0166	0.019	0.0297	0.0	0.0	0.0	0.0	0.0	0.0	0.0	0.0	0.0	0.0	0.0	0.0	0.0	0.0	0.0	0.0	0.0	0.0	0.0	0.0	9925	9919.2	5.8	0.0006	2000	2067.71	67.71	10075	10013.09	0.0061	20000	19932.29	0.0034	22000	1349	0	250	250.06	0.06	50	58.73	250.0	250.13	0.13	50.0	51.59	20651	1349	5.0	10000.0	9995.0	4.0899e-03	250.0	249.04	-0.96	50.0	51.71	π=0.635	7	True	0.6368	201
10	20	40	70	100	150	200	350	500	700	1000	1200	1500	1800	2000	2500	3000	3500	4000	5000	5	10	20	30	50	70	100	150	200	300	400	500	600	700	800	1000	1200	1400	1600	2000	0.5	20000	0.1	20	0	0	0	0	0	0	0	0	0	0	0	0	0	0	0	0	0	0	0	0	0	0	0	0	0	0	0	0	0	0	0	0	0	0	0	0	0	0	0	0	0	6	5	26	36	28	58	67	174	152	213	457	436	609	623	886	820	1040	1205	1449	1785	0	0	0	0	0	0	0	0	0	0	0	0	0	0	0	0	0	0	0	0	1.77	0.0	18.73	27.3	19.64	33.13	50.47	120.28	119.63	158.68	369.02	306.1	516.33	479.11	722.1	607.96	921.05	932.33	1257.44	1458.0	0.0	0.0	0.0	0.0	0.0	0.0	0.0	0.0	0.0	0.0	0.0	0.0	0.0	0.0	0.0	0.0	0.0	0.0	0.0	0.0	4.23	5.0	7.27	8.7	8.36	24.87	16.53	53.72	32.37	54.32	87.98	129.9	92.67	143.89	163.9	212.04	118.95	272.67	191.56	327.0	0.0	0.0	0.0	0.0	0.0	0.0	0.0	0.0	0.0	0.0	0.0	0.0	0.0	0.0	0.0	0.0	0.0	0.0	0.0	0.0	0.7046	1.0	0.2795	0.2415	0.2986	0.4288	0.2467	0.3087	0.213	0.255	0.1925	0.2979	0.1522	0.231	0.185	0.2586	0.1144	0.2263	0.1322	0.1832	0.0	0.0	0.0	0.0	0.0	0.0	0.0	0.0	0.0	0.0	0.0	0.0	0.0	0.0	0.0	0.0	0.0	0.0	0.0	0.0	9925	43.66	9881.34	0.9956	2000	13837.26	11837.26	10075	8119.08	0.1941	20000	8162.74	0.5919	22000	1306	0	250	259.07	9.07	50	48.38	250.0	249.23	-0.77	50.0	59.89	2108	19623	20.0	10000.0	9980.0	4.0003e-03	250.0	249.62	-0.38	50.0	50.54	π=0.593	9	True	0.5965	201
10	20	40	70	100	150	200	350	500	700	1000	1200	1500	1800	2000	2500	3000	3500	4000	5000	5	10	20	30	50	70	100	150	200	300	400	500	600	700	800	1000	1200	1400	1600	2000	0.5	20000	0.1	100	0	0	0	0	0	0	0	0	0	0	0	0	0	0	0	0	0	0	0	0	0	0	0	0	0	0	0	0	0	0	0	0	0	0	0	0	0	0	0	0	0	5	4	24	32	29	61	58	171	158	198	456	434	619	623	884	832	1024	1230	1437	1796	0	0	0	0	0	0	0	0	0	0	0	0	0	0	0	0	0	0	0	0	5.41	1.86	22.55	11.09	16.6	37.44	43.66	91.84	131.97	170.49	393.51	306.73	547.92	463.41	765.29	658.72	906.71	954.79	1290.12	1496.17	0.0	0.0	0.0	0.0	0.0	0.0	0.0	0.0	0.0	0.0	0.0	0.0	0.0	0.0	0.0	0.0	0.0	0.0	0.0	0.0	0.41	2.14	1.45	20.91	12.4	23.56	14.34	79.16	26.03	27.51	62.49	127.27	71.08	159.59	118.71	173.28	117.29	275.21	146.88	299.83	0.0	0.0	0.0	0.0	0.0	0.0	0.0	0.0	0.0	0.0	0.0	0.0	0.0	0.0	0.0	0.0	0.0	0.0	0.0	0.0	0.0828	0.5345	0.0602	0.6533	0.4276	0.3863	0.2472	0.4629	0.1647	0.1389	0.137	0.2932	0.1148	0.2562	0.1343	0.2083	0.1145	0.2237	0.1022	0.1669	0.0	0.0	0.0	0.0	0.0	0.0	0.0	0.0	0.0	0.0	0.0	0.0	0.0	0.0	0.0	0.0	0.0	0.0	0.0	0.0	9925	41.94	9883.06	0.9958	2000	13641.75	11641.75	10075	8316.31	0.1746	20000	8358.25	0.5821	22000	1346	0	250	256.99	6.99	50	47.58	250.0	249.76	-0.24	50.0	62.24	2106	19849	100.0	10000.0	9900.0	4.0368e-03	250.0	248.61	-1.39	50.0	51.56	π=0.569	13	True	0.5711	201
10	20	40	70	100	150	200	350	500	700	1000	1200	1500	1800	2000	2500	3000	3500	4000	5000	5	10	20	30	50	70	100	150	200	300	400	500	600	700	800	1000	1200	1400	1600	2000	0.5	20000	0.1	1000	0	0	0	0	0	0	0	0	0	0	0	0	0	0	0	0	0	0	0	0	0	0	0	0	0	0	0	0	0	0	0	0	0	0	0	0	0	0	0	0	0	5	4	24	32	29	61	58	171	158	198	456	434	619	623	884	832	1024	1230	1437	1796	0	0	0	0	0	0	0	0	0	0	0	0	0	0	0	0	0	0	0	0	5.41	1.86	22.55	11.09	16.6	37.44	43.66	91.84	131.97	170.49	393.51	306.73	547.92	463.41	765.29	658.72	906.71	954.79	1290.12	1496.17	0.0	0.0	0.0	0.0	0.0	0.0	0.0	0.0	0.0	0.0	0.0	0.0	0.0	0.0	0.0	0.0	0.0	0.0	0.0	0.0	0.41	2.14	1.45	20.91	12.4	23.56	14.34	79.16	26.03	27.51	62.49	127.27	71.08	159.59	118.71	173.28	117.29	275.21	146.88	299.83	0.0	0.0	0.0	0.0	0.0	0.0	0.0	0.0	0.0	0.0	0.0	0.0	0.0	0.0	0.0	0.0	0.0	0.0	0.0	0.0	0.0828	0.5345	0.0602	0.6533	0.4276	0.3863	0.2472	0.4629	0.1647	0.1389	0.137	0.2932	0.1148	0.2562	0.1343	0.2083	0.1145	0.2237	0.1022	0.1669	0.0	0.0	0.0	0.0	0.0	0.0	0.0	0.0	0.0	0.0	0.0	0.0	0.0	0.0	0.0	0.0	0.0	0.0	0.0	0.0	9925	41.94	9883.06	0.9958	2000	13641.75	11641.75	10075	8316.31	0.1746	20000	8358.25	0.5821	22000	1346	0	250	256.99	6.99	50	47.58	250.0	249.76	-0.24	50.0	62.24	2106	19849	1000.0	10000.0	9000.0	4.0368e-03	250.0	248.61	-1.39	50.0	51.56	π=0.569	13	True	0.5711	201
10	20	40	70	100	150	200	350	500	700	1000	1200	1500	1800	2000	2500	3000	3500	4000	5000	5	10	20	30	50	70	100	150	200	300	400	500	600	700	800	1000	1200	1400	1600	2000	0.5	20000	0.3	5	0	0	0	0	0	0	0	0	0	0	0	0	0	0	0	0	0	0	0	0	0	0	0	0	0	0	0	0	0	0	0	0	0	0	0	0	0	0	0	0	0	4	6	21	37	32	60	68	174	150	212	458	429	606	646	890	828	1030	1190	1443	1791	0	0	0	0	0	0	0	0	0	0	0	0	0	0	0	0	0	0	0	0	0.0	0.0	19.87	33.01	27.43	58.14	58.3	145.4	151.17	201.01	448.9	402.86	613.64	641.4	897.56	820.95	1000.5	1206.61	1459.84	1733.65	0.0	0.0	0.0	0.0	0.0	0.0	0.0	0.0	0.0	0.0	0.0	0.0	0.0	0.0	0.0	0.0	0.0	0.0	0.0	0.0	4.0	6.0	1.13	3.99	4.57	1.86	9.7	28.6	1.17	10.99	9.1	26.14	7.64	4.6	7.56	7.05	29.5	16.61	16.84	57.35	0.0	0.0	0.0	0.0	0.0	0.0	0.0	0.0	0.0	0.0	0.0	0.0	0.0	0.0	0.0	0.0	0.0	0.0	0.0	0.0	1.0	1.0	0.0537	0.1078	0.1427	0.031	0.1427	0.1643	0.0078	0.0518	0.0199	0.0609	0.0126	0.0071	0.0085	0.0085	0.0286	0.014	0.0117	0.032	0.0	0.0	0.0	0.0	0.0	0.0	0.0	0.0	0.0	0.0	0.0	0.0	0.0	0.0	0.0	0.0	0.0	0.0	0.0	0.0	9925	8243.88	1681.12	0.1694	6000	7835.87	1835.87	10075	9920.26	0.0154	20000	18164.13	0.0918	26000	3905	0	250	250.22	0.22	50	58.23	250.0	248.2	-1.8	50.0	50.04	22095	3905	5.0	10000.0	9995.0	1.2028e-02	250.0	248.51	-1.49	50.0	50.07	π=0.620	8	True	0.6202	201
10	20	40	70	100	150	200	350	500	700	1000	1200	1500	1800	2000	2500	3000	3500	4000	5000	5	10	20	30	50	70	100	150	200	300	400	500	600	700	800	1000	1200	1400	1600	2000	0.5	20000	0.3	20	0	0	0	0	0	0	0	0	0	0	0	0	0	0	0	0	0	0	0	0	0	0	0	0	0	0	0	0	0	0	0	0	0	0	0	0	0	0	0	0	0	6	5	26	36	28	58	67	174	152	213	457	436	609	623	886	820	1040	1205	1449	1785	0	0	0	0	0	0	0	0	0	0	0	0	0	0	0	0	0	0	0	0	1.61	0.0	15.55	18.88	17.17	27.28	45.15	84.22	111.31	147.66	350.99	290.06	505.83	458.09	704.89	591.4	908.8	915.92	1247.89	1439.32	0.0	0.0	0.0	0.0	0.0	0.0	0.0	0.0	0.0	0.0	0.0	0.0	0.0	0.0	0.0	0.0	0.0	0.0	0.0	0.0	4.39	5.0	10.45	17.12	10.83	30.72	21.85	89.78	40.69	65.34	106.01	145.94	103.17	164.91	181.11	228.6	131.2	289.08	201.11	345.68	0.0	0.0	0.0	0.0	0.0	0.0	0.0	0.0	0.0	0.0	0.0	0.0	0.0	0.0	0.0	0.0	0.0	0.0	0.0	0.0	0.7317	1.0	0.4018	0.4756	0.3866	0.5296	0.3261	0.516	0.2677	0.3068	0.232	0.3347	0.1694	0.2647	0.2044	0.2788	0.1262	0.2399	0.1388	0.1937	0.0	0.0	0.0	0.0	0.0	0.0	0.0	0.0	0.0	0.0	0.0	0.0	0.0	0.0	0.0	0.0	0.0	0.0	0.0	0.0	9925	40.48	9884.52	0.9959	6000	18077.5	12077.5	10075	7882.02	0.2177	20000	7922.5	0.6039	26000	3963	0	250	259.07	9.07	50	48.38	250.0	249.21	-0.79	50.0	58.29	2108	23477	20.0	10000.0	9980.0	1.2173e-02	250.0	248.55	-1.45	50.0	50.39	π=0.612	7	True	0.6119	201
10	20	40	70	100	150	200	350	500	700	1000	1200	1500	1800	2000	2500	3000	3500	4000	5000	5	10	20	30	50	70	100	150	200	300	400	500	600	700	800	1000	1200	1400	1600	2000	0.5	20000	0.3	100	0	0	0	0	0	0	0	0	0	0	0	0	0	0	0	0	0	0	0	0	0	0	0	0	0	0	0	0	0	0	0	0	0	0	0	0	0	0	0	0	0	5	4	24	32	29	61	58	171	158	198	456	434	619	623	884	832	1024	1230	1437	1796	0	0	0	0	0	0	0	0	0	0	0	0	0	0	0	0	0	0	0	0	5.41	1.56	17.09	3.14	10.28	32.17	38.99	68.82	125.22	150.8	378.98	291.57	536.54	442.03	744.78	647.02	893.79	934.53	1278.48	1478.57	0.0	0.0	0.0	0.0	0.0	0.0	0.0	0.0	0.0	0.0	0.0	0.0	0.0	0.0	0.0	0.0	0.0	0.0	0.0	0.0	0.41	2.44	6.91	28.86	18.72	28.83	19.01	102.18	32.78	47.2	77.02	142.43	82.46	180.97	139.22	184.98	130.21	295.47	158.52	317.43	0.0	0.0	0.0	0.0	0.0	0.0	0.0	0.0	0.0	0.0	0.0	0.0	0.0	0.0	0.0	0.0	0.0	0.0	0.0	0.0	0.0825	0.609	0.288	0.9019	0.6457	0.4725	0.3278	0.5976	0.2075	0.2384	0.1689	0.3282	0.1332	0.2905	0.1575	0.2223	0.1272	0.2402	0.1103	0.1767	0.0	0.0	0.0	0.0	0.0	0.0	0.0	0.0	0.0	0.0	0.0	0.0	0.0	0.0	0.0	0.0	0.0	0.0	0.0	0.0	9925	39.89	9885.11	0.996	6000	17880.34	11880.34	10075	8079.76	0.198	20000	8119.66	0.594	26000	3966	0	250	256.99	6.99	50	47.58	250.0	249.65	-0.35	50.0	60.29	2106	23670	100.0	10000.0	9900.0	1.2107e-02	250.0	248.43	-1.57	50.0	50.18	π=0.573	7	True	0.5724	201
10	20	40	70	100	150	200	350	500	700	1000	1200	1500	1800	2000	2500	3000	3500	4000	5000	5	10	20	30	50	70	100	150	200	300	400	500	600	700	800	1000	1200	1400	1600	2000	0.5	20000	0.3	1000	0	0	0	0	0	0	0	0	0	0	0	0	0	0	0	0	0	0	0	0	0	0	0	0	0	0	0	0	0	0	0	0	0	0	0	0	0	0	0	0	0	5	4	24	32	29	61	58	171	158	198	456	434	619	623	884	832	1024	1230	1437	1796	0	0	0	0	0	0	0	0	0	0	0	0	0	0	0	0	0	0	0	0	5.41	1.56	17.09	3.14	10.28	32.17	38.99	68.82	125.22	150.8	378.98	291.57	536.54	442.03	744.78	647.02	893.79	934.53	1278.48	1478.57	0.0	0.0	0.0	0.0	0.0	0.0	0.0	0.0	0.0	0.0	0.0	0.0	0.0	0.0	0.0	0.0	0.0	0.0	0.0	0.0	0.41	2.44	6.91	28.86	18.72	28.83	19.01	102.18	32.78	47.2	77.02	142.43	82.46	180.97	139.22	184.98	130.21	295.47	158.52	317.43	0.0	0.0	0.0	0.0	0.0	0.0	0.0	0.0	0.0	0.0	0.0	0.0	0.0	0.0	0.0	0.0	0.0	0.0	0.0	0.0	0.0825	0.609	0.288	0.9019	0.6457	0.4725	0.3278	0.5976	0.2075	0.2384	0.1689	0.3282	0.1332	0.2905	0.1575	0.2223	0.1272	0.2402	0.1103	0.1767	0.0	0.0	0.0	0.0	0.0	0.0	0.0	0.0	0.0	0.0	0.0	0.0	0.0	0.0	0.0	0.0	0.0	0.0	0.0	0.0	9925	39.89	9885.11	0.996	6000	17880.34	11880.34	10075	8079.76	0.198	20000	8119.66	0.594	26000	3966	0	250	256.99	6.99	50	47.58	250.0	249.65	-0.35	50.0	60.29	2106	23670	1000.0	10000.0	9000.0	1.2107e-02	250.0	248.43	-1.57	50.0	50.18	π=0.573	7	True	0.5724	201
10	20	40	70	100	150	200	350	500	700	1000	1200	1500	1800	2000	2500	3000	3500	4000	5000	5	10	20	30	50	70	100	150	200	300	400	500	600	700	800	1000	1200	1400	1600	2000	0.5	20000	0.5	5	0	0	0	0	0	0	0	0	0	0	0	0	0	0	0	0	0	0	0	0	0	0	0	0	0	0	0	0	0	0	0	0	0	0	0	0	0	0	0	0	0	4	6	21	37	32	60	68	174	150	212	458	429	606	646	890	828	1030	1190	1443	1791	0	0	0	0	0	0	0	0	0	0	0	0	0	0	0	0	0	0	0	0	0.0	0.0	17.28	35.23	28.55	51.05	56.43	134.03	148.79	196.79	453.12	406.13	618.72	650.67	902.09	810.18	997.61	1208.2	1466.85	1735.15	0.0	0.0	0.0	0.0	0.0	0.0	0.0	0.0	0.0	0.0	0.0	0.0	0.0	0.0	0.0	0.0	0.0	0.0	0.0	0.0	4.0	6.0	3.72	1.77	3.45	8.95	11.57	39.97	1.21	15.21	4.88	22.87	12.72	4.67	12.09	17.82	32.39	18.2	23.85	55.85	0.0	0.0	0.0	0.0	0.0	0.0	0.0	0.0	0.0	0.0	0.0	0.0	0.0	0.0	0.0	0.0	0.0	0.0	0.0	0.0	1.0	1.0	0.1772	0.0479	0.1079	0.1492	0.1702	0.2297	0.0081	0.0717	0.0106	0.0533	0.021	0.0072	0.0136	0.0215	0.0314	0.0153	0.0165	0.0312	0.0	0.0	0.0	0.0	0.0	0.0	0.0	0.0	0.0	0.0	0.0	0.0	0.0	0.0	0.0	0.0	0.0	0.0	0.0	0.0	9925	5186.05	4738.95	0.4775	10000	14897.09	4897.09	10075	9916.85	0.0157	20000	15102.91	0.2449	30000	6494	0	250	249.99	-0.01	50	57.74	250.0	249.38	-0.62	50.0	50.54	23506	6494	5.0	10000.0	9995.0	2.0012e-02	250.0	248.5	-1.5	50.0	50.38	π=0.626	5	True	0.6261	201
10	20	40	70	100	150	200	350	500	700	1000	1200	1500	1800	2000	2500	3000	3500	4000	5000	5	10	20	30	50	70	100	150	200	300	400	500	600	700	800	1000	1200	1400	1600	2000	0.5	20000	0.5	20	0	0	0	0	0	0	0	0	0	0	0	0	0	0	0	0	0	0	0	0	0	0	0	0	0	0	0	0	0	0	0	0	0	0	0	0	0	0	0	0	0	6	5	26	36	28	58	67	174	152	213	457	436	609	623	886	820	1040	1205	1449	1785	0	0	0	0	0	0	0	0	0	0	0	0	0	0	0	0	0	0	0	0	1.75	0.0	14.4	18.47	16.95	19.8	42.62	79.81	103.86	128.87	350.54	277.72	501.76	456.49	694.23	580.65	902.91	894.11	1238.77	1416.36	0.0	0.0	0.0	0.0	0.0	0.0	0.0	0.0	0.0	0.0	0.0	0.0	0.0	0.0	0.0	0.0	0.0	0.0	0.0	0.0	4.25	5.0	11.6	17.53	11.05	38.2	24.38	94.19	48.14	84.13	106.46	158.28	107.24	166.51	191.77	239.35	137.09	310.89	210.23	368.64	0.0	0.0	0.0	0.0	0.0	0.0	0.0	0.0	0.0	0.0	0.0	0.0	0.0	0.0	0.0	0.0	0.0	0.0	0.0	0.0	0.7078	1.0	0.4462	0.4869	0.3947	0.6586	0.3639	0.5413	0.3167	0.395	0.233	0.363	0.1761	0.2673	0.2164	0.2919	0.1318	0.258	0.1451	0.2065	0.0	0.0	0.0	0.0	0.0	0.0	0.0	0.0	0.0	0.0	0.0	0.0	0.0	0.0	0.0	0.0	0.0	0.0	0.0	0.0	9925	38.63	9886.37	0.9961	10000	22221.29	12221.29	10075	7740.07	0.2318	20000	7778.71	0.6111	30000	6520	0	250	259.07	9.07	50	48.38	250.0	249.26	-0.74	50.0	57.25	2108	27567	20.0	10000.0	9980.0	2.0054e-02	250.0	248.62	-1.38	50.0	50.57	π=0.610	5	True	0.6105	201
10	20	40	70	100	150	200	350	500	700	1000	1200	1500	1800	2000	2500	3000	3500	4000	5000	5	10	20	30	50	70	100	150	200	300	400	500	600	700	800	1000	1200	1400	1600	2000	0.5	20000	0.5	100	0	0	0	0	0	0	0	0	0	0	0	0	0	0	0	0	0	0	0	0	0	0	0	0	0	0	0	0	0	0	0	0	0	0	0	0	0	0	0	0	0	5	4	24	32	29	61	58	171	158	198	456	434	619	623	884	832	1024	1230	1437	1796	0	0	0	0	0	0	0	0	0	0	0	0	0	0	0	0	0	0	0	0	5.86	2.22	14.4	3.25	10.15	31.74	37.0	65.23	120.45	135.72	373.77	275.88	532.5	432.08	731.98	631.19	889.85	904.37	1269.42	1451.82	0.0	0.0	0.0	0.0	0.0	0.0	0.0	0.0	0.0	0.0	0.0	0.0	0.0	0.0	0.0	0.0	0.0	0.0	0.0	0.0	0.86	1.78	9.6	28.75	18.85	29.26	21.0	105.77	37.55	62.28	82.23	158.12	86.5	190.92	152.02	200.81	134.15	325.63	167.58	344.18	0.0	0.0	0.0	0.0	0.0	0.0	0.0	0.0	0.0	0.0	0.0	0.0	0.0	0.0	0.0	0.0	0.0	0.0	0.0	0.0	0.1724	0.4445	0.3999	0.8985	0.6499	0.4797	0.362	0.6185	0.2377	0.3145	0.1803	0.3643	0.1397	0.3065	0.172	0.2414	0.131	0.2647	0.1166	0.1916	0.0	0.0	0.0	0.0	0.0	0.0	0.0	0.0	0.0	0.0	0.0	0.0	0.0	0.0	0.0	0.0	0.0	0.0	0.0	0.0	9925	38.58	9886.42	0.9961	10000	22042.54	12042.54	10075	7918.88	0.214	20000	7957.46	0.6021	30000	6515	0	250	256.99	6.99	50	47.58	250.0	249.64	-0.36	50.0	59.0	2106	27737	100.0	8913.7	8813.7	2.0063e-02	250.0	248.18	-1.82	50.0	50.22	π=0.586	4	True	0.5857	201
10	20	40	70	100	150	200	350	500	700	1000	1200	1500	1800	2000	2500	3000	3500	4000	5000	5	10	20	30	50	70	100	150	200	300	400	500	600	700	800	1000	1200	1400	1600	2000	0.5	20000	0.5	1000	0	0	0	0	0	0	0	0	0	0	0	0	0	0	0	0	0	0	0	0	0	0	0	0	0	0	0	0	0	0	0	0	0	0	0	0	0	0	0	0	0	5	4	24	32	29	61	58	171	158	198	456	434	619	623	884	832	1024	1230	1437	1796	0	0	0	0	0	0	0	0	0	0	0	0	0	0	0	0	0	0	0	0	5.86	2.22	14.4	3.25	10.15	31.74	37.0	65.23	120.45	135.72	373.77	275.88	532.5	432.08	731.98	631.19	889.85	904.37	1269.42	1451.82	0.0	0.0	0.0	0.0	0.0	0.0	0.0	0.0	0.0	0.0	0.0	0.0	0.0	0.0	0.0	0.0	0.0	0.0	0.0	0.0	0.86	1.78	9.6	28.75	18.85	29.26	21.0	105.77	37.55	62.28	82.23	158.12	86.5	190.92	152.02	200.81	134.15	325.63	167.58	344.18	0.0	0.0	0.0	0.0	0.0	0.0	0.0	0.0	0.0	0.0	0.0	0.0	0.0	0.0	0.0	0.0	0.0	0.0	0.0	0.0	0.1724	0.4445	0.3999	0.8985	0.6499	0.4797	0.362	0.6185	0.2377	0.3145	0.1803	0.3643	0.1397	0.3065	0.172	0.2414	0.131	0.2647	0.1166	0.1916	0.0	0.0	0.0	0.0	0.0	0.0	0.0	0.0	0.0	0.0	0.0	0.0	0.0	0.0	0.0	0.0	0.0	0.0	0.0	0.0	9925	38.58	9886.42	0.9961	10000	22042.54	12042.54	10075	7918.88	0.214	20000	7957.46	0.6021	30000	6515	0	250	256.99	6.99	50	47.58	250.0	249.64	-0.36	50.0	59.0	2106	27737	1000.0	8913.7	7913.7	2.0063e-02	250.0	248.18	-1.82	50.0	50.22	π=0.586	4	True	0.5857	201
10	20	40	70	100	150	200	350	500	700	1000	1200	1500	1800	2000	2500	3000	3500	4000	5000	5	10	20	30	50	70	100	150	200	300	400	500	600	700	800	1000	1200	1400	1600	2000	0.75	20000	0.0	5	0	0	0	0	0	0	0	0	0	0	0	0	0	0	0	0	0	0	0	0	0	0	0	0	0	0	0	0	0	0	0	0	0	0	0	0	0	0	0	0	0	7	6	19	38	27	50	62	163	189	219	500	424	608	605	830	872	995	1246	1428	1787	0	0	0	0	0	0	0	0	0	0	0	0	0	0	0	0	0	0	0	0	7.16	5.93	16.85	37.82	24.18	49.47	59.34	161.53	197.01	218.93	509.34	425.21	602.96	618.37	837.36	849.87	976.84	1247.88	1423.27	1781.87	0.0	0.0	0.0	0.0	0.0	0.0	0.0	0.0	0.0	0.0	0.0	0.0	0.0	0.0	0.0	0.0	0.0	0.0	0.0	0.0	0.16	0.07	2.15	0.18	2.82	0.53	2.66	1.47	8.01	0.07	9.34	1.21	5.04	13.37	7.36	22.13	18.16	1.88	4.73	5.13	0.0	0.0	0.0	0.0	0.0	0.0	0.0	0.0	0.0	0.0	0.0	0.0	0.0	0.0	0.0	0.0	0.0	0.0	0.0	0.0	0.0223	0.0122	0.1133	0.0047	0.1043	0.0106	0.0429	0.009	0.0424	0.0003	0.0187	0.0029	0.0083	0.0221	0.0089	0.0254	0.0182	0.0015	0.0033	0.0029	0.0	0.0	0.0	0.0	0.0	0.0	0.0	0.0	0.0	0.0	0.0	0.0	0.0	0.0	0.0	0.0	0.0	0.0	0.0	0.0	9925	9871.13	53.87	0.0054	0	77.67	77.67	10075	10051.2	0.0024	20000	19922.33	0.0039	20000	0	0	250	250.48	0.48	50	61.48	250.0			50.0		18870	0	5.0	4.08	-0.92	2.3921e-01	250.0	247.19	-2.81	50.0	48.67	π=0.175	19	True	0.6717	201
10	20	40	70	100	150	200	350	500	700	1000	1200	1500	1800	2000	2500	3000	3500	4000	5000	5	10	20	30	50	70	100	150	200	300	400	500	600	700	800	1000	1200	1400	1600	2000	0.75	20000	0.0	20	0	0	0	0	0	0	0	0	0	0	0	0	0	0	0	0	0	0	0	0	0	0	0	0	0	0	0	0	0	0	0	0	0	0	0	0	0	0	0	0	0	7	6	19	38	27	50	62	163	189	219	500	424	608	605	830	872	995	1246	1428	1787	0	0	0	0	0	0	0	0	0	0	0	0	0	0	0	0	0	0	0	0	7.16	5.93	16.85	37.82	24.18	49.47	59.34	161.53	197.01	218.93	509.34	425.21	602.96	618.37	837.36	849.87	976.84	1247.88	1423.27	1781.87	0.0	0.0	0.0	0.0	0.0	0.0	0.0	0.0	0.0	0.0	0.0	0.0	0.0	0.0	0.0	0.0	0.0	0.0	0.0	0.0	0.16	0.07	2.15	0.18	2.82	0.53	2.66	1.47	8.01	0.07	9.34	1.21	5.04	13.37	7.36	22.13	18.16	1.88	4.73	5.13	0.0	0.0	0.0	0.0	0.0	0.0	0.0	0.0	0.0	0.0	0.0	0.0	0.0	0.0	0.0	0.0	0.0	0.0	0.0	0.0	0.0223	0.0122	0.1133	0.0047	0.1043	0.0106	0.0429	0.009	0.0424	0.0003	0.0187	0.0029	0.0083	0.0221	0.0089	0.0254	0.0182	0.0015	0.0033	0.0029	0.0	0.0	0.0	0.0	0.0	0.0	0.0	0.0	0.0	0.0	0.0	0.0	0.0	0.0	0.0	0.0	0.0	0.0	0.0	0.0	9925	9871.13	53.87	0.0054	0	77.67	77.67	10075	10051.2	0.0024	20000	19922.33	0.0039	20000	0	0	250	250.48	0.48	50	61.48	250.0			50.0		18870	0	20.0	4.08	-15.92	2.3921e-01	250.0	247.19	-2.81	50.0	48.67	π=0.175	19	True	0.6717	201
10	20	40	70	100	150	200	350	500	700	1000	1200	1500	1800	2000	2500	3000	3500	4000	5000	5	10	20	30	50	70	100	150	200	300	400	500	600	700	800	1000	1200	1400	1600	2000	0.75	20000	0.0	100	0	0	0	0	0	0	0	0	0	0	0	0	0	0	0	0	0	0	0	0	0	0	0	0	0	0	0	0	0	0	0	0	0	0	0	0	0	0	0	0	0	7	6	19	38	27	50	62	163	189	219	500	424	608	605	830	872	995	1246	1428	1787	0	0	0	0	0	0	0	0	0	0	0	0	0	0	0	0	0	0	0	0	7.16	5.93	16.85	37.82	24.18	49.47	59.34	161.53	197.01	218.93	509.34	425.21	602.96	618.37	837.36	849.87	976.84	1247.88	1423.27	1781.87	0.0	0.0	0.0	0.0	0.0	0.0	0.0	0.0	0.0	0.0	0.0	0.0	0.0	0.0	0.0	0.0	0.0	0.0	0.0	0.0	0.16	0.07	2.15	0.18	2.82	0.53	2.66	1.47	8.01	0.07	9.34	1.21	5.04	13.37	7.36	22.13	18.16	1.88	4.73	5.13	0.0	0.0	0.0	0.0	0.0	0.0	0.0	0.0	0.0	0.0	0.0	0.0	0.0	0.0	0.0	0.0	0.0	0.0	0.0	0.0	0.0223	0.0122	0.1133	0.0047	0.1043	0.0106	0.0429	0.009	0.0424	0.0003	0.0187	0.0029	0.0083	0.0221	0.0089	0.0254	0.0182	0.0015	0.0033	0.0029	0.0	0.0	0.0	0.0	0.0	0.0	0.0	0.0	0.0	0.0	0.0	0.0	0.0	0.0	0.0	0.0	0.0	0.0	0.0	0.0	9925	9871.13	53.87	0.0054	0	77.67	77.67	10075	10051.2	0.0024	20000	19922.33	0.0039	20000	0	0	250	250.48	0.48	50	61.48	250.0			50.0		18870	0	100.0	4.08	-95.92	2.3921e-01	250.0	247.19	-2.81	50.0	48.67	π=0.175	19	True	0.6717	201
10	20	40	70	100	150	200	350	500	700	1000	1200	1500	1800	2000	2500	3000	3500	4000	5000	5	10	20	30	50	70	100	150	200	300	400	500	600	700	800	1000	1200	1400	1600	2000	0.75	20000	0.0	1000	0	0	0	0	0	0	0	0	0	0	0	0	0	0	0	0	0	0	0	0	0	0	0	0	0	0	0	0	0	0	0	0	0	0	0	0	0	0	0	0	0	7	6	19	38	27	50	62	163	189	219	500	424	608	605	830	872	995	1246	1428	1787	0	0	0	0	0	0	0	0	0	0	0	0	0	0	0	0	0	0	0	0	7.16	5.93	16.85	37.82	24.18	49.47	59.34	161.53	197.01	218.93	509.34	425.21	602.96	618.37	837.36	849.87	976.84	1247.88	1423.27	1781.87	0.0	0.0	0.0	0.0	0.0	0.0	0.0	0.0	0.0	0.0	0.0	0.0	0.0	0.0	0.0	0.0	0.0	0.0	0.0	0.0	0.16	0.07	2.15	0.18	2.82	0.53	2.66	1.47	8.01	0.07	9.34	1.21	5.04	13.37	7.36	22.13	18.16	1.88	4.73	5.13	0.0	0.0	0.0	0.0	0.0	0.0	0.0	0.0	0.0	0.0	0.0	0.0	0.0	0.0	0.0	0.0	0.0	0.0	0.0	0.0	0.0223	0.0122	0.1133	0.0047	0.1043	0.0106	0.0429	0.009	0.0424	0.0003	0.0187	0.0029	0.0083	0.0221	0.0089	0.0254	0.0182	0.0015	0.0033	0.0029	0.0	0.0	0.0	0.0	0.0	0.0	0.0	0.0	0.0	0.0	0.0	0.0	0.0	0.0	0.0	0.0	0.0	0.0	0.0	0.0	9925	9871.13	53.87	0.0054	0	77.67	77.67	10075	10051.2	0.0024	20000	19922.33	0.0039	20000	0	0	250	250.48	0.48	50	61.48	250.0			50.0		18870	0	1000.0	4.08	-995.92	2.3921e-01	250.0	247.19	-2.81	50.0	48.67	π=0.175	19	True	0.6717	201
10	20	40	70	100	150	200	350	500	700	1000	1200	1500	1800	2000	2500	3000	3500	4000	5000	5	10	20	30	50	70	100	150	200	300	400	500	600	700	800	1000	1200	1400	1600	2000	0.75	20000	0.1	5	0	0	0	0	0	0	0	0	0	0	0	0	0	0	0	0	0	0	0	0	0	0	0	0	0	0	0	0	0	0	0	0	0	0	0	0	0	0	0	0	0	4	6	21	37	32	60	68	174	150	212	458	429	606	646	890	828	1030	1190	1443	1791	0	0	0	0	0	0	0	0	0	0	0	0	0	0	0	0	0	0	0	0	0.0	0.31	19.45	43.33	30.04	65.11	64.34	162.08	148.76	206.13	458.06	407.36	616.08	649.87	901.95	815.07	1003.82	1209.71	1470.37	1737.8	0.0	0.0	0.0	0.0	0.0	0.0	0.0	0.0	0.0	0.0	0.0	0.0	0.0	0.0	0.0	0.0	0.42	0.0	0.0	0.0	4.0	5.69	1.55	6.33	1.96	5.11	3.66	11.92	1.24	5.87	0.06	21.64	10.08	3.87	11.95	12.93	26.18	19.71	27.37	53.2	0.0	0.0	0.0	0.0	0.0	0.0	0.0	0.0	0.0	0.0	0.0	0.0	0.0	0.0	0.0	0.0	0.42	0.0	0.0	0.0	1.0	0.9478	0.0739	0.171	0.0613	0.0851	0.0538	0.0685	0.0083	0.0277	0.0001	0.0504	0.0166	0.006	0.0134	0.0156	0.0254	0.0166	0.019	0.0297	0.0	0.0	0.0	0.0	0.0	0.0	0.0	0.0	0.0	0.0	0.0	0.0	0.0	0.0	0.0	0.0	0.0	0.0	0.0	0.0	9925	9842.37	82.63	0.0083	2000	2147.59	147.59	10075	10010.05	0.0064	20000	19852.41	0.0074	22000	1349	0	250	250.09	0.09	50	58.68	250.0	250.13	0.13	50.0	51.59	19991	1349	5.0	4.29	-0.71	2.3263e-01	250.0	246.93	-3.07	50.0	49.06	π=0.075	8	True	0.0796	201
10	20	40	70	100	150	200	350	500	700	1000	1200	1500	1800	2000	2500	3000	3500	4000	5000	5	10	20	30	50	70	100	150	200	300	400	500	600	700	800	1000	1200	1400	1600	2000	0.75	20000	0.1	20	0	0	0	0	0	0	0	0	0	0	0	0	0	0	0	0	0	0	0	0	0	0	0	0	0	0	0	0	0	0	0	0	0	0	0	0	0	0	0	0	0	6	5	26	36	28	58	67	174	152	213	457	436	609	623	886	820	1040	1205	1449	1785	0	0	0	0	0	0	0	0	0	0	0	0	0	0	0	0	0	0	0	0	3.53	3.44	25.56	41.54	25.38	52.52	62.82	187.63	146.21	207.92	445.8	424.57	611.22	605.69	873.94	780.53	1042.48	1195.41	1429.99	1826.06	2.15	0.0	0.0	0.0	0.0	0.0	0.0	0.0	0.0	0.0	0.0	0.0	0.0	0.0	0.0	0.0	0.0	0.0	0.0	0.0	2.47	1.56	0.44	5.54	2.62	5.48	4.18	13.63	5.79	5.08	11.2	11.43	2.22	17.31	12.06	39.47	2.48	9.59	19.01	41.06	2.15	0.0	0.0	0.0	0.0	0.0	0.0	0.0	0.0	0.0	0.0	0.0	0.0	0.0	0.0	0.0	0.0	0.0	0.0	0.0	0.4113	0.3118	0.017	0.154	0.0937	0.0945	0.0623	0.0783	0.0381	0.0238	0.0245	0.0262	0.0037	0.0278	0.0136	0.0481	0.0024	0.008	0.0131	0.023	0.0	0.0	0.0	0.0	0.0	0.0	0.0	0.0	0.0	0.0	0.0	0.0	0.0	0.0	0.0	0.0	0.0	0.0	0.0	0.0	9925	9884.69	40.31	0.0041	2000	2120.9	120.9	10075	9994.41	0.008	20000	19879.1	0.006	22000	1306	0	250	250.19	0.19	50	59.38	250.0	250.91	0.91	50.0	50.77	19632	1306	20.0	4.01	-15.99	2.3600e-01	250.0	248.1	-1.9	50.0	49.11	π=0.075	7	True	0.0846	201
10	20	40	70	100	150	200	350	500	700	1000	1200	1500	1800	2000	2500	3000	3500	4000	5000	5	10	20	30	50	70	100	150	200	300	400	500	600	700	800	1000	1200	1400	1600	2000	0.75	20000	0.1	100	0	0	0	0	0	0	0	0	0	0	0	0	0	0	0	0	0	0	0	0	0	0	0	0	0	0	0	0	0	0	0	0	0	0	0	0	0	0	0	0	0	5	4	24	32	29	61	58	171	158	198	456	434	619	623	884	832	1024	1230	1437	1796	0	0	0	0	0	0	0	0	0	0	0	0	0	0	0	0	0	0	0	0	6.44	4.14	30.86	28.09	27.33	53.9	54.06	149.32	152.72	218.68	478.52	421.78	638.21	603.68	905.67	828.88	1017.21	1220.08	1455.92	1836.5	0.33	0.0	0.0	0.0	0.0	0.0	0.0	0.0	0.0	0.0	0.0	0.0	0.0	0.0	0.0	0.0	0.0	0.0	0.0	0.0	1.44	0.14	6.86	3.91	1.67	7.1	3.94	21.68	5.28	20.68	22.52	12.22	19.21	19.32	21.67	3.12	6.79	9.92	18.92	40.5	0.33	0.0	0.0	0.0	0.0	0.0	0.0	0.0	0.0	0.0	0.0	0.0	0.0	0.0	0.0	0.0	0.0	0.0	0.0	0.0	0.2883	0.0357	0.2856	0.1222	0.0576	0.1164	0.0679	0.1268	0.0334	0.1045	0.0494	0.0282	0.031	0.031	0.0245	0.0037	0.0066	0.0081	0.0132	0.0225	0.0	0.0	0.0	0.0	0.0	0.0	0.0	0.0	0.0	0.0	0.0	0.0	0.0	0.0	0.0	0.0	0.0	0.0	0.0	0.0	9925	9600.36	324.64	0.0327	2000	2267.32	267.32	10075	10132.33	0.0057	20000	19732.68	0.0134	22000	1346	0	250	250.62	0.62	50	61.18	250.0	249.04	-0.96	50.0	51.96	18729	1346	100.0	4.04	-95.96	2.3340e-01	250.0	247.43	-2.57	50.0	49.98	π=0.075	7	True	0.0796	201
10	20	40	70	100	150	200	350	500	700	1000	1200	1500	1800	2000	2500	3000	3500	4000	5000	5	10	20	30	50	70	100	150	200	300	400	500	600	700	800	1000	1200	1400	1600	2000	0.75	20000	0.1	1000	0	0	0	0	0	0	0	0	0	0	0	0	0	0	0	0	0	0	0	0	0	0	0	0	0	0	0	0	0	0	0	0	0	0	0	0	0	0	0	0	0	5	4	24	32	29	61	58	171	158	198	456	434	619	623	884	832	1024	1230	1437	1796	0	0	0	0	0	0	0	0	0	0	0	0	0	0	0	0	0	0	0	0	6.44	4.14	30.86	28.09	27.33	53.9	54.06	149.32	152.72	218.68	478.52	421.78	638.21	603.68	905.67	828.88	1017.21	1220.08	1455.92	1836.5	0.33	0.0	0.0	0.0	0.0	0.0	0.0	0.0	0.0	0.0	0.0	0.0	0.0	0.0	0.0	0.0	0.0	0.0	0.0	0.0	1.44	0.14	6.86	3.91	1.67	7.1	3.94	21.68	5.28	20.68	22.52	12.22	19.21	19.32	21.67	3.12	6.79	9.92	18.92	40.5	0.33	0.0	0.0	0.0	0.0	0.0	0.0	0.0	0.0	0.0	0.0	0.0	0.0	0.0	0.0	0.0	0.0	0.0	0.0	0.0	0.2883	0.0357	0.2856	0.1222	0.0576	0.1164	0.0679	0.1268	0.0334	0.1045	0.0494	0.0282	0.031	0.031	0.0245	0.0037	0.0066	0.0081	0.0132	0.0225	0.0	0.0	0.0	0.0	0.0	0.0	0.0	0.0	0.0	0.0	0.0	0.0	0.0	0.0	0.0	0.0	0.0	0.0	0.0	0.0	9925	9600.36	324.64	0.0327	2000	2267.32	267.32	10075	10132.33	0.0057	20000	19732.68	0.0134	22000	1346	0	250	250.62	0.62	50	61.18	250.0	249.04	-0.96	50.0	51.96	18729	1346	1000.0	4.04	-995.96	2.3340e-01	250.0	247.43	-2.57	50.0	49.98	π=0.075	7	True	0.0796	201
10	20	40	70	100	150	200	350	500	700	1000	1200	1500	1800	2000	2500	3000	3500	4000	5000	5	10	20	30	50	70	100	150	200	300	400	500	600	700	800	1000	1200	1400	1600	2000	0.75	20000	0.3	5	0	0	0	0	0	0	0	0	0	0	0	0	0	0	0	0	0	0	0	0	0	0	0	0	0	0	0	0	0	0	0	0	0	0	0	0	0	0	0	0	0	4	6	21	37	32	60	68	174	150	212	458	429	606	646	890	828	1030	1190	1443	1791	0	0	0	0	0	0	0	0	0	0	0	0	0	0	0	0	0	0	0	0	0.0	0.0	18.81	32.83	28.02	59.89	58.55	152.94	151.97	199.01	450.25	398.33	612.29	639.48	898.09	820.11	996.03	1206.33	1458.74	1731.99	0.0	0.0	0.0	0.0	0.0	0.0	0.0	0.0	0.0	0.0	0.0	0.0	0.0	0.0	0.0	0.0	0.0	0.0	0.0	0.0	4.0	6.0	2.19	4.17	3.98	0.11	9.45	21.06	1.97	12.99	7.75	30.67	6.29	6.52	8.09	7.89	33.97	16.33	15.74	59.01	0.0	0.0	0.0	0.0	0.0	0.0	0.0	0.0	0.0	0.0	0.0	0.0	0.0	0.0	0.0	0.0	0.0	0.0	0.0	0.0	1.0	1.0	0.1045	0.1126	0.1243	0.0018	0.139	0.1211	0.0131	0.0613	0.0169	0.0715	0.0104	0.0101	0.0091	0.0095	0.033	0.0137	0.0109	0.0329	0.0	0.0	0.0	0.0	0.0	0.0	0.0	0.0	0.0	0.0	0.0	0.0	0.0	0.0	0.0	0.0	0.0	0.0	0.0	0.0	9925	8408.52	1516.48	0.1528	6000	7677.83	1677.83	10075	9913.65	0.016	20000	18322.17	0.0839	26000	3905	0	250	250.43	0.43	50	57.91	250.0	248.2	-1.8	50.0	50.04	17379	3905	5.0	4.92	-0.08	2.4212e-01	250.0	246.78	-3.22	50.0	49.11	π=0.075	8	True	0.0746	201
10	20	40	70	100	150	200	350	500	700	1000	1200	1500	1800	2000	2500	3000	3500	4000	5000	5	10	20	30	50	70	100	150	200	300	400	500	600	700	800	1000	1200	1400	1600	2000	0.75	20000	0.3	20	0	0	0	0	0	0	0	0	0	0	0	0	0	0	0	0	0	0	0	0	0	0	0	0	0	0	0	0	0	0	0	0	0	0	0	0	0	0	0	0	0	6	5	26	36	28	58	67	174	152	213	457	436	609	623	886	820	1040	1205	1449	1785	0	0	0	0	0	0	0	0	0	0	0	0	0	0	0	0	0	0	0	0	2.56	0.0	24.29	35.75	22.49	53.15	59.89	164.44	143.99	205.95	439.13	420.7	610.92	594.93	868.97	784.5	1033.91	1195.31	1427.34	1825.8	0.0	0.0	0.0	0.0	0.0	0.0	0.0	0.0	0.0	0.0	0.0	0.0	0.0	0.0	0.0	0.0	0.0	0.0	0.0	0.0	3.44	5.0	1.71	0.25	5.51	4.85	7.11	9.56	8.01	7.05	17.87	15.3	1.92	28.07	17.03	35.5	6.09	9.69	21.66	40.8	0.0	0.0	0.0	0.0	0.0	0.0	0.0	0.0	0.0	0.0	0.0	0.0	0.0	0.0	0.0	0.0	0.0	0.0	0.0	0.0	0.5727	1.0	0.0656	0.0069	0.1968	0.0836	0.1062	0.055	0.0527	0.0331	0.0391	0.0351	0.0032	0.0451	0.0192	0.0433	0.0059	0.008	0.0149	0.0229	0.0	0.0	0.0	0.0	0.0	0.0	0.0	0.0	0.0	0.0	0.0	0.0	0.0	0.0	0.0	0.0	0.0	0.0	0.0	0.0	9925	8303.05	1621.95	0.1634	6000	7782.92	1782.92	10075	9914.03	0.016	20000	18217.08	0.0891	26000	3963	0	250	250.62	0.62	50	58.57	250.0	248.53	-1.47	50.0	50.31	16782	3963	20.0	4.43	-15.57	2.4305e-01	250.0	247.97	-2.03	50.0	49.2	π=0.075	7	True	0.0746	201
10	20	40	70	100	150	200	350	500	700	1000	1200	1500	1800	2000	2500	3000	3500	4000	5000	5	10	20	30	50	70	100	150	200	300	400	500	600	700	800	1000	1200	1400	1600	2000	0.75	20000	0.3	100	0	0	0	0	0	0	0	0	0	0	0	0	0	0	0	0	0	0	0	0	0	0	0	0	0	0	0	0	0	0	0	0	0	0	0	0	0	0	0	0	0	5	4	24	32	29	61	58	171	158	198	456	434	619	623	884	832	1024	1230	1437	1796	0	0	0	0	0	0	0	0	0	0	0	0	0	0	0	0	0	0	0	0	6.04	2.07	28.14	10.78	22.83	55.02	51.58	126.4	152.1	215.27	475.1	421.67	631.95	597.32	896.76	828.28	1007.92	1217.17	1451.94	1834.64	0.0	0.0	0.0	0.0	0.0	0.0	0.0	0.0	0.0	0.0	0.0	0.0	0.0	0.0	0.0	0.0	0.0	0.0	0.0	0.0	1.04	1.93	4.14	21.22	6.17	5.98	6.42	44.6	5.9	17.27	19.1	12.33	12.95	25.68	12.76	3.72	16.08	12.83	14.94	38.64	0.0	0.0	0.0	0.0	0.0	0.0	0.0	0.0	0.0	0.0	0.0	0.0	0.0	0.0	0.0	0.0	0.0	0.0	0.0	0.0	0.2075	0.4827	0.1725	0.663	0.2129	0.098	0.1107	0.2608	0.0373	0.0872	0.0419	0.0284	0.0209	0.0412	0.0144	0.0045	0.0157	0.0104	0.0104	0.0215	0.0	0.0	0.0	0.0	0.0	0.0	0.0	0.0	0.0	0.0	0.0	0.0	0.0	0.0	0.0	0.0	0.0	0.0	0.0	0.0	9925	7811.46	2113.54	0.213	6000	8155.58	2155.58	10075	10032.96	0.0042	20000	17844.42	0.1078	26000	3966	0	250	250.76	0.76	50	59.77	250.0	248.75	-1.25	50.0	50.43	15839	3966	100.0	4.52	-95.48	2.4089e-01	250.0	247.18	-2.82	50.0	50.1	π=0.075	7	True	0.0746	201
10	20	40	70	100	150	200	350	500	700	1000	1200	1500	1800	2000	2500	3000	3500	4000	5000	5	10	20	30	50	70	100	150	200	300	400	500	600	700	800	1000	1200	1400	1600	2000	0.75	20000	0.3	1000	0	0	0	0	0	0	0	0	0	0	0	0	0	0	0	0	0	0	0	0	0	0	0	0	0	0	0	0	0	0	0	0	0	0	0	0	0	0	0	0	0	5	4	24	32	29	61	58	171	158	198	456	434	619	623	884	832	1024	1230	1437	1796	0	0	0	0	0	0	0	0	0	0	0	0	0	0	0	0	0	0	0	0	6.04	2.07	28.14	10.78	22.83	55.02	51.58	126.4	152.1	215.27	475.1	421.67	631.95	597.32	896.76	828.28	1007.92	1217.17	1451.94	1834.64	0.0	0.0	0.0	0.0	0.0	0.0	0.0	0.0	0.0	0.0	0.0	0.0	0.0	0.0	0.0	0.0	0.0	0.0	0.0	0.0	1.04	1.93	4.14	21.22	6.17	5.98	6.42	44.6	5.9	17.27	19.1	12.33	12.95	25.68	12.76	3.72	16.08	12.83	14.94	38.64	0.0	0.0	0.0	0.0	0.0	0.0	0.0	0.0	0.0	0.0	0.0	0.0	0.0	0.0	0.0	0.0	0.0	0.0	0.0	0.0	0.2075	0.4827	0.1725	0.663	0.2129	0.098	0.1107	0.2608	0.0373	0.0872	0.0419	0.0284	0.0209	0.0412	0.0144	0.0045	0.0157	0.0104	0.0104	0.0215	0.0	0.0	0.0	0.0	0.0	0.0	0.0	0.0	0.0	0.0	0.0	0.0	0.0	0.0	0.0	0.0	0.0	0.0	0.0	0.0	9925	7811.46	2113.54	0.213	6000	8155.58	2155.58	10075	10032.96	0.0042	20000	17844.42	0.1078	26000	3966	0	250	250.76	0.76	50	59.77	250.0	248.75	-1.25	50.0	50.43	15839	3966	1000.0	4.52	-995.48	2.4089e-01	250.0	247.18	-2.82	50.0	50.1	π=0.075	7	True	0.0746	201
10	20	40	70	100	150	200	350	500	700	1000	1200	1500	1800	2000	2500	3000	3500	4000	5000	5	10	20	30	50	70	100	150	200	300	400	500	600	700	800	1000	1200	1400	1600	2000	0.75	20000	0.5	5	0	0	0	0	0	0	0	0	0	0	0	0	0	0	0	0	0	0	0	0	0	0	0	0	0	0	0	0	0	0	0	0	0	0	0	0	0	0	0	0	0	4	6	21	37	32	60	68	174	150	212	458	429	606	646	890	828	1030	1190	1443	1791	0	0	0	0	0	0	0	0	0	0	0	0	0	0	0	0	0	0	0	0	0.0	0.0	14.79	35.34	30.48	54.79	57.32	146.95	150.13	193.14	451.97	397.27	615.17	645.05	901.06	806.66	986.88	1207.65	1462.56	1728.24	0.0	0.0	0.0	0.0	0.0	0.0	0.0	0.0	0.0	0.0	0.0	0.0	0.0	0.0	0.0	0.0	0.0	0.0	0.0	0.0	4.0	6.0	6.21	1.66	1.52	5.21	10.68	27.05	0.13	18.86	6.03	31.73	9.17	0.95	11.06	21.34	43.12	17.65	19.56	62.76	0.0	0.0	0.0	0.0	0.0	0.0	0.0	0.0	0.0	0.0	0.0	0.0	0.0	0.0	0.0	0.0	0.0	0.0	0.0	0.0	1.0	1.0	0.2957	0.0449	0.0474	0.0868	0.1571	0.1555	0.0009	0.089	0.0132	0.074	0.0151	0.0015	0.0124	0.0258	0.0419	0.0148	0.0136	0.035	0.0	0.0	0.0	0.0	0.0	0.0	0.0	0.0	0.0	0.0	0.0	0.0	0.0	0.0	0.0	0.0	0.0	0.0	0.0	0.0	9925	6433.47	3491.53	0.3518	10000	13681.08	3681.08	10075	9885.45	0.0188	20000	16318.92	0.1841	30000	6494	0	250	250.46	0.46	50	57.23	250.0	249.38	-0.62	50.0	50.54	14998	6494	5.0	5.11	0.11	2.4816e-01	250.0	246.98	-3.02	50.0	49.14	π=0.075	8	True	0.0746	201
10	20	40	70	100	150	200	350	500	700	1000	1200	1500	1800	2000	2500	3000	3500	4000	5000	5	10	20	30	50	70	100	150	200	300	400	500	600	700	800	1000	1200	1400	1600	2000	0.75	20000	0.5	20	0	0	0	0	0	0	0	0	0	0	0	0	0	0	0	0	0	0	0	0	0	0	0	0	0	0	0	0	0	0	0	0	0	0	0	0	0	0	0	0	0	6	5	26	36	28	58	67	174	152	213	457	436	609	623	886	820	1040	1205	1449	1785	0	0	0	0	0	0	0	0	0	0	0	0	0	0	0	0	0	0	0	0	2.62	0.0	18.36	32.61	23.05	41.73	59.5	168.09	138.75	197.43	442.76	414.48	610.34	603.65	868.83	776.82	1032.96	1187.7	1424.26	1820.38	0.0	0.0	0.0	0.0	0.0	0.0	0.0	0.0	0.0	0.0	0.0	0.0	0.0	0.0	0.0	0.0	0.0	0.0	0.0	0.0	3.38	5.0	7.64	3.39	4.95	16.27	7.5	5.91	13.25	15.57	14.24	21.52	1.34	19.35	17.17	43.18	7.04	17.3	24.74	35.38	0.0	0.0	0.0	0.0	0.0	0.0	0.0	0.0	0.0	0.0	0.0	0.0	0.0	0.0	0.0	0.0	0.0	0.0	0.0	0.0	0.5634	1.0	0.2939	0.0942	0.1768	0.2805	0.112	0.034	0.0872	0.0731	0.0312	0.0494	0.0022	0.0311	0.0194	0.0527	0.0068	0.0144	0.0171	0.0198	0.0	0.0	0.0	0.0	0.0	0.0	0.0	0.0	0.0	0.0	0.0	0.0	0.0	0.0	0.0	0.0	0.0	0.0	0.0	0.0	9925	6581.6	3343.4	0.3369	10000	13554.1	3554.1	10075	9864.3	0.0209	20000	16445.9	0.1777	30000	6520	0	250	250.69	0.69	50	57.91	250.0	249.34	-0.66	50.0	50.57	14992	6520	20.0	4.58	-15.42	2.5061e-01	250.0	247.95	-2.05	50.0	49.24	π=0.075	7	True	0.0746	201
10	20	40	70	100	150	200	350	500	700	1000	1200	1500	1800	2000	2500	3000	3500	4000	5000	5	10	20	30	50	70	100	150	200	300	400	500	600	700	800	1000	1200	1400	1600	2000	0.75	20000	0.5	100	0	0	0	0	0	0	0	0	0	0	0	0	0	0	0	0	0	0	0	0	0	0	0	0	0	0	0	0	0	0	0	0	0	0	0	0	0	0	0	0	0	5	4	24	32	29	61	58	171	158	198	456	434	619	623	884	832	1024	1230	1437	1796	0	0	0	0	0	0	0	0	0	0	0	0	0	0	0	0	0	0	0	0	7.02	4.39	17.53	6.89	18.94	51.94	51.85	128.37	152.58	204.07	476.41	413.43	634.69	594.79	893.24	814.35	1008.64	1206.16	1450.55	1820.06	0.0	0.0	0.0	0.0	0.0	0.0	0.0	0.0	0.0	0.0	0.0	0.0	0.0	0.0	0.0	0.0	0.0	0.0	0.0	0.0	2.02	0.39	6.47	25.11	10.06	9.06	6.15	42.63	5.42	6.07	20.41	20.57	15.69	28.21	9.24	17.65	15.36	23.84	13.55	24.06	0.0	0.0	0.0	0.0	0.0	0.0	0.0	0.0	0.0	0.0	0.0	0.0	0.0	0.0	0.0	0.0	0.0	0.0	0.0	0.0	0.4036	0.098	0.2696	0.7848	0.347	0.1486	0.1061	0.2493	0.0343	0.0307	0.0448	0.0474	0.0253	0.0453	0.0105	0.0212	0.015	0.0194	0.0094	0.0134	0.0	0.0	0.0	0.0	0.0	0.0	0.0	0.0	0.0	0.0	0.0	0.0	0.0	0.0	0.0	0.0	0.0	0.0	0.0	0.0	9925	5969.35	3955.65	0.3986	10000	14074.75	4074.75	10075	9955.89	0.0118	20000	15925.25	0.2037	30000	6515	0	250	250.95	0.95	50	58.77	250.0	248.79	-1.21	50.0	50.11	14057	6515	100.0	4.62	-95.38	2.4849e-01	250.0	247.2	-2.8	50.0	50.17	π=0.075	7	True	0.0746	201
10	20	40	70	100	150	200	350	500	700	1000	1200	1500	1800	2000	2500	3000	3500	4000	5000	5	10	20	30	50	70	100	150	200	300	400	500	600	700	800	1000	1200	1400	1600	2000	0.75	20000	0.5	1000	0	0	0	0	0	0	0	0	0	0	0	0	0	0	0	0	0	0	0	0	0	0	0	0	0	0	0	0	0	0	0	0	0	0	0	0	0	0	0	0	0	5	4	24	32	29	61	58	171	158	198	456	434	619	623	884	832	1024	1230	1437	1796	0	0	0	0	0	0	0	0	0	0	0	0	0	0	0	0	0	0	0	0	7.02	4.39	17.53	6.89	18.94	51.94	51.85	128.37	152.58	204.07	476.41	413.43	634.69	594.79	893.24	814.35	1008.64	1206.16	1450.55	1820.06	0.0	0.0	0.0	0.0	0.0	0.0	0.0	0.0	0.0	0.0	0.0	0.0	0.0	0.0	0.0	0.0	0.0	0.0	0.0	0.0	2.02	0.39	6.47	25.11	10.06	9.06	6.15	42.63	5.42	6.07	20.41	20.57	15.69	28.21	9.24	17.65	15.36	23.84	13.55	24.06	0.0	0.0	0.0	0.0	0.0	0.0	0.0	0.0	0.0	0.0	0.0	0.0	0.0	0.0	0.0	0.0	0.0	0.0	0.0	0.0	0.4036	0.098	0.2696	0.7848	0.347	0.1486	0.1061	0.2493	0.0343	0.0307	0.0448	0.0474	0.0253	0.0453	0.0105	0.0212	0.015	0.0194	0.0094	0.0134	0.0	0.0	0.0	0.0	0.0	0.0	0.0	0.0	0.0	0.0	0.0	0.0	0.0	0.0	0.0	0.0	0.0	0.0	0.0	0.0	9925	5969.35	3955.65	0.3986	10000	14074.75	4074.75	10075	9955.89	0.0118	20000	15925.25	0.2037	30000	6515	0	250	250.95	0.95	50	58.77	250.0	248.79	-1.21	50.0	50.11	14057	6515	1000.0	4.62	-995.38	2.4849e-01	250.0	247.2	-2.8	50.0	50.17	π=0.075	7	True	0.0746	201
10	20	40	70	100	150	200	350	500	700	1000	1200	1500	1800	2000	2500	3000	3500	4000	5000	5	10	20	30	50	70	100	150	200	300	400	500	600	700	800	1000	1200	1400	1600	2000	0.9	20000	0.0	5	0	0	0	0	0	0	0	0	0	0	0	0	0	0	0	0	0	0	0	0	0	0	0	0	0	0	0	0	0	0	0	0	0	0	0	0	0	0	0	0	0	7	6	19	38	27	50	62	163	189	219	500	424	608	605	830	872	995	1246	1428	1787	0	0	0	0	0	0	0	0	0	0	0	0	0	0	0	0	0	0	0	0	7.04	5.98	16.87	37.86	24.18	49.37	59.42	161.52	197.0	218.97	508.53	424.83	602.74	616.72	837.25	849.52	975.52	1246.69	1422.92	1781.09	0.0	0.0	0.0	0.0	0.0	0.0	0.0	0.0	0.0	0.0	0.0	0.0	0.0	0.0	0.0	0.0	0.0	0.0	0.0	0.0	0.04	0.02	2.13	0.14	2.82	0.63	2.58	1.48	8.0	0.03	8.53	0.83	5.26	11.72	7.25	22.48	19.48	0.69	5.08	5.91	0.0	0.0	0.0	0.0	0.0	0.0	0.0	0.0	0.0	0.0	0.0	0.0	0.0	0.0	0.0	0.0	0.0	0.0	0.0	0.0	0.0053	0.0035	0.1122	0.0036	0.1044	0.0126	0.0416	0.0091	0.0423	0.0002	0.0171	0.002	0.0087	0.0194	0.0087	0.0258	0.0196	0.0006	0.0036	0.0033	0.0	0.0	0.0	0.0	0.0	0.0	0.0	0.0	0.0	0.0	0.0	0.0	0.0	0.0	0.0	0.0	0.0	0.0	0.0	0.0	9925	9799.46	125.54	0.0126	0	156.54	156.54	10075	10044.0	0.0031	20000	19843.46	0.0078	20000	0	0	250	250.59	0.59	50	61.53	250.0			50.0		18478	0	5.0	1.26	-3.74	1.8402e-01	250.0	247.07	-2.93	50.0	48.81	π=0.250	8	True	0.7017	201
10	20	40	70	100	150	200	350	500	700	1000	1200	1500	1800	2000	2500	3000	3500	4000	5000	5	10	20	30	50	70	100	150	200	300	400	500	600	700	800	1000	1200	1400	1600	2000	0.9	20000	0.0	20	0	0	0	0	0	0	0	0	0	0	0	0	0	0	0	0	0	0	0	0	0	0	0	0	0	0	0	0	0	0	0	0	0	0	0	0	0	0	0	0	0	7	6	19	38	27	50	62	163	189	219	500	424	608	605	830	872	995	1246	1428	1787	0	0	0	0	0	0	0	0	0	0	0	0	0	0	0	0	0	0	0	0	7.04	5.98	16.87	37.86	24.18	49.37	59.42	161.52	197.0	218.97	508.53	424.83	602.74	616.72	837.25	849.52	975.52	1246.69	1422.92	1781.09	0.0	0.0	0.0	0.0	0.0	0.0	0.0	0.0	0.0	0.0	0.0	0.0	0.0	0.0	0.0	0.0	0.0	0.0	0.0	0.0	0.04	0.02	2.13	0.14	2.82	0.63	2.58	1.48	8.0	0.03	8.53	0.83	5.26	11.72	7.25	22.48	19.48	0.69	5.08	5.91	0.0	0.0	0.0	0.0	0.0	0.0	0.0	0.0	0.0	0.0	0.0	0.0	0.0	0.0	0.0	0.0	0.0	0.0	0.0	0.0	0.0053	0.0035	0.1122	0.0036	0.1044	0.0126	0.0416	0.0091	0.0423	0.0002	0.0171	0.002	0.0087	0.0194	0.0087	0.0258	0.0196	0.0006	0.0036	0.0033	0.0	0.0	0.0	0.0	0.0	0.0	0.0	0.0	0.0	0.0	0.0	0.0	0.0	0.0	0.0	0.0	0.0	0.0	0.0	0.0	9925	9799.46	125.54	0.0126	0	156.54	156.54	10075	10044.0	0.0031	20000	19843.46	0.0078	20000	0	0	250	250.59	0.59	50	61.53	250.0			50.0		18478	0	20.0	1.26	-18.74	1.8402e-01	250.0	247.07	-2.93	50.0	48.81	π=0.250	8	True	0.7017	201
10	20	40	70	100	150	200	350	500	700	1000	1200	1500	1800	2000	2500	3000	3500	4000	5000	5	10	20	30	50	70	100	150	200	300	400	500	600	700	800	1000	1200	1400	1600	2000	0.9	20000	0.0	100	0	0	0	0	0	0	0	0	0	0	0	0	0	0	0	0	0	0	0	0	0	0	0	0	0	0	0	0	0	0	0	0	0	0	0	0	0	0	0	0	0	7	6	19	38	27	50	62	163	189	219	500	424	608	605	830	872	995	1246	1428	1787	0	0	0	0	0	0	0	0	0	0	0	0	0	0	0	0	0	0	0	0	7.04	5.98	16.87	37.86	24.18	49.37	59.42	161.52	197.0	218.97	508.53	424.83	602.74	616.72	837.25	849.52	975.52	1246.69	1422.92	1781.09	0.0	0.0	0.0	0.0	0.0	0.0	0.0	0.0	0.0	0.0	0.0	0.0	0.0	0.0	0.0	0.0	0.0	0.0	0.0	0.0	0.04	0.02	2.13	0.14	2.82	0.63	2.58	1.48	8.0	0.03	8.53	0.83	5.26	11.72	7.25	22.48	19.48	0.69	5.08	5.91	0.0	0.0	0.0	0.0	0.0	0.0	0.0	0.0	0.0	0.0	0.0	0.0	0.0	0.0	0.0	0.0	0.0	0.0	0.0	0.0	0.0053	0.0035	0.1122	0.0036	0.1044	0.0126	0.0416	0.0091	0.0423	0.0002	0.0171	0.002	0.0087	0.0194	0.0087	0.0258	0.0196	0.0006	0.0036	0.0033	0.0	0.0	0.0	0.0	0.0	0.0	0.0	0.0	0.0	0.0	0.0	0.0	0.0	0.0	0.0	0.0	0.0	0.0	0.0	0.0	9925	9799.46	125.54	0.0126	0	156.54	156.54	10075	10044.0	0.0031	20000	19843.46	0.0078	20000	0	0	250	250.59	0.59	50	61.53	250.0			50.0		18478	0	100.0	1.26	-98.74	1.8402e-01	250.0	247.07	-2.93	50.0	48.81	π=0.250	8	True	0.7017	201
10	20	40	70	100	150	200	350	500	700	1000	1200	1500	1800	2000	2500	3000	3500	4000	5000	5	10	20	30	50	70	100	150	200	300	400	500	600	700	800	1000	1200	1400	1600	2000	0.9	20000	0.0	1000	0	0	0	0	0	0	0	0	0	0	0	0	0	0	0	0	0	0	0	0	0	0	0	0	0	0	0	0	0	0	0	0	0	0	0	0	0	0	0	0	0	7	6	19	38	27	50	62	163	189	219	500	424	608	605	830	872	995	1246	1428	1787	0	0	0	0	0	0	0	0	0	0	0	0	0	0	0	0	0	0	0	0	7.04	5.98	16.87	37.86	24.18	49.37	59.42	161.52	197.0	218.97	508.53	424.83	602.74	616.72	837.25	849.52	975.52	1246.69	1422.92	1781.09	0.0	0.0	0.0	0.0	0.0	0.0	0.0	0.0	0.0	0.0	0.0	0.0	0.0	0.0	0.0	0.0	0.0	0.0	0.0	0.0	0.04	0.02	2.13	0.14	2.82	0.63	2.58	1.48	8.0	0.03	8.53	0.83	5.26	11.72	7.25	22.48	19.48	0.69	5.08	5.91	0.0	0.0	0.0	0.0	0.0	0.0	0.0	0.0	0.0	0.0	0.0	0.0	0.0	0.0	0.0	0.0	0.0	0.0	0.0	0.0	0.0053	0.0035	0.1122	0.0036	0.1044	0.0126	0.0416	0.0091	0.0423	0.0002	0.0171	0.002	0.0087	0.0194	0.0087	0.0258	0.0196	0.0006	0.0036	0.0033	0.0	0.0	0.0	0.0	0.0	0.0	0.0	0.0	0.0	0.0	0.0	0.0	0.0	0.0	0.0	0.0	0.0	0.0	0.0	0.0	9925	9799.46	125.54	0.0126	0	156.54	156.54	10075	10044.0	0.0031	20000	19843.46	0.0078	20000	0	0	250	250.59	0.59	50	61.53	250.0			50.0		18478	0	1000.0	1.26	-998.74	1.8402e-01	250.0	247.07	-2.93	50.0	48.81	π=0.250	8	True	0.7017	201
10	20	40	70	100	150	200	350	500	700	1000	1200	1500	1800	2000	2500	3000	3500	4000	5000	5	10	20	30	50	70	100	150	200	300	400	500	600	700	800	1000	1200	1400	1600	2000	0.9	20000	0.1	5	0	0	0	0	0	0	0	0	0	0	0	0	0	0	0	0	0	0	0	0	0	0	0	0	0	0	0	0	0	0	0	0	0	0	0	0	0	0	0	0	0	4	6	21	37	32	60	68	174	150	212	458	429	606	646	890	828	1030	1190	1443	1791	0	0	0	0	0	0	0	0	0	0	0	0	0	0	0	0	0	0	0	0	0.0	0.0	18.76	42.96	29.46	63.19	64.76	163.29	148.88	202.99	456.59	402.88	614.45	644.0	900.99	812.53	1002.31	1209.71	1464.75	1726.72	0.0	0.0	0.0	0.0	0.0	0.0	0.0	0.0	0.0	0.0	0.0	0.0	0.0	0.0	0.0	0.0	0.24	0.0	0.0	0.0	4.0	6.0	2.24	5.96	2.54	3.19	3.24	10.71	1.12	9.01	1.41	26.12	8.45	2.0	10.99	15.47	27.69	19.71	21.75	64.28	0.0	0.0	0.0	0.0	0.0	0.0	0.0	0.0	0.0	0.0	0.0	0.0	0.0	0.0	0.0	0.0	0.24	0.0	0.0	0.0	1.0	1.0	0.1068	0.161	0.0793	0.0531	0.0477	0.0615	0.0075	0.0425	0.0031	0.0609	0.0139	0.0031	0.0124	0.0187	0.0269	0.0166	0.0151	0.0359	0.0	0.0	0.0	0.0	0.0	0.0	0.0	0.0	0.0	0.0	0.0	0.0	0.0	0.0	0.0	0.0	0.0	0.0	0.0	0.0	9925	9185.72	739.28	0.0745	2000	2844.84	844.84	10075	9969.44	0.0105	20000	19155.16	0.0422	22000	1349	0	250	250.29	0.29	50	58.96	250.0	250.13	0.13	50.0	51.59	17585	1349	5.0	1.37	-3.63	1.8413e-01	250.0	247.12	-2.88	50.0	49.33	π=0.100	6	True	0.1045	201
10	20	40	70	100	150	200	350	500	700	1000	1200	1500	1800	2000	2500	3000	3500	4000	5000	5	10	20	30	50	70	100	150	200	300	400	500	600	700	800	1000	1200	1400	1600	2000	0.9	20000	0.1	20	0	0	0	0	0	0	0	0	0	0	0	0	0	0	0	0	0	0	0	0	0	0	0	0	0	0	0	0	0	0	0	0	0	0	0	0	0	0	0	0	0	6	5	26	36	28	58	67	174	152	213	457	436	609	623	886	820	1040	1205	1449	1785	0	0	0	0	0	0	0	0	0	0	0	0	0	0	0	0	0	0	0	0	3.63	4.03	24.87	41.33	26.16	50.56	62.95	188.1	146.58	206.41	444.21	424.39	611.38	605.92	873.64	780.66	1042.93	1195.74	1430.26	1826.13	0.32	0.0	0.0	0.0	0.0	0.0	0.0	0.0	0.0	0.0	0.0	0.0	0.0	0.0	0.0	0.0	0.0	0.0	0.0	0.0	2.37	0.97	1.13	5.33	1.84	7.44	4.05	14.1	5.42	6.59	12.79	11.61	2.38	17.08	12.36	39.34	2.93	9.26	18.74	41.13	0.32	0.0	0.0	0.0	0.0	0.0	0.0	0.0	0.0	0.0	0.0	0.0	0.0	0.0	0.0	0.0	0.0	0.0	0.0	0.0	0.3947	0.1943	0.0435	0.1482	0.0655	0.1283	0.0605	0.081	0.0357	0.0309	0.028	0.0266	0.0039	0.0274	0.014	0.048	0.0028	0.0077	0.0129	0.023	0.0	0.0	0.0	0.0	0.0	0.0	0.0	0.0	0.0	0.0	0.0	0.0	0.0	0.0	0.0	0.0	0.0	0.0	0.0	0.0	9925	9946.98	21.98	0.0022	2000	2062.82	62.82	10075	9990.21	0.0084	20000	19937.18	0.0031	22000	1306	0	250	250.2	0.2	50	59.35	250.0	250.91	0.91	50.0	50.77	19777	1306	20.0	1.41	-18.59	1.8072e-01	250.0	248.06	-1.94	50.0	49.04	π=0.106	4	True	0.1144	201
10	20	40	70	100	150	200	350	500	700	1000	1200	1500	1800	2000	2500	3000	3500	4000	5000	5	10	20	30	50	70	100	150	200	300	400	500	600	700	800	1000	1200	1400	1600	2000	0.9	20000	0.1	100	0	0	0	0	0	0	0	0	0	0	0	0	0	0	0	0	0	0	0	0	0	0	0	0	0	0	0	0	0	0	0	0	0	0	0	0	0	0	0	0	0	5	4	24	32	29	61	58	171	158	198	456	434	619	623	884	832	1024	1230	1437	1796	0	0	0	0	0	0	0	0	0	0	0	0	0	0	0	0	0	0	0	0	6.52	4.66	29.88	27.45	27.12	54.06	52.7	148.81	151.39	217.95	478.1	418.64	638.04	601.61	900.86	826.43	1012.8	1215.93	1452.87	1833.88	0.26	0.0	0.0	0.0	0.0	0.0	0.0	0.0	0.0	0.0	0.0	0.0	0.0	0.0	0.0	0.0	0.0	0.0	0.0	0.0	1.52	0.66	5.88	4.55	1.88	6.94	5.3	22.19	6.61	19.95	22.1	15.36	19.04	21.39	16.86	5.57	11.2	14.07	15.87	37.88	0.26	0.0	0.0	0.0	0.0	0.0	0.0	0.0	0.0	0.0	0.0	0.0	0.0	0.0	0.0	0.0	0.0	0.0	0.0	0.0	0.3049	0.1651	0.2452	0.1423	0.0649	0.1138	0.0914	0.1297	0.0418	0.1008	0.0485	0.0354	0.0308	0.0343	0.0191	0.0067	0.0109	0.0114	0.011	0.0211	0.0	0.0	0.0	0.0	0.0	0.0	0.0	0.0	0.0	0.0	0.0	0.0	0.0	0.0	0.0	0.0	0.0	0.0	0.0	0.0	9925	9068.23	856.77	0.0863	2000	2831.81	831.81	10075	10099.96	0.0025	20000	19168.19	0.0416	22000	1346	0	250	250.63	0.63	50	60.68	250.0	249.04	-0.96	50.0	51.96	17605	1346	100.0	1.47	-98.53	1.7885e-01	250.0	247.45	-2.55	50.0	49.73	π=0.105	4	True	0.1094	201
10	20	40	70	100	150	200	350	500	700	1000	1200	1500	1800	2000	2500	3000	3500	4000	5000	5	10	20	30	50	70	100	150	200	300	400	500	600	700	800	1000	1200	1400	1600	2000	0.9	20000	0.1	1000	0	0	0	0	0	0	0	0	0	0	0	0	0	0	0	0	0	0	0	0	0	0	0	0	0	0	0	0	0	0	0	0	0	0	0	0	0	0	0	0	0	5	4	24	32	29	61	58	171	158	198	456	434	619	623	884	832	1024	1230	1437	1796	0	0	0	0	0	0	0	0	0	0	0	0	0	0	0	0	0	0	0	0	6.52	4.66	29.88	27.45	27.12	54.06	52.7	148.81	151.39	217.95	478.1	418.64	638.04	601.61	900.86	826.43	1012.8	1215.93	1452.87	1833.88	0.26	0.0	0.0	0.0	0.0	0.0	0.0	0.0	0.0	0.0	0.0	0.0	0.0	0.0	0.0	0.0	0.0	0.0	0.0	0.0	1.52	0.66	5.88	4.55	1.88	6.94	5.3	22.19	6.61	19.95	22.1	15.36	19.04	21.39	16.86	5.57	11.2	14.07	15.87	37.88	0.26	0.0	0.0	0.0	0.0	0.0	0.0	0.0	0.0	0.0	0.0	0.0	0.0	0.0	0.0	0.0	0.0	0.0	0.0	0.0	0.3049	0.1651	0.2452	0.1423	0.0649	0.1138	0.0914	0.1297	0.0418	0.1008	0.0485	0.0354	0.0308	0.0343	0.0191	0.0067	0.0109	0.0114	0.011	0.0211	0.0	0.0	0.0	0.0	0.0	0.0	0.0	0.0	0.0	0.0	0.0	0.0	0.0	0.0	0.0	0.0	0.0	0.0	0.0	0.0	9925	9068.23	856.77	0.0863	2000	2831.81	831.81	10075	10099.96	0.0025	20000	19168.19	0.0416	22000	1346	0	250	250.63	0.63	50	60.68	250.0	249.04	-0.96	50.0	51.96	17605	1346	1000.0	1.47	-998.53	1.7885e-01	250.0	247.45	-2.55	50.0	49.73	π=0.105	4	True	0.1094	201
10	20	40	70	100	150	200	350	500	700	1000	1200	1500	1800	2000	2500	3000	3500	4000	5000	5	10	20	30	50	70	100	150	200	300	400	500	600	700	800	1000	1200	1400	1600	2000	0.9	20000	0.3	5	0	0	0	0	0	0	0	0	0	0	0	0	0	0	0	0	0	0	0	0	0	0	0	0	0	0	0	0	0	0	0	0	0	0	0	0	0	0	0	0	0	4	6	21	37	32	60	68	174	150	212	458	429	606	646	890	828	1030	1190	1443	1791	0	0	0	0	0	0	0	0	0	0	0	0	0	0	0	0	0	0	0	0	0.0	0.0	17.04	33.18	28.44	56.99	60.06	152.15	151.07	195.4	446.75	392.28	606.09	629.82	896.06	812.37	992.76	1201.66	1449.23	1706.69	0.0	0.0	0.0	0.0	0.0	0.0	0.0	0.0	0.0	0.0	0.0	0.0	0.0	0.0	0.0	0.0	0.0	0.0	0.0	0.0	4.0	6.0	3.96	3.82	3.56	3.01	7.94	21.85	1.07	16.6	11.25	36.72	0.09	16.18	6.06	15.63	37.24	11.66	6.23	84.31	0.0	0.0	0.0	0.0	0.0	0.0	0.0	0.0	0.0	0.0	0.0	0.0	0.0	0.0	0.0	0.0	0.0	0.0	0.0	0.0	1.0	1.0	0.1884	0.1033	0.1114	0.0502	0.1168	0.1256	0.0071	0.0783	0.0246	0.0856	0.0001	0.025	0.0068	0.0189	0.0362	0.0098	0.0043	0.0471	0.0	0.0	0.0	0.0	0.0	0.0	0.0	0.0	0.0	0.0	0.0	0.0	0.0	0.0	0.0	0.0	0.0	0.0	0.0	0.0	9925	7874.1	2050.9	0.2066	6000	8297.88	2297.88	10075	9828.01	0.0245	20000	17702.12	0.1149	26000	3905	0	250	250.55	0.55	50	58.7	250.0	248.2	-1.8	50.0	50.04	15692	3905	5.0	1.82	-3.18	1.8840e-01	250.0	246.69	-3.31	50.0	49.28	π=0.105	6	True	0.1046	201
10	20	40	70	100	150	200	350	500	700	1000	1200	1500	1800	2000	2500	3000	3500	4000	5000	5	10	20	30	50	70	100	150	200	300	400	500	600	700	800	1000	1200	1400	1600	2000	0.9	20000	0.3	20	0	0	0	0	0	0	0	0	0	0	0	0	0	0	0	0	0	0	0	0	0	0	0	0	0	0	0	0	0	0	0	0	0	0	0	0	0	0	0	0	0	6	5	26	36	28	58	67	174	152	213	457	436	609	623	886	820	1040	1205	1449	1785	0	0	0	0	0	0	0	0	0	0	0	0	0	0	0	0	0	0	0	0	2.52	0.0	24.86	36.95	25.0	52.23	60.72	170.52	145.97	201.35	435.41	421.29	612.52	595.12	865.86	784.44	1034.88	1198.07	1427.34	1826.89	0.0	0.0	0.0	0.0	0.0	0.0	0.0	0.0	0.0	0.0	0.0	0.0	0.0	0.0	0.0	0.0	0.0	0.0	0.0	0.0	3.48	5.0	1.14	0.95	3.0	5.77	6.28	3.48	6.03	11.65	21.59	14.71	3.52	27.88	20.14	35.56	5.12	6.93	21.66	41.89	0.0	0.0	0.0	0.0	0.0	0.0	0.0	0.0	0.0	0.0	0.0	0.0	0.0	0.0	0.0	0.0	0.0	0.0	0.0	0.0	0.5808	1.0	0.0438	0.0265	0.1073	0.0995	0.0937	0.02	0.0397	0.0547	0.0473	0.0337	0.0058	0.0447	0.0227	0.0434	0.0049	0.0057	0.0149	0.0235	0.0	0.0	0.0	0.0	0.0	0.0	0.0	0.0	0.0	0.0	0.0	0.0	0.0	0.0	0.0	0.0	0.0	0.0	0.0	0.0	9925	8876.46	1048.54	0.1056	6000	7201.62	1201.62	10075	9921.93	0.0152	20000	18798.38	0.0601	26000	3963	0	250	250.6	0.6	50	58.65	250.0	248.53	-1.47	50.0	50.31	17350	3963	20.0	1.75	-18.25	1.8867e-01	250.0	247.99	-2.01	50.0	48.95	π=0.104	5	True	0.1045	201
10	20	40	70	100	150	200	350	500	700	1000	1200	1500	1800	2000	2500	3000	3500	4000	5000	5	10	20	30	50	70	100	150	200	300	400	500	600	700	800	1000	1200	1400	1600	2000	0.9	20000	0.3	100	0	0	0	0	0	0	0	0	0	0	0	0	0	0	0	0	0	0	0	0	0	0	0	0	0	0	0	0	0	0	0	0	0	0	0	0	0	0	0	0	0	5	4	24	32	29	61	58	171	158	198	456	434	619	623	884	832	1024	1230	1437	1796	0	0	0	0	0	0	0	0	0	0	0	0	0	0	0	0	0	0	0	0	5.53	2.07	28.8	12.16	23.32	55.58	50.91	129.22	150.37	212.64	473.43	412.38	632.09	594.02	886.77	822.78	999.71	1206.24	1443.29	1824.31	0.0	0.0	0.0	0.0	0.0	0.0	0.0	0.0	0.0	0.0	0.0	0.0	0.0	0.0	0.0	0.0	0.0	0.0	0.0	0.0	0.53	1.93	4.8	19.84	5.68	5.42	7.09	41.78	7.63	14.64	17.43	21.62	13.09	28.98	2.77	9.22	24.29	23.76	6.29	28.31	0.0	0.0	0.0	0.0	0.0	0.0	0.0	0.0	0.0	0.0	0.0	0.0	0.0	0.0	0.0	0.0	0.0	0.0	0.0	0.0	0.1056	0.482	0.2	0.6199	0.1958	0.0888	0.1222	0.2443	0.0483	0.074	0.0382	0.0498	0.0212	0.0465	0.0031	0.0111	0.0237	0.0193	0.0044	0.0158	0.0	0.0	0.0	0.0	0.0	0.0	0.0	0.0	0.0	0.0	0.0	0.0	0.0	0.0	0.0	0.0	0.0	0.0	0.0	0.0	9925	7725.36	2199.64	0.2216	6000	8309.01	2309.01	10075	9965.64	0.0109	20000	17690.99	0.1155	26000	3966	0	250	250.69	0.69	50	59.72	250.0	248.75	-1.25	50.0	50.43	15511	3966	100.0	1.82	-98.18	1.8715e-01	250.0	247.15	-2.85	50.0	49.71	π=0.104	4	True	0.1045	201
10	20	40	70	100	150	200	350	500	700	1000	1200	1500	1800	2000	2500	3000	3500	4000	5000	5	10	20	30	50	70	100	150	200	300	400	500	600	700	800	1000	1200	1400	1600	2000	0.9	20000	0.3	1000	0	0	0	0	0	0	0	0	0	0	0	0	0	0	0	0	0	0	0	0	0	0	0	0	0	0	0	0	0	0	0	0	0	0	0	0	0	0	0	0	0	5	4	24	32	29	61	58	171	158	198	456	434	619	623	884	832	1024	1230	1437	1796	0	0	0	0	0	0	0	0	0	0	0	0	0	0	0	0	0	0	0	0	5.53	2.07	28.8	12.16	23.32	55.58	50.91	129.22	150.37	212.64	473.43	412.38	632.09	594.02	886.77	822.78	999.71	1206.24	1443.29	1824.31	0.0	0.0	0.0	0.0	0.0	0.0	0.0	0.0	0.0	0.0	0.0	0.0	0.0	0.0	0.0	0.0	0.0	0.0	0.0	0.0	0.53	1.93	4.8	19.84	5.68	5.42	7.09	41.78	7.63	14.64	17.43	21.62	13.09	28.98	2.77	9.22	24.29	23.76	6.29	28.31	0.0	0.0	0.0	0.0	0.0	0.0	0.0	0.0	0.0	0.0	0.0	0.0	0.0	0.0	0.0	0.0	0.0	0.0	0.0	0.0	0.1056	0.482	0.2	0.6199	0.1958	0.0888	0.1222	0.2443	0.0483	0.074	0.0382	0.0498	0.0212	0.0465	0.0031	0.0111	0.0237	0.0193	0.0044	0.0158	0.0	0.0	0.0	0.0	0.0	0.0	0.0	0.0	0.0	0.0	0.0	0.0	0.0	0.0	0.0	0.0	0.0	0.0	0.0	0.0	9925	7725.36	2199.64	0.2216	6000	8309.01	2309.01	10075	9965.64	0.0109	20000	17690.99	0.1155	26000	3966	0	250	250.69	0.69	50	59.72	250.0	248.75	-1.25	50.0	50.43	15511	3966	1000.0	1.82	-998.18	1.8715e-01	250.0	247.15	-2.85	50.0	49.71	π=0.104	4	True	0.1045	201
10	20	40	70	100	150	200	350	500	700	1000	1200	1500	1800	2000	2500	3000	3500	4000	5000	5	10	20	30	50	70	100	150	200	300	400	500	600	700	800	1000	1200	1400	1600	2000	0.9	20000	0.5	5	0	0	0	0	0	0	0	0	0	0	0	0	0	0	0	0	0	0	0	0	0	0	0	0	0	0	0	0	0	0	0	0	0	0	0	0	0	0	0	0	0	4	6	21	37	32	60	68	174	150	212	458	429	606	646	890	828	1030	1190	1443	1791	0	0	0	0	0	0	0	0	0	0	0	0	0	0	0	0	0	0	0	0	0.0	0.0	12.99	35.28	31.38	51.49	58.92	148.91	149.29	194.31	446.14	393.47	609.57	634.1	899.37	795.93	984.05	1198.41	1449.63	1700.28	0.0	0.0	0.0	0.0	0.0	0.0	0.0	0.0	0.0	0.0	0.0	0.0	0.0	0.0	0.0	0.0	0.0	0.0	0.0	0.0	4.0	6.0	8.01	1.72	0.62	8.51	9.08	25.09	0.71	17.69	11.86	35.53	3.57	11.9	9.37	32.07	45.95	8.41	6.63	90.72	0.0	0.0	0.0	0.0	0.0	0.0	0.0	0.0	0.0	0.0	0.0	0.0	0.0	0.0	0.0	0.0	0.0	0.0	0.0	0.0	1.0	1.0	0.3816	0.0466	0.0195	0.1418	0.1335	0.1442	0.0047	0.0834	0.0259	0.0828	0.0059	0.0184	0.0105	0.0387	0.0446	0.0071	0.0046	0.0507	0.0	0.0	0.0	0.0	0.0	0.0	0.0	0.0	0.0	0.0	0.0	0.0	0.0	0.0	0.0	0.0	0.0	0.0	0.0	0.0	9925	6718.29	3206.71	0.3231	10000	13488.19	3488.19	10075	9793.52	0.0279	20000	16511.81	0.1744	30000	6494	0	250	250.62	0.62	50	58.3	250.0	249.34	-0.66	50.0	50.6	14280	6785	5.0	2.1	-2.9	1.8995e-01	250.0	247.12	-2.88	50.0	49.51	π=0.109	7	True	0.1095	201
10	20	40	70	100	150	200	350	500	700	1000	1200	1500	1800	2000	2500	3000	3500	4000	5000	5	10	20	30	50	70	100	150	200	300	400	500	600	700	800	1000	1200	1400	1600	2000	0.9	20000	0.5	20	0	0	0	0	0	0	0	0	0	0	0	0	0	0	0	0	0	0	0	0	0	0	0	0	0	0	0	0	0	0	0	0	0	0	0	0	0	0	0	0	0	6	5	26	36	28	58	67	174	152	213	457	436	609	623	886	820	1040	1205	1449	1785	0	0	0	0	0	0	0	0	0	0	0	0	0	0	0	0	0	0	0	0	2.52	0.0	17.95	34.77	25.85	41.95	60.79	180.73	141.6	195.44	435.26	419.88	613.1	604.18	863.87	776.01	1034.07	1199.39	1423.43	1824.22	0.0	0.0	0.0	0.0	0.0	0.0	0.0	0.0	0.0	0.0	0.0	0.0	0.0	0.0	0.0	0.0	0.0	0.0	0.0	0.0	3.48	5.0	8.05	1.23	2.15	16.05	6.21	6.73	10.4	17.56	21.74	16.12	4.1	18.82	22.13	43.99	5.93	5.61	25.57	39.22	0.0	0.0	0.0	0.0	0.0	0.0	0.0	0.0	0.0	0.0	0.0	0.0	0.0	0.0	0.0	0.0	0.0	0.0	0.0	0.0	0.5797	1.0	0.3097	0.0341	0.0767	0.2767	0.0927	0.0387	0.0684	0.0825	0.0476	0.037	0.0067	0.0302	0.025	0.0536	0.0057	0.0047	0.0176	0.022	0.0	0.0	0.0	0.0	0.0	0.0	0.0	0.0	0.0	0.0	0.0	0.0	0.0	0.0	0.0	0.0	0.0	0.0	0.0	0.0	9925	7953.69	1971.31	0.1986	10000	12151.3	2151.3	10075	9895.01	0.0179	20000	17848.7	0.1076	30000	6520	0	250	250.67	0.67	50	58.12	250.0	249.34	-0.66	50.0	50.57	15734	6520	20.0	1.94	-18.06	1.9655e-01	250.0	247.89	-2.11	50.0	49.15	π=0.105	12	True	0.1045	201
10	20	40	70	100	150	200	350	500	700	1000	1200	1500	1800	2000	2500	3000	3500	4000	5000	5	10	20	30	50	70	100	150	200	300	400	500	600	700	800	1000	1200	1400	1600	2000	0.9	20000	0.5	100	0	0	0	0	0	0	0	0	0	0	0	0	0	0	0	0	0	0	0	0	0	0	0	0	0	0	0	0	0	0	0	0	0	0	0	0	0	0	0	0	0	5	4	24	32	29	61	58	171	158	198	456	434	619	623	884	832	1024	1230	1437	1796	0	0	0	0	0	0	0	0	0	0	0	0	0	0	0	0	0	0	0	0	6.49	3.77	17.21	7.53	18.36	49.45	52.38	140.38	151.49	205.9	473.24	408.22	635.19	591.13	883.56	812.07	998.99	1194.68	1436.04	1809.98	0.0	0.0	0.0	0.0	0.0	0.0	0.0	0.0	0.0	0.0	0.0	0.0	0.0	0.0	0.0	0.0	0.0	0.0	0.0	0.0	1.49	0.23	6.79	24.47	10.64	11.55	5.62	30.62	6.51	7.9	17.24	25.78	16.19	31.87	0.44	19.93	25.01	35.32	0.96	13.98	0.0	0.0	0.0	0.0	0.0	0.0	0.0	0.0	0.0	0.0	0.0	0.0	0.0	0.0	0.0	0.0	0.0	0.0	0.0	0.0	0.2971	0.0576	0.283	0.7647	0.3668	0.1893	0.097	0.1791	0.0412	0.0399	0.0378	0.0594	0.0262	0.0512	0.0005	0.024	0.0244	0.0287	0.0007	0.0078	0.0	0.0	0.0	0.0	0.0	0.0	0.0	0.0	0.0	0.0	0.0	0.0	0.0	0.0	0.0	0.0	0.0	0.0	0.0	0.0	9925	6656.59	3268.41	0.3293	10000	13447.37	3447.37	10075	9896.04	0.0178	20000	16552.63	0.1724	30000	6515	0	250	250.85	0.85	50	59.14	250.0	248.86	-1.14	50.0	50.81	14319	6804	100.0	2.01	-97.99	1.9555e-01	250.0	247.33	-2.67	50.0	50.07	π=0.104	10	True	0.1044	201
10	20	40	70	100	150	200	350	500	700	1000	1200	1500	1800	2000	2500	3000	3500	4000	5000	5	10	20	30	50	70	100	150	200	300	400	500	600	700	800	1000	1200	1400	1600	2000	0.9	20000	0.5	1000	0	0	0	0	0	0	0	0	0	0	0	0	0	0	0	0	0	0	0	0	0	0	0	0	0	0	0	0	0	0	0	0	0	0	0	0	0	0	0	0	0	5	4	24	32	29	61	58	171	158	198	456	434	619	623	884	832	1024	1230	1437	1796	0	0	0	0	0	0	0	0	0	0	0	0	0	0	0	0	0	0	0	0	6.49	3.77	17.21	7.53	18.36	49.45	52.38	140.38	151.49	205.9	473.24	408.22	635.19	591.13	883.56	812.07	998.99	1194.68	1436.04	1809.98	0.0	0.0	0.0	0.0	0.0	0.0	0.0	0.0	0.0	0.0	0.0	0.0	0.0	0.0	0.0	0.0	0.0	0.0	0.0	0.0	1.49	0.23	6.79	24.47	10.64	11.55	5.62	30.62	6.51	7.9	17.24	25.78	16.19	31.87	0.44	19.93	25.01	35.32	0.96	13.98	0.0	0.0	0.0	0.0	0.0	0.0	0.0	0.0	0.0	0.0	0.0	0.0	0.0	0.0	0.0	0.0	0.0	0.0	0.0	0.0	0.2971	0.0576	0.283	0.7647	0.3668	0.1893	0.097	0.1791	0.0412	0.0399	0.0378	0.0594	0.0262	0.0512	0.0005	0.024	0.0244	0.0287	0.0007	0.0078	0.0	0.0	0.0	0.0	0.0	0.0	0.0	0.0	0.0	0.0	0.0	0.0	0.0	0.0	0.0	0.0	0.0	0.0	0.0	0.0	9925	6656.59	3268.41	0.3293	10000	13447.37	3447.37	10075	9896.04	0.0178	20000	16552.63	0.1724	30000	6515	0	250	250.85	0.85	50	59.14	250.0	248.86	-1.14	50.0	50.81	14319	6804	1000.0	2.01	-997.99	1.9555e-01	250.0	247.33	-2.67	50.0	50.07	π=0.104	10	True	0.1044	201
10	20	40	70	100	150	200	350	500	700	1000	1200	1500	1800	2000	2500	3000	3500	4000	5000	5	10	20	30	50	70	100	150	200	300	400	500	600	700	800	1000	1200	1400	1600	2000	1.0	20000	0.0	5	0	0	0	0	0	0	0	0	0	0	0	0	0	0	0	0	0	0	0	0	0	0	0	0	0	0	0	0	0	0	0	0	0	0	0	0	0	0	0	0	0	6	9	22	35	23	55	70	177	177	215	461	433	597	643	873	859	1001	1179	1469	1771	0	0	0	0	0	0	0	0	0	0	0	0	0	0	0	0	0	0	0	0	4.68	10.7	22.95	35.49	24.5	58.36	67.12	165.27	179.15	221.35	447.19	431.18	566.88	650.49	863.82	827.13	1031.54	1168.07	1442.64	1806.78	0.0	0.0	0.0	0.0	0.0	0.0	0.0	0.0	0.0	0.0	0.0	0.0	0.0	0.0	0.0	0.0	0.0	0.0	0.0	0.0	1.32	1.7	0.95	0.49	1.5	3.36	2.88	11.73	2.15	6.35	13.81	1.82	30.12	7.49	9.18	31.87	30.54	10.93	26.36	35.78	0.0	0.0	0.0	0.0	0.0	0.0	0.0	0.0	0.0	0.0	0.0	0.0	0.0	0.0	0.0	0.0	0.0	0.0	0.0	0.0	0.2203	0.1886	0.043	0.0139	0.0652	0.0611	0.0411	0.0663	0.0121	0.0295	0.03	0.0042	0.0505	0.0116	0.0105	0.0371	0.0305	0.0093	0.0179	0.0202	0.0	0.0	0.0	0.0	0.0	0.0	0.0	0.0	0.0	0.0	0.0	0.0	0.0	0.0	0.0	0.0	0.0	0.0	0.0	0.0	9925	9974.74	49.74	0.005	0	0.0	0.0	10075	10025.26	0.0049	20000	20000.0	0.0	20000	0	0	250	250.32	0.32	50	59.11	250.0			50.0		20000	0	5.0	0.01	-4.99	1.2725e-01	250.0	247.42	-2.58	50.0	49.94	π=0.380	2	True	0.7562	201
10	20	40	70	100	150	200	350	500	700	1000	1200	1500	1800	2000	2500	3000	3500	4000	5000	5	10	20	30	50	70	100	150	200	300	400	500	600	700	800	1000	1200	1400	1600	2000	1.0	20000	0.0	20	0	0	0	0	0	0	0	0	0	0	0	0	0	0	0	0	0	0	0	0	0	0	0	0	0	0	0	0	0	0	0	0	0	0	0	0	0	0	0	0	0	6	9	22	35	23	55	70	177	177	215	461	433	597	643	873	859	1001	1179	1469	1771	0	0	0	0	0	0	0	0	0	0	0	0	0	0	0	0	0	0	0	0	4.68	10.7	22.95	35.49	24.5	58.36	67.12	165.27	179.15	221.35	447.19	431.18	566.88	650.49	863.82	827.13	1031.54	1168.07	1442.64	1806.78	0.0	0.0	0.0	0.0	0.0	0.0	0.0	0.0	0.0	0.0	0.0	0.0	0.0	0.0	0.0	0.0	0.0	0.0	0.0	0.0	1.32	1.7	0.95	0.49	1.5	3.36	2.88	11.73	2.15	6.35	13.81	1.82	30.12	7.49	9.18	31.87	30.54	10.93	26.36	35.78	0.0	0.0	0.0	0.0	0.0	0.0	0.0	0.0	0.0	0.0	0.0	0.0	0.0	0.0	0.0	0.0	0.0	0.0	0.0	0.0	0.2203	0.1886	0.043	0.0139	0.0652	0.0611	0.0411	0.0663	0.0121	0.0295	0.03	0.0042	0.0505	0.0116	0.0105	0.0371	0.0305	0.0093	0.0179	0.0202	0.0	0.0	0.0	0.0	0.0	0.0	0.0	0.0	0.0	0.0	0.0	0.0	0.0	0.0	0.0	0.0	0.0	0.0	0.0	0.0	9925	9974.74	49.74	0.005	0	0.0	0.0	10075	10025.26	0.0049	20000	20000.0	0.0	20000	0	0	250	250.32	0.32	50	59.11	250.0			50.0		20000	0	20.0	0.01	-19.99	1.2725e-01	250.0	247.42	-2.58	50.0	49.94	π=0.380	2	True	0.7562	201
10	20	40	70	100	150	200	350	500	700	1000	1200	1500	1800	2000	2500	3000	3500	4000	5000	5	10	20	30	50	70	100	150	200	300	400	500	600	700	800	1000	1200	1400	1600	2000	1.0	20000	0.0	100	0	0	0	0	0	0	0	0	0	0	0	0	0	0	0	0	0	0	0	0	0	0	0	0	0	0	0	0	0	0	0	0	0	0	0	0	0	0	0	0	0	6	9	22	35	23	55	70	177	177	215	461	433	597	643	873	859	1001	1179	1469	1771	0	0	0	0	0	0	0	0	0	0	0	0	0	0	0	0	0	0	0	0	4.68	10.7	22.95	35.49	24.5	58.36	67.12	165.27	179.15	221.35	447.19	431.18	566.88	650.49	863.82	827.13	1031.54	1168.07	1442.64	1806.78	0.0	0.0	0.0	0.0	0.0	0.0	0.0	0.0	0.0	0.0	0.0	0.0	0.0	0.0	0.0	0.0	0.0	0.0	0.0	0.0	1.32	1.7	0.95	0.49	1.5	3.36	2.88	11.73	2.15	6.35	13.81	1.82	30.12	7.49	9.18	31.87	30.54	10.93	26.36	35.78	0.0	0.0	0.0	0.0	0.0	0.0	0.0	0.0	0.0	0.0	0.0	0.0	0.0	0.0	0.0	0.0	0.0	0.0	0.0	0.0	0.2203	0.1886	0.043	0.0139	0.0652	0.0611	0.0411	0.0663	0.0121	0.0295	0.03	0.0042	0.0505	0.0116	0.0105	0.0371	0.0305	0.0093	0.0179	0.0202	0.0	0.0	0.0	0.0	0.0	0.0	0.0	0.0	0.0	0.0	0.0	0.0	0.0	0.0	0.0	0.0	0.0	0.0	0.0	0.0	9925	9974.74	49.74	0.005	0	0.0	0.0	10075	10025.26	0.0049	20000	20000.0	0.0	20000	0	0	250	250.32	0.32	50	59.11	250.0			50.0		20000	0	100.0	0.01	-99.99	1.2725e-01	250.0	247.42	-2.58	50.0	49.94	π=0.380	2	True	0.7562	201
10	20	40	70	100	150	200	350	500	700	1000	1200	1500	1800	2000	2500	3000	3500	4000	5000	5	10	20	30	50	70	100	150	200	300	400	500	600	700	800	1000	1200	1400	1600	2000	1.0	20000	0.0	1000	0	0	0	0	0	0	0	0	0	0	0	0	0	0	0	0	0	0	0	0	0	0	0	0	0	0	0	0	0	0	0	0	0	0	0	0	0	0	0	0	0	6	9	22	35	23	55	70	177	177	215	461	433	597	643	873	859	1001	1179	1469	1771	0	0	0	0	0	0	0	0	0	0	0	0	0	0	0	0	0	0	0	0	4.68	10.7	22.95	35.49	24.5	58.36	67.12	165.27	179.15	221.35	447.19	431.18	566.88	650.49	863.82	827.13	1031.54	1168.07	1442.64	1806.78	0.0	0.0	0.0	0.0	0.0	0.0	0.0	0.0	0.0	0.0	0.0	0.0	0.0	0.0	0.0	0.0	0.0	0.0	0.0	0.0	1.32	1.7	0.95	0.49	1.5	3.36	2.88	11.73	2.15	6.35	13.81	1.82	30.12	7.49	9.18	31.87	30.54	10.93	26.36	35.78	0.0	0.0	0.0	0.0	0.0	0.0	0.0	0.0	0.0	0.0	0.0	0.0	0.0	0.0	0.0	0.0	0.0	0.0	0.0	0.0	0.2203	0.1886	0.043	0.0139	0.0652	0.0611	0.0411	0.0663	0.0121	0.0295	0.03	0.0042	0.0505	0.0116	0.0105	0.0371	0.0305	0.0093	0.0179	0.0202	0.0	0.0	0.0	0.0	0.0	0.0	0.0	0.0	0.0	0.0	0.0	0.0	0.0	0.0	0.0	0.0	0.0	0.0	0.0	0.0	9925	9974.74	49.74	0.005	0	0.0	0.0	10075	10025.26	0.0049	20000	20000.0	0.0	20000	0	0	250	250.32	0.32	50	59.11	250.0			50.0		20000	0	1000.0	0.01	-999.99	1.2725e-01	250.0	247.42	-2.58	50.0	49.94	π=0.380	2	True	0.7562	201
10	20	40	70	100	150	200	350	500	700	1000	1200	1500	1800	2000	2500	3000	3500	4000	5000	5	10	20	30	50	70	100	150	200	300	400	500	600	700	800	1000	1200	1400	1600	2000	1.0	20000	0.1	5	0	0	0	0	0	0	0	0	0	0	0	0	0	0	0	0	0	0	0	0	0	0	0	0	0	0	0	0	0	0	0	0	0	0	0	0	0	0	0	0	0	3	7	19	31	37	58	60	165	163	216	465	448	571	668	865	868	998	1176	1463	1794	0	0	0	0	0	0	0	0	0	0	0	0	0	0	0	0	0	0	0	0	4.69	5.61	17.9	31.08	37.63	65.8	65.27	154.21	165.13	219.05	476.87	459.9	567.06	662.41	879.0	883.57	1002.81	1196.02	1485.44	1762.02	0.0	0.0	0.0	0.0	0.0	0.0	0.0	0.0	0.0	0.0	0.0	0.0	0.0	0.0	0.0	0.0	0.0	0.0	0.0	0.0	1.69	1.39	1.1	0.08	0.63	7.8	5.27	10.79	2.13	3.05	11.87	11.9	3.94	5.59	14.0	15.57	4.81	20.02	22.44	31.98	0.0	0.0	0.0	0.0	0.0	0.0	0.0	0.0	0.0	0.0	0.0	0.0	0.0	0.0	0.0	0.0	0.0	0.0	0.0	0.0	0.5631	0.1993	0.0579	0.0027	0.0171	0.1345	0.0878	0.0654	0.0131	0.0141	0.0255	0.0266	0.0069	0.0084	0.0162	0.0179	0.0048	0.017	0.0153	0.0178	0.0	0.0	0.0	0.0	0.0	0.0	0.0	0.0	0.0	0.0	0.0	0.0	0.0	0.0	0.0	0.0	0.0	0.0	0.0	0.0	9925	9717.05	207.95	0.021	2000	2141.48	141.48	10075	10141.47	0.0066	20000	19858.52	0.0071	22000	1306	0	250	250.55	0.55	50	61.33	250.0	248.3	-1.7	50.0	49.93	19261	1648	5.0	1.3	-3.7	5.7711e-02	250.0	247.65	-2.35	50.0	49.69	π=0.405	3	True	0.408	201
10	20	40	70	100	150	200	350	500	700	1000	1200	1500	1800	2000	2500	3000	3500	4000	5000	5	10	20	30	50	70	100	150	200	300	400	500	600	700	800	1000	1200	1400	1600	2000	1.0	20000	0.1	20	0	0	0	0	0	0	0	0	0	0	0	0	0	0	0	0	0	0	0	0	0	0	0	0	0	0	0	0	0	0	0	0	0	0	0	0	0	0	0	0	0	2	7	18	33	39	60	55	163	165	219	470	424	569	671	867	857	1008	1203	1459	1786	0	0	0	0	0	0	0	0	0	0	0	0	0	0	0	0	0	0	0	0	0.0	0.0	21.74	33.45	36.32	59.64	51.34	155.15	161.22	214.6	452.67	450.9	561.35	651.09	894.72	855.02	998.98	1214.65	1450.16	1801.4	0.0	0.0	0.0	0.0	0.0	0.0	0.0	0.34	0.0	0.0	0.0	0.0	0.0	0.0	0.0	0.0	0.0	0.0	0.0	0.0	2.0	7.0	3.74	0.45	2.68	0.36	3.66	7.85	3.78	4.4	17.33	26.9	7.65	19.91	27.72	1.98	9.02	11.65	8.84	15.4	0.0	0.0	0.0	0.0	0.0	0.0	0.0	0.34	0.0	0.0	0.0	0.0	0.0	0.0	0.0	0.0	0.0	0.0	0.0	0.0	1.0	1.0	0.2077	0.0138	0.0688	0.006	0.0665	0.0482	0.0229	0.0201	0.0369	0.0634	0.0134	0.0297	0.032	0.0023	0.0089	0.0097	0.0061	0.0086	0.0	0.0	0.0	0.0	0.0	0.0	0.0	0.0	0.0	0.0	0.0	0.0	0.0	0.0	0.0	0.0	0.0	0.0	0.0	0.0	9925	9848.98	76.02	0.0077	2000	2086.28	86.28	10075	10064.74	0.001	20000	19913.72	0.0043	22000	1356	0	250	250.43	0.43	50	60.0	250.0	247.29	-2.71	50.0	49.41	19474	1631	20.0	1.15	-18.85	5.7872e-02	250.0	247.6	-2.4	50.0	49.44	π=0.403	3	True	0.403	201
10	20	40	70	100	150	200	350	500	700	1000	1200	1500	1800	2000	2500	3000	3500	4000	5000	5	10	20	30	50	70	100	150	200	300	400	500	600	700	800	1000	1200	1400	1600	2000	1.0	20000	0.1	100	0	0	0	0	0	0	0	0	0	0	0	0	0	0	0	0	0	0	0	0	0	0	0	0	0	0	0	0	0	0	0	0	0	0	0	0	0	0	0	0	0	2	7	23	31	34	58	61	170	161	212	448	438	580	669	871	846	999	1227	1459	1779	0	0	0	0	0	0	0	0	0	0	0	0	0	0	0	0	0	0	0	0	0.0	0.0	20.95	29.64	34.8	60.33	71.6	161.77	171.13	220.0	458.5	433.77	560.85	682.65	856.01	886.45	996.58	1215.16	1479.52	1796.82	0.0	0.0	0.0	0.0	0.26	0.37	0.0	0.0	0.0	0.0	0.0	0.0	0.0	0.0	0.0	0.0	0.0	0.0	0.0	0.0	2.0	7.0	2.05	1.36	0.8	2.33	10.6	8.23	10.13	8.0	10.5	4.23	19.15	13.65	14.99	40.45	2.42	11.84	20.52	17.82	0.0	0.0	0.0	0.0	0.26	0.37	0.0	0.0	0.0	0.0	0.0	0.0	0.0	0.0	0.0	0.0	0.0	0.0	0.0	0.0	1.0	1.0	0.0891	0.0438	0.0236	0.0403	0.1737	0.0484	0.0629	0.0377	0.0234	0.0097	0.033	0.0204	0.0172	0.0478	0.0024	0.0096	0.0141	0.01	0.0	0.0	0.0	0.0	0.0	0.0	0.0	0.0	0.0	0.0	0.0	0.0	0.0	0.0	0.0	0.0	0.0	0.0	0.0	0.0	9925	9737.61	187.39	0.0189	2000	2125.21	125.21	10075	10137.17	0.0062	20000	19874.79	0.0063	22000	1327	0	250	250.84	0.84	50	63.03	250.0	248.19	-1.81	50.0	49.74	19302	1654	100.0	1.25	-98.75	5.6265e-02	250.0	248.57	-1.43	50.0	49.82	π=0.442	3	True	0.4478	201
10	20	40	70	100	150	200	350	500	700	1000	1200	1500	1800	2000	2500	3000	3500	4000	5000	5	10	20	30	50	70	100	150	200	300	400	500	600	700	800	1000	1200	1400	1600	2000	1.0	20000	0.1	1000	0	0	0	0	0	0	0	0	0	0	0	0	0	0	0	0	0	0	0	0	0	0	0	0	0	0	0	0	0	0	0	0	0	0	0	0	0	0	0	0	0	2	7	23	31	34	58	61	170	161	212	448	438	580	669	871	846	999	1227	1459	1779	0	0	0	0	0	0	0	0	0	0	0	0	0	0	0	0	0	0	0	0	0.0	0.0	20.95	29.64	34.8	60.33	71.6	161.77	171.13	220.0	458.5	433.77	560.85	682.65	856.01	886.45	996.58	1215.16	1479.52	1796.82	0.0	0.0	0.0	0.0	0.26	0.37	0.0	0.0	0.0	0.0	0.0	0.0	0.0	0.0	0.0	0.0	0.0	0.0	0.0	0.0	2.0	7.0	2.05	1.36	0.8	2.33	10.6	8.23	10.13	8.0	10.5	4.23	19.15	13.65	14.99	40.45	2.42	11.84	20.52	17.82	0.0	0.0	0.0	0.0	0.26	0.37	0.0	0.0	0.0	0.0	0.0	0.0	0.0	0.0	0.0	0.0	0.0	0.0	0.0	0.0	1.0	1.0	0.0891	0.0438	0.0236	0.0403	0.1737	0.0484	0.0629	0.0377	0.0234	0.0097	0.033	0.0204	0.0172	0.0478	0.0024	0.0096	0.0141	0.01	0.0	0.0	0.0	0.0	0.0	0.0	0.0	0.0	0.0	0.0	0.0	0.0	0.0	0.0	0.0	0.0	0.0	0.0	0.0	0.0	9925	9737.61	187.39	0.0189	2000	2125.21	125.21	10075	10137.17	0.0062	20000	19874.79	0.0063	22000	1327	0	250	250.84	0.84	50	63.03	250.0	248.19	-1.81	50.0	49.74	19302	1654	1000.0	1.25	-998.75	5.6265e-02	250.0	248.57	-1.43	50.0	49.82	π=0.442	3	True	0.4478	201
10	20	40	70	100	150	200	350	500	700	1000	1200	1500	1800	2000	2500	3000	3500	4000	5000	5	10	20	30	50	70	100	150	200	300	400	500	600	700	800	1000	1200	1400	1600	2000	1.0	20000	0.3	5	0	0	0	0	0	0	0	0	0	0	0	0	0	0	0	0	0	0	0	0	0	0	0	0	0	0	0	0	0	0	0	0	0	0	0	0	0	0	0	0	0	3	7	19	31	37	58	60	165	163	216	465	448	571	668	865	868	998	1176	1463	1794	0	0	0	0	0	0	0	0	0	0	0	0	0	0	0	0	0	0	0	0	3.96	4.34	18.46	23.5	33.65	66.44	61.02	151.82	159.6	221.96	474.13	459.46	570.25	663.22	880.01	882.24	1002.57	1189.55	1484.26	1755.11	0.0	0.0	0.0	0.0	0.0	0.0	0.0	0.0	0.0	0.0	0.0	0.0	0.0	0.0	0.0	0.0	0.0	0.0	0.0	0.0	0.96	2.66	0.54	7.5	3.35	8.44	1.02	13.18	3.4	5.96	9.13	11.46	0.75	4.78	15.01	14.24	4.57	13.55	21.26	38.89	0.0	0.0	0.0	0.0	0.0	0.0	0.0	0.0	0.0	0.0	0.0	0.0	0.0	0.0	0.0	0.0	0.0	0.0	0.0	0.0	0.3211	0.3796	0.0285	0.242	0.0906	0.1456	0.017	0.0799	0.0209	0.0276	0.0196	0.0256	0.0013	0.0072	0.0174	0.0164	0.0046	0.0115	0.0145	0.0217	0.0	0.0	0.0	0.0	0.0	0.0	0.0	0.0	0.0	0.0	0.0	0.0	0.0	0.0	0.0	0.0	0.0	0.0	0.0	0.0	9925	9117.4	807.6	0.0814	6000	6777.06	777.06	10075	10105.54	0.003	20000	19222.94	0.0389	26000	3878	0	250	250.62	0.62	50	60.84	250.0	249.3	-0.7	50.0	50.28	18020	4913	5.0	2.67	-2.33	5.8819e-02	250.0	247.62	-2.38	50.0	50.1	π=0.542	3	True	0.5424	201
10	20	40	70	100	150	200	350	500	700	1000	1200	1500	1800	2000	2500	3000	3500	4000	5000	5	10	20	30	50	70	100	150	200	300	400	500	600	700	800	1000	1200	1400	1600	2000	1.0	20000	0.3	20	0	0	0	0	0	0	0	0	0	0	0	0	0	0	0	0	0	0	0	0	0	0	0	0	0	0	0	0	0	0	0	0	0	0	0	0	0	0	0	0	0	2	7	18	33	39	60	55	163	165	219	470	424	569	671	867	857	1008	1203	1459	1786	0	0	0	0	0	0	0	0	0	0	0	0	0	0	0	0	0	0	0	0	0.0	0.0	17.86	25.56	33.29	53.67	48.82	157.56	153.64	213.49	449.22	448.49	566.21	654.32	896.8	852.3	996.9	1207.85	1454.58	1797.02	0.0	0.0	0.0	0.0	0.0	0.0	0.0	0.0	0.0	0.0	0.0	0.0	0.0	0.0	0.0	0.0	0.0	0.0	0.0	0.0	2.0	7.0	0.14	7.44	5.71	6.33	6.18	5.44	11.36	5.51	20.78	24.49	2.79	16.68	29.8	4.7	11.1	4.85	4.42	11.02	0.0	0.0	0.0	0.0	0.0	0.0	0.0	0.0	0.0	0.0	0.0	0.0	0.0	0.0	0.0	0.0	0.0	0.0	0.0	0.0	1.0	1.0	0.0076	0.2253	0.1464	0.1055	0.1124	0.0334	0.0688	0.0251	0.0442	0.0578	0.0049	0.0249	0.0344	0.0055	0.011	0.004	0.003	0.0062	0.0	0.0	0.0	0.0	0.0	0.0	0.0	0.0	0.0	0.0	0.0	0.0	0.0	0.0	0.0	0.0	0.0	0.0	0.0	0.0	9925	9189.34	735.66	0.0741	6000	6783.06	783.06	10075	10027.6	0.0047	20000	19216.94	0.0392	26000	3919	0	250	250.49	0.49	50	59.55	250.0	249.11	-0.89	50.0	50.26	17998	4949	20.0	2.69	-17.31	5.8217e-02	250.0	247.61	-2.39	50.0	49.5	π=0.567	3	True	0.5672	201
10	20	40	70	100	150	200	350	500	700	1000	1200	1500	1800	2000	2500	3000	3500	4000	5000	5	10	20	30	50	70	100	150	200	300	400	500	600	700	800	1000	1200	1400	1600	2000	1.0	20000	0.3	100	0	0	0	0	0	0	0	0	0	0	0	0	0	0	0	0	0	0	0	0	0	0	0	0	0	0	0	0	0	0	0	0	0	0	0	0	0	0	0	0	0	2	7	23	31	34	58	61	170	161	212	448	438	580	669	871	846	999	1227	1459	1779	0	0	0	0	0	0	0	0	0	0	0	0	0	0	0	0	0	0	0	0	0.0	0.0	19.54	22.91	30.38	51.68	67.62	162.85	166.56	218.87	455.31	429.91	564.01	684.23	858.62	886.45	996.43	1205.97	1482.22	1807.53	0.0	0.0	0.0	0.0	0.0	0.0	0.0	0.0	0.0	0.0	0.0	0.0	0.0	0.0	0.0	0.0	0.0	0.0	0.0	0.0	2.0	7.0	3.46	8.09	3.62	6.32	6.62	7.15	5.56	6.87	7.31	8.09	15.99	15.23	12.38	40.45	2.57	21.03	23.22	28.53	0.0	0.0	0.0	0.0	0.0	0.0	0.0	0.0	0.0	0.0	0.0	0.0	0.0	0.0	0.0	0.0	0.0	0.0	0.0	0.0	1.0	1.0	0.1506	0.2609	0.1064	0.109	0.1084	0.0421	0.0345	0.0324	0.0163	0.0185	0.0276	0.0228	0.0142	0.0478	0.0026	0.0171	0.0159	0.016	0.0	0.0	0.0	0.0	0.0	0.0	0.0	0.0	0.0	0.0	0.0	0.0	0.0	0.0	0.0	0.0	0.0	0.0	0.0	0.0	9925	9065.73	859.27	0.0866	6000	6823.17	823.17	10075	10111.1	0.0036	20000	19176.83	0.0412	26000	3900	0	250	250.85	0.85	50	62.51	250.0	249.44	-0.56	50.0	50.02	18020	4930	100.0	2.67	-97.33	5.7882e-02	250.0	248.42	-1.58	50.0	50.12	π=0.557	3	True	0.5572	201
10	20	40	70	100	150	200	350	500	700	1000	1200	1500	1800	2000	2500	3000	3500	4000	5000	5	10	20	30	50	70	100	150	200	300	400	500	600	700	800	1000	1200	1400	1600	2000	1.0	20000	0.3	1000	0	0	0	0	0	0	0	0	0	0	0	0	0	0	0	0	0	0	0	0	0	0	0	0	0	0	0	0	0	0	0	0	0	0	0	0	0	0	0	0	0	2	7	23	31	34	58	61	170	161	212	448	438	580	669	871	846	999	1227	1459	1779	0	0	0	0	0	0	0	0	0	0	0	0	0	0	0	0	0	0	0	0	0.0	0.0	19.54	22.91	30.38	51.68	67.62	162.85	166.56	218.87	455.31	429.91	564.01	684.23	858.62	886.45	996.43	1205.97	1482.22	1807.53	0.0	0.0	0.0	0.0	0.0	0.0	0.0	0.0	0.0	0.0	0.0	0.0	0.0	0.0	0.0	0.0	0.0	0.0	0.0	0.0	2.0	7.0	3.46	8.09	3.62	6.32	6.62	7.15	5.56	6.87	7.31	8.09	15.99	15.23	12.38	40.45	2.57	21.03	23.22	28.53	0.0	0.0	0.0	0.0	0.0	0.0	0.0	0.0	0.0	0.0	0.0	0.0	0.0	0.0	0.0	0.0	0.0	0.0	0.0	0.0	1.0	1.0	0.1506	0.2609	0.1064	0.109	0.1084	0.0421	0.0345	0.0324	0.0163	0.0185	0.0276	0.0228	0.0142	0.0478	0.0026	0.0171	0.0159	0.016	0.0	0.0	0.0	0.0	0.0	0.0	0.0	0.0	0.0	0.0	0.0	0.0	0.0	0.0	0.0	0.0	0.0	0.0	0.0	0.0	9925	9065.73	859.27	0.0866	6000	6823.17	823.17	10075	10111.1	0.0036	20000	19176.83	0.0412	26000	3900	0	250	250.85	0.85	50	62.51	250.0	249.44	-0.56	50.0	50.02	18020	4930	1000.0	2.67	-997.33	5.7882e-02	250.0	248.42	-1.58	50.0	50.12	π=0.557	3	True	0.5572	201
10	20	40	70	100	150	200	350	500	700	1000	1200	1500	1800	2000	2500	3000	3500	4000	5000	5	10	20	30	50	70	100	150	200	300	400	500	600	700	800	1000	1200	1400	1600	2000	1.0	20000	0.5	5	0	0	0	0	0	0	0	0	0	0	0	0	0	0	0	0	0	0	0	0	0	0	0	0	0	0	0	0	0	0	0	0	0	0	0	0	0	0	0	0	0	3	7	19	31	37	58	60	165	163	216	465	448	571	668	865	868	998	1176	1463	1794	0	0	0	0	0	0	0	0	0	0	0	0	0	0	0	0	0	0	0	0	2.78	3.93	17.83	21.49	34.28	58.06	61.27	146.83	165.52	225.01	475.56	453.96	563.8	666.33	878.26	880.25	1005.96	1200.06	1485.53	1755.45	0.0	0.0	0.0	0.0	0.0	0.0	0.0	0.0	0.0	0.0	0.0	0.0	0.0	0.0	0.0	0.0	0.0	0.0	0.0	0.0	0.22	3.07	1.17	9.51	2.72	0.06	1.27	18.17	2.52	9.01	10.56	5.96	7.2	1.67	13.26	12.25	7.96	24.06	22.53	38.55	0.0	0.0	0.0	0.0	0.0	0.0	0.0	0.0	0.0	0.0	0.0	0.0	0.0	0.0	0.0	0.0	0.0	0.0	0.0	0.0	0.0747	0.4387	0.0618	0.3067	0.0735	0.001	0.0211	0.1101	0.0155	0.0417	0.0227	0.0133	0.0126	0.0025	0.0153	0.0141	0.008	0.0205	0.0154	0.0215	0.0	0.0	0.0	0.0	0.0	0.0	0.0	0.0	0.0	0.0	0.0	0.0	0.0	0.0	0.0	0.0	0.0	0.0	0.0	0.0	9925	8578.12	1346.88	0.1357	10000	11319.73	1319.73	10075	10102.15	0.0027	20000	18680.27	0.066	30000	6524	0	250	250.88	0.88	50	60.43	250.0	249.32	-0.68	50.0	50.34	16781	8256	5.0	3.18	-1.82	6.6431e-02	250.0	247.84	-2.16	50.0	50.02	π=0.542	2	True	0.5423	201
10	20	40	70	100	150	200	350	500	700	1000	1200	1500	1800	2000	2500	3000	3500	4000	5000	5	10	20	30	50	70	100	150	200	300	400	500	600	700	800	1000	1200	1400	1600	2000	1.0	20000	0.5	20	0	0	0	0	0	0	0	0	0	0	0	0	0	0	0	0	0	0	0	0	0	0	0	0	0	0	0	0	0	0	0	0	0	0	0	0	0	0	0	0	0	2	7	18	33	39	60	55	163	165	219	470	424	569	671	867	857	1008	1203	1459	1786	0	0	0	0	0	0	0	0	0	0	0	0	0	0	0	0	0	0	0	0	0.0	0.0	9.65	25.81	30.91	46.66	48.55	148.99	158.66	216.09	450.87	442.29	555.47	653.39	895.97	846.82	994.75	1213.37	1454.93	1794.16	0.0	0.0	0.0	0.0	0.0	0.0	0.0	0.0	0.0	0.0	0.0	0.0	0.0	0.0	0.0	0.0	0.0	0.0	0.0	0.0	2.0	7.0	8.35	7.19	8.09	13.34	6.45	14.01	6.34	2.91	19.13	18.29	13.53	17.61	28.97	10.18	13.25	10.37	4.07	8.16	0.0	0.0	0.0	0.0	0.0	0.0	0.0	0.0	0.0	0.0	0.0	0.0	0.0	0.0	0.0	0.0	0.0	0.0	0.0	0.0	1.0	1.0	0.4638	0.2178	0.2076	0.2223	0.1173	0.086	0.0384	0.0133	0.0407	0.0431	0.0238	0.0262	0.0334	0.0119	0.0131	0.0086	0.0028	0.0046	0.0	0.0	0.0	0.0	0.0	0.0	0.0	0.0	0.0	0.0	0.0	0.0	0.0	0.0	0.0	0.0	0.0	0.0	0.0	0.0	9925	8673.09	1251.91	0.1261	10000	11339.58	1339.58	10075	9987.33	0.0087	20000	18660.42	0.067	30000	6498	0	250	250.64	0.64	50	59.23	250.0	249.56	-0.44	50.0	50.12	16854	8217	20.0	3.24	-16.76	6.6109e-02	250.0	247.18	-2.82	50.0	50.06	π=0.572	2	True	0.5721	201
10	20	40	70	100	150	200	350	500	700	1000	1200	1500	1800	2000	2500	3000	3500	4000	5000	5	10	20	30	50	70	100	150	200	300	400	500	600	700	800	1000	1200	1400	1600	2000	1.0	20000	0.5	100	0	0	0	0	0	0	0	0	0	0	0	0	0	0	0	0	0	0	0	0	0	0	0	0	0	0	0	0	0	0	0	0	0	0	0	0	0	0	0	0	0	2	7	23	31	34	58	61	170	161	212	448	438	580	669	871	846	999	1227	1459	1779	0	0	0	0	0	0	0	0	0	0	0	0	0	0	0	0	0	0	0	0	0.0	0.0	12.1	22.04	27.8	48.21	65.73	160.01	170.92	219.31	454.01	430.64	557.72	684.2	856.99	881.83	994.21	1219.06	1481.86	1796.62	0.0	0.0	0.0	0.0	0.0	0.0	0.0	0.0	0.0	0.0	0.0	0.0	0.0	0.0	0.0	0.0	0.0	0.0	0.0	0.0	2.0	7.0	10.9	8.96	6.2	9.79	4.73	9.99	9.92	7.31	6.01	7.36	22.28	15.2	14.01	35.83	4.79	7.94	22.86	17.62	0.0	0.0	0.0	0.0	0.0	0.0	0.0	0.0	0.0	0.0	0.0	0.0	0.0	0.0	0.0	0.0	0.0	0.0	0.0	0.0	1.0	1.0	0.4738	0.289	0.1822	0.1688	0.0776	0.0587	0.0616	0.0345	0.0134	0.0168	0.0384	0.0227	0.0161	0.0423	0.0048	0.0065	0.0157	0.0099	0.0	0.0	0.0	0.0	0.0	0.0	0.0	0.0	0.0	0.0	0.0	0.0	0.0	0.0	0.0	0.0	0.0	0.0	0.0	0.0	9925	8663.69	1261.31	0.1271	10000	11253.04	1253.04	10075	10083.27	0.0008	20000	18746.96	0.0627	30000	6515	0	250	250.99	0.99	50	61.98	250.0	249.71	-0.29	50.0	50.26	16903	8217	100.0	3.21	-96.79	6.5566e-02	250.0	247.9	-2.1	50.0	50.26	π=0.572	2	True	0.5721	201
10	20	40	70	100	150	200	350	500	700	1000	1200	1500	1800	2000	2500	3000	3500	4000	5000	5	10	20	30	50	70	100	150	200	300	400	500	600	700	800	1000	1200	1400	1600	2000	1.0	20000	0.5	1000	0	0	0	0	0	0	0	0	0	0	0	0	0	0	0	0	0	0	0	0	0	0	0	0	0	0	0	0	0	0	0	0	0	0	0	0	0	0	0	0	0	2	7	23	31	34	58	61	170	161	212	448	438	580	669	871	846	999	1227	1459	1779	0	0	0	0	0	0	0	0	0	0	0	0	0	0	0	0	0	0	0	0	0.0	0.0	12.1	22.04	27.8	48.21	65.73	160.01	170.92	219.31	454.01	430.64	557.72	684.2	856.99	881.83	994.21	1219.06	1481.86	1796.62	0.0	0.0	0.0	0.0	0.0	0.0	0.0	0.0	0.0	0.0	0.0	0.0	0.0	0.0	0.0	0.0	0.0	0.0	0.0	0.0	2.0	7.0	10.9	8.96	6.2	9.79	4.73	9.99	9.92	7.31	6.01	7.36	22.28	15.2	14.01	35.83	4.79	7.94	22.86	17.62	0.0	0.0	0.0	0.0	0.0	0.0	0.0	0.0	0.0	0.0	0.0	0.0	0.0	0.0	0.0	0.0	0.0	0.0	0.0	0.0	1.0	1.0	0.4738	0.289	0.1822	0.1688	0.0776	0.0587	0.0616	0.0345	0.0134	0.0168	0.0384	0.0227	0.0161	0.0423	0.0048	0.0065	0.0157	0.0099	0.0	0.0	0.0	0.0	0.0	0.0	0.0	0.0	0.0	0.0	0.0	0.0	0.0	0.0	0.0	0.0	0.0	0.0	0.0	0.0	9925	8663.69	1261.31	0.1271	10000	11253.04	1253.04	10075	10083.27	0.0008	20000	18746.96	0.0627	30000	6515	0	250	250.99	0.99	50	61.98	250.0	249.71	-0.29	50.0	50.26	16903	8217	1000.0	3.21	-996.79	6.5566e-02	250.0	247.9	-2.1	50.0	50.26	π=0.572	2	True	0.5721	201
