elapsed_sec,rss_mb
0.000,2110.8
0.000,2110.9
0.170,2008.5
0.270,2019.0
0.491,2055.7
0.591,2079.8
0.691,2080.9
0.792,2081.3
0.892,2081.6
0.992,2081.7
1.092,2082.1
1.192,2082.2
1.293,2082.6
1.393,2082.9
1.493,2083.5
1.593,2083.7
1.693,2084.0
1.794,2084.4
1.894,2085.0
1.994,2085.6
2.094,2086.1
2.195,2086.4
2.295,2086.4
2.395,2086.9
2.495,2087.4
2.595,2087.6
2.696,2088.2
2.796,2089.1
2.896,2089.9
2.996,2090.7
3.096,2091.4
3.197,2091.9
3.297,2092.2
3.397,2092.4
3.497,2092.9
3.598,2093.2
3.698,2093.4
3.798,2093.7
3.898,2094.2
3.999,2094.4
4.099,2094.6
4.199,2094.8
4.299,2094.9
4.400,2095.1
4.500,2096.0
4.600,2096.8
4.700,2098.0
4.800,2099.0
4.901,2099.4
5.001,2100.1
5.101,2100.2
5.201,2100.7
5.302,2101.5
5.402,2102.2
5.502,2102.6
5.602,2103.0
5.702,2103.3
5.803,2103.6
5.903,2104.0
6.003,2104.3
6.104,2104.5
6.204,2104.8
6.304,2105.1
6.404,2105.4
6.504,2105.7
6.605,2106.0
6.705,2106.2
6.805,2106.6
6.905,2106.8
7.005,2107.2
7.106,2107.3
7.206,2107.7
7.306,2107.9
7.406,2108.1
7.507,2108.5
7.607,2108.7
7.707,2109.0
7.807,2109.3
7.908,2109.6
8.008,2110.3
8.108,2112.1
8.208,2113.3
8.309,2114.1
8.409,2114.3
8.509,2115.3
8.609,2116.1
8.709,2117.6
8.810,2118.0
8.910,2118.2
9.010,2118.5
9.110,2118.7
9.210,2119.0
9.311,2119.4
9.411,2119.7
9.511,2120.0
9.612,2120.2
9.712,2120.6
9.812,2121.6
9.912,2122.9
10.013,2124.4
10.113,2124.7
10.213,2125.0
10.313,2125.3
10.413,2125.4
10.514,2125.5
10.614,2125.7
10.714,2125.9
10.814,2126.1
10.915,2126.2
11.015,2126.3
11.115,2126.6
11.215,2126.7
11.315,2126.9
11.416,2127.0
11.516,2127.2
11.616,2127.5
11.716,2127.8
11.817,2127.9
11.917,2128.1
12.017,2128.2
12.117,2128.4
12.218,2128.6
12.318,2128.8
12.418,2128.9
12.518,2129.1
12.618,2129.3
12.719,2129.4
12.819,2129.7
12.919,2130.1
13.019,2130.4
13.120,2130.8
13.220,2131.0
13.320,2131.4
13.421,2131.7
13.521,2132.0
13.621,2132.3
13.721,2132.6
13.821,2133.0
13.922,2133.3
14.022,2133.6
14.122,2133.8
14.222,2134.0
14.323,2134.2
14.423,2134.3
14.523,2134.5
14.623,2134.6
14.724,2134.8
14.824,2134.9
14.924,2135.1
15.024,2135.2
15.125,2135.3
15.225,2135.5
15.325,2135.6
15.425,2135.8
15.525,2136.0
15.626,2136.1
15.726,2136.2
15.826,2136.4
15.926,2136.5
16.026,2136.7
16.127,2136.8
16.228,2137.0
16.328,2137.2
16.428,2137.3
16.529,2137.5
16.629,2137.6
16.729,2137.7
16.829,2137.9
16.929,2138.0
17.030,2138.2
17.130,2138.3
17.230,2138.4
17.330,2138.6
17.431,2138.7
17.531,2138.9
17.631,2139.0
17.731,2139.2
17.831,2139.3
17.932,2139.5
18.032,2139.6
18.132,2139.8
18.232,2140.0
18.333,2140.1
18.433,2140.2
18.533,2140.4
18.633,2140.6
18.734,2141.7
18.834,2141.8
18.934,2142.5
19.034,2143.1
19.135,2144.2
19.235,2146.4
19.335,2146.7
19.435,2147.3
19.535,2152.7
19.636,2171.8
19.736,2200.7
19.836,2253.4
19.937,2283.6
20.037,2312.3
20.137,2323.2
20.237,2339.7
20.338,2341.8
20.438,2344.4
20.538,2345.9
20.638,2347.4
20.738,2349.0
20.839,2350.6
20.939,2351.8
21.039,2353.0
21.140,2354.4
21.240,2356.0
21.340,2357.4
21.440,2358.4
21.540,2359.5
21.641,2360.8
21.741,2362.5
21.841,2364.3
21.941,2366.0
22.041,2367.3
22.142,2368.4
22.242,2369.4
22.342,2371.7
22.443,2373.9
22.543,2376.2
22.643,2378.9
22.743,2382.5
22.843,2384.0
22.944,2385.5
23.044,2386.7
23.144,2388.4
23.244,2389.8
23.345,2391.2
23.445,2392.0
23.545,2393.0
23.645,2394.2
23.745,2395.6
23.848,2396.3
23.948,2397.3
24.050,2398.1
24.151,2399.3
24.251,2400.0
24.351,2400.7
24.451,2401.8
24.552,2403.5
24.652,2405.2
24.752,2406.7
24.852,2408.4
24.952,2410.4
25.053,2411.8
25.153,2413.5
25.253,2414.9
25.354,2416.5
25.454,2418.0
25.554,2419.5
25.654,2420.8
25.754,2422.2
25.855,2423.9
25.955,2425.4
26.055,2427.0
26.155,2428.8
26.255,2430.5
26.356,2432.1
26.456,2433.8
26.556,2435.6
26.656,2437.1
26.756,2439.0
26.857,2440.6
26.957,2442.3
27.057,2443.9
27.157,2445.6
27.258,2447.1
27.358,2449.0
27.458,2450.7
27.559,2452.2
27.659,2453.9
27.759,2455.3
27.859,2457.1
27.960,2458.5
28.060,2460.0
28.160,2461.5
28.260,2463.3
28.360,2464.6
28.461,2466.3
28.561,2467.8
28.661,2468.9
28.761,2470.5
28.861,2472.3
28.962,2474.1
29.062,2475.9
29.162,2477.5
29.263,2479.1
29.363,2480.6
29.463,2482.1
29.563,2483.8
29.663,2485.4
29.764,2486.7
29.864,2488.5
29.964,2490.1
30.064,2491.7
30.164,2493.2
30.265,2494.6
30.365,2496.3
30.465,2498.0
30.565,2499.4
30.665,2501.1
30.766,2502.4
30.866,2503.6
30.966,2504.8
31.066,2506.5
31.167,2507.7
31.267,2508.4
31.367,2509.6
31.467,2511.1
31.568,2512.3
31.668,2513.7
31.768,2515.0
31.868,2516.2
31.968,2518.9
32.069,2519.7
32.169,2520.6
32.269,2522.1
32.370,2523.4
32.470,2524.6
32.570,2527.0
32.670,2528.4
32.770,2531.9
32.871,2533.3
32.971,2540.1
33.071,2556.6
33.171,2562.9
33.272,2573.8
33.372,2576.6
33.472,2578.7
33.572,2580.3
33.672,2586.5
33.773,2598.5
33.873,2609.6
33.973,2622.2
34.073,2643.4
34.174,2670.2
34.274,2692.8
34.374,2744.1
34.474,2760.1
34.575,2767.3
34.675,2791.3
34.775,2819.1
34.875,2838.6
34.976,2840.0
35.076,2841.2
35.176,2842.7
35.276,2843.9
35.376,2845.1
35.477,2846.1
35.577,2847.3
35.677,2848.6
35.777,2849.9
35.877,2851.3
35.978,2852.6
36.078,2853.9
36.178,2855.2
36.278,2856.6
36.379,2857.8
36.479,2859.2
36.579,2860.3
36.679,2861.8
36.780,2863.0
36.880,2864.0
36.980,2865.3
37.080,2866.5
37.180,2867.7
37.281,2868.8
37.381,2870.0
37.481,2870.8
37.581,2871.7
37.682,2872.9
37.782,2874.1
37.882,2875.3
37.982,2876.6
38.082,2878.0
38.183,2879.1
38.283,2880.0
38.383,2881.3
38.483,2882.2
38.583,2883.4
38.684,2884.8
38.784,2886.0
38.884,2887.3
38.984,2888.5
39.085,2889.8
39.185,2890.9
39.285,2892.1
39.385,2893.1
39.485,2894.1
39.586,2895.2
39.686,2896.3
39.786,2897.7
39.886,2898.9
39.986,2900.1
40.087,2901.5
40.187,2902.7
40.287,2903.6
40.387,2904.5
40.487,2905.4
40.588,2906.1
40.688,2907.2
40.788,2908.1
40.888,2909.4
40.988,2910.6
41.088,2911.6
41.189,2912.7
41.289,2914.1
41.389,2915.3
41.489,2916.4
41.590,2917.7
41.690,2918.9
41.790,2920.2
41.890,2921.4
41.991,2922.5
42.091,2923.5
42.191,2924.4
42.291,2925.6
42.391,2926.4
42.492,2927.4
42.592,2928.6
42.692,2929.4
42.792,2930.3
42.892,2931.3
42.993,2932.5
43.093,2933.6
43.193,2935.0
43.293,2935.9
43.393,2937.0
43.494,2938.0
43.594,2939.4
43.694,2940.1
43.794,2941.6
43.895,2942.8
43.995,2944.0
44.095,2945.3
44.195,2946.5
44.296,2947.7
44.396,2948.9
44.496,2950.1
44.596,2951.4
44.696,2952.9
44.797,2954.2
44.897,2955.4
44.997,2956.5
45.097,2957.8
45.197,2959.2
45.298,2960.5
45.398,2961.8
45.498,2963.2
45.598,2964.2
45.698,2965.4
45.799,2966.5
45.899,2967.6
45.999,2968.6
46.099,2969.6
46.199,2970.5
46.300,2971.4
46.400,2972.1
46.500,2973.2
46.600,2974.1
46.700,2975.1
46.801,2976.0
46.901,2977.5
47.001,2978.7
47.101,2979.8
47.201,2981.0
47.302,2982.1
47.402,2983.4
47.502,2984.6
47.603,2985.7
47.703,2986.9
47.803,2988.2
47.903,2989.4
48.003,2990.6
48.104,2991.8
48.204,2993.1
48.304,2994.3
48.404,2995.6
48.504,2996.8
48.605,2998.0
48.705,2999.2
48.805,3000.5
48.905,3001.8
49.005,3003.2
49.106,3004.4
49.206,3005.4
49.306,3006.6
49.406,3007.8
49.506,3008.8
49.607,3010.4
49.707,3011.6
49.807,3012.9
49.907,3014.2
50.007,3015.4
50.108,3016.6
50.208,3017.5
50.308,3018.9
50.408,3020.3
50.508,3021.4
50.609,3022.3
50.709,3023.3
50.809,3024.5
50.909,3025.6
51.009,3026.9
51.110,3028.0
51.210,3028.9
51.310,3030.3
51.411,3031.4
51.511,3032.6
51.611,3033.8
51.711,3034.9
51.811,3036.1
51.912,3037.4
52.012,3038.5
52.112,3039.6
52.212,3040.8
52.312,3042.1
52.413,3043.4
52.513,3044.5
52.613,3045.9
52.713,3047.2
52.813,3048.4
52.914,3049.8
53.014,3051.1
53.114,3051.8
53.214,3053.0
53.314,3054.3
53.415,3055.4
53.515,3056.5
53.615,3057.8
53.715,3059.2
53.816,3060.4
53.916,3061.4
54.016,3063.0
54.116,3064.0
54.216,3065.2
54.317,3066.6
54.417,3067.8
54.517,3068.9
54.617,3070.1
54.718,3071.4
54.818,3072.5
54.918,3073.8
55.018,3075.3
55.119,3076.1
55.219,3077.5
55.319,3078.5
55.419,3079.7
55.519,3080.9
55.620,3082.1
55.720,3083.3
55.820,3084.7
55.920,3085.9
56.020,3087.2
56.121,3088.5
56.224,3089.2
56.324,3090.6
56.424,3091.5
56.524,3092.8
56.624,3094.2
56.725,3095.4
56.825,3096.3
56.925,3097.2
57.025,3098.2
57.125,3099.2
57.226,3099.6
57.326,3100.1
57.426,3100.5
57.526,3101.3
57.626,3102.2
57.727,3103.2
57.827,3104.2
57.927,3111.5
58.027,3122.9
58.127,3113.4
58.228,3130.9
58.328,3131.8
58.428,3133.0
58.529,3134.6
58.629,3136.1
58.729,3137.1
58.829,3138.4
58.930,3139.8
59.030,3141.1
59.130,3152.1
59.230,3146.4
59.331,3166.7
59.431,3185.0
59.531,3176.9
59.631,3192.7
59.731,3194.0
59.832,3201.6
59.932,3202.3
60.032,3212.0
60.132,3221.4
60.232,3222.9
60.333,3224.3
60.433,3242.4
60.533,3250.5
60.633,3274.2
60.733,3283.4
60.834,3276.2
60.934,3279.7
61.034,3294.0
61.134,3303.5
61.234,3319.4
61.345,3327.8
61.445,3328.8
61.545,3330.3
61.645,3331.9
61.745,3333.8
61.846,3335.5
61.946,3337.3
62.046,3338.6
62.146,3340.5
62.246,3342.4
62.347,3343.8
62.447,3345.4
62.547,3347.1
62.647,3348.4
62.747,3350.2
62.848,3351.7
62.948,3353.5
63.048,3355.1
63.148,3356.8
63.249,3358.2
63.349,3359.9
63.449,3361.5
63.549,3363.1
63.650,3364.6
63.750,3366.1
63.850,3367.6
63.950,3369.0
64.050,3370.7
64.151,3372.3
64.251,3373.9
64.363,3375.5
64.463,3377.1
64.563,3378.9
64.663,3380.6
64.764,3382.4
64.864,3383.7
64.964,3385.4
65.064,3386.8
65.164,3388.7
65.265,3390.0
65.365,3391.6
65.465,3393.4
65.565,3394.8
65.666,3396.5
65.766,3397.8
65.866,3399.2
65.966,3400.5
66.067,3402.4
66.167,3404.0
66.267,3405.6
66.367,3407.1
66.467,3408.7
66.568,3410.3
66.668,3411.8
66.768,3413.4
66.868,3415.1
66.968,3416.5
67.069,3418.2
67.169,3419.4
67.269,3421.2
67.380,3422.7
67.480,3424.7
67.580,3426.2
67.680,3428.2
67.781,3429.7
67.881,3431.2
67.981,3432.8
68.081,3434.4
68.181,3435.9
68.282,3437.2
68.382,3438.9
68.482,3440.8
68.582,3442.3
68.682,3444.1
68.782,3445.1
68.883,3446.6
68.983,3448.2
69.083,3449.4
69.183,3451.2
69.283,3453.0
69.384,3454.5
69.484,3456.0
69.584,3457.6
69.685,3459.4
69.785,3460.6
69.885,3462.5
69.985,3463.9
70.085,3465.7
70.186,3467.2
70.286,3468.6
70.397,3469.8
70.497,3470.8
70.597,3472.6
70.697,3474.1
70.797,3475.6
70.898,3477.1
70.998,3478.4
71.098,3480.1
71.198,3481.3
71.298,3482.8
71.399,3484.7
71.499,3486.1
71.599,3487.4
71.699,3488.7
71.799,3490.5
71.900,3492.1
72.000,3493.7
72.100,3494.9
72.200,3496.5
72.300,3498.3
72.401,3499.7
72.501,3501.3
72.601,3503.0
72.701,3504.7
72.801,3506.2
72.902,3507.5
73.002,3508.9
73.102,3511.1
73.202,3512.4
73.302,3513.6
73.414,3515.2
73.514,3516.8
73.614,3518.8
73.715,3520.0
73.815,3521.4
73.915,3523.2
74.015,3524.6
74.116,3526.1
74.216,3527.8
74.316,3529.6
74.416,3530.9
74.516,3532.7
74.617,3534.0
74.717,3535.7
74.817,3537.1
74.917,3538.6
75.017,3540.1
75.118,3541.8
75.218,3543.3
75.318,3544.6
75.418,3546.1
75.518,3547.7
75.619,3549.2
75.719,3550.6
75.819,3551.8
75.919,3553.1
76.020,3554.8
76.120,3556.5
76.220,3558.1
76.320,3559.8
76.431,3561.3
76.531,3563.2
76.631,3565.1
76.732,3566.9
76.832,3568.6
76.932,3570.5
77.032,3572.1
77.132,3573.8
77.233,3575.6
77.333,3577.3
77.433,3579.1
77.533,3580.8
77.633,3582.5
77.734,3584.3
77.834,3586.1
77.934,3588.0
78.034,3589.4
78.134,3590.9
78.235,3592.7
78.335,3594.4
78.435,3596.2
78.535,3597.8
78.635,3599.6
78.736,3601.4
78.836,3603.2
78.936,3604.8
79.036,3606.6
79.137,3608.1
79.237,3609.9
79.337,3611.5
79.448,3613.3
79.548,3614.7
79.648,3616.7
79.748,3618.2
79.848,3620.0
79.949,3621.7
80.049,3623.0
80.149,3624.7
80.249,3626.0
80.349,3627.7
80.450,3629.3
80.550,3630.9
80.650,3632.7
80.750,3634.2
80.850,3635.8
80.951,3637.4
81.051,3639.0
81.151,3640.7
81.251,3642.3
81.351,3643.7
81.452,3645.4
81.552,3646.8
81.652,3648.6
81.752,3649.9
81.852,3651.7
81.953,3653.2
82.053,3654.6
82.153,3656.5
82.253,3658.0
82.354,3659.7
82.465,3660.9
82.565,3662.9
82.665,3664.6
82.765,3666.3
82.866,3668.2
82.966,3669.4
83.066,3670.8
83.166,3672.4
83.267,3674.3
83.367,3675.5
83.467,3677.5
83.567,3678.8
83.667,3680.2
83.768,3681.6
83.868,3682.9
83.968,3684.6
84.068,3686.5
84.169,3688.2
84.269,3689.8
84.369,3691.4
84.469,3693.1
84.570,3695.1
84.670,3696.5
84.770,3698.1
84.870,3699.6
84.970,3701.0
85.071,3702.8
85.171,3704.5
85.271,3706.1
85.371,3707.6
85.482,3709.0
85.582,3710.7
85.682,3712.5
85.783,3714.1
85.883,3715.5
85.983,3717.0
86.083,3718.5
86.183,3720.0
86.284,3721.6
86.384,3723.1
86.484,3724.7
86.584,3726.1
86.684,3727.7
86.785,3729.2
86.885,3730.6
86.985,3732.1
87.085,3733.9
87.185,3735.3
87.286,3737.0
87.386,3738.6
87.620,3741.7
87.720,3743.4
87.821,3744.7
87.921,3746.2
88.021,3747.7
88.121,3749.6
88.221,3750.6
88.322,3751.9
88.422,3753.5
88.665,3756.3
88.765,3758.1
89.017,3761.2
89.117,3762.9
89.218,3764.4
89.318,3765.9
89.546,3768.4
89.646,3769.8
89.746,3771.0
89.847,3772.3
89.947,3773.9
90.047,3775.2
90.147,3776.8
90.247,3778.3
90.506,3781.6
90.607,3783.1
90.707,3784.6
90.807,3786.2
90.907,3787.4
91.007,3788.8
91.108,3790.4
91.208,3791.8
91.308,3793.3
91.408,3794.5
91.516,3795.9
91.616,3797.4
91.916,3821.2
92.016,3823.2
92.116,3824.7
92.216,3826.2
92.317,3828.0
92.417,3829.6
92.517,3831.3
92.617,3833.1
92.718,3834.6
92.818,3836.3
92.918,3837.8
93.018,3838.8
93.119,3840.3
93.219,3842.0
93.319,3843.5
93.419,3845.1
93.519,3846.7
93.620,3848.2
93.720,3849.8
94.054,3853.9
94.341,3857.8
94.441,3859.2
94.541,3860.6
94.641,3862.1
94.741,3863.8
94.842,3865.4
94.942,3867.0
95.042,3868.4
95.142,3919.2
95.242,4005.9
95.343,4082.6
96.147,4574.8
96.345,4574.8
96.537,4574.8
96.646,4574.8
96.894,4628.7
97.138,4682.8
97.238,4718.6
97.391,4574.8
97.502,4574.8
97.802,4574.8
98.057,4574.8
98.266,3959.6
98.366,4054.0
98.466,4074.6
98.566,4131.7
98.667,4131.9
98.767,4124.1
98.867,4131.9
98.967,4074.6
99.067,4074.7
99.168,4074.7
99.268,4074.7
99.368,4074.7
99.468,4074.7
99.568,4074.7
99.669,4074.7
99.769,4074.7
99.869,4074.7
99.969,4074.7
100.069,4074.7
100.170,4101.3
100.270,4240.7
100.408,4189.5
100.508,4074.9
100.609,4074.9
100.709,4074.9
100.809,4074.9
100.909,4074.9
101.009,4074.9
101.110,4074.9
101.210,4074.9
101.310,4074.9
101.410,4074.9
101.510,4074.9
101.611,4122.4
101.711,4132.2
101.811,4113.3
101.911,4143.3
102.011,4221.3
102.112,4074.9
102.212,4075.4
102.312,4211.5
102.412,4234.5
102.512,4074.9
102.613,4074.9
102.713,4074.9
102.813,4074.9
102.913,4074.9
103.013,4074.9
103.114,4074.9
103.214,4074.9
103.314,4074.9
103.414,4074.9
103.514,4074.9
103.615,4074.9
103.715,4080.1
103.815,4132.1
103.919,4132.1
104.019,4135.8
104.120,4202.1
104.220,4281.2
104.320,4074.9
104.420,4138.1
104.520,4223.6
104.628,4189.6
104.728,4074.9
104.828,4074.9
104.928,4074.9
105.028,4074.9
105.129,4074.9
105.229,4074.9
105.329,4074.9
105.429,4074.9
105.529,4074.9
105.630,4074.9
105.730,4074.9
105.830,4074.9
105.930,4132.2
106.030,4132.2
106.131,4141.7
106.231,4207.8
106.331,4286.2
106.431,4074.9
106.531,4150.2
106.632,4215.4
106.745,4189.6
106.845,4074.9
106.945,4074.9
107.046,4074.9
107.146,4074.9
107.246,4074.9
107.346,4074.9
107.446,4074.9
107.547,4074.9
107.647,4074.9
107.747,4074.9
107.847,4074.9
107.947,4120.8
108.048,4132.3
108.150,4132.3
108.251,4135.4
108.351,4200.3
108.451,4278.7
108.551,4074.9
108.651,4115.0
108.752,4195.5
108.879,4189.6
108.980,4074.9
109.080,4074.9
109.180,4074.9
109.280,4074.9
109.380,4074.9
109.481,4074.9
109.581,4074.9
109.681,4074.9
109.781,4074.9
109.881,4074.9
109.982,4074.9
110.082,4104.1
110.182,4132.2
110.282,4082.1
110.382,4163.6
110.483,4234.3
110.583,4240.8
110.683,4074.9
110.783,4163.1
110.885,4189.6
110.985,4074.9
111.085,4074.9
111.185,4074.9
111.285,4074.9
111.386,4074.9
111.486,4074.9
111.586,4074.9
111.686,4074.9
111.786,4074.9
111.887,4074.9
111.987,4074.9
112.087,4074.9
112.187,4116.5
112.287,4132.3
112.388,4093.2
112.488,4180.1
112.588,4191.9
112.688,4240.7
112.788,4074.9
112.889,4169.0
112.989,4195.3
113.089,4074.9
113.189,4074.9
113.289,4074.9
113.390,4074.9
113.490,4074.9
113.590,4074.9
113.690,4074.9
113.791,4074.9
113.891,4074.9
113.991,4074.9
114.091,4074.9
114.191,4074.9
114.292,4132.2
114.392,4132.2
114.492,4127.0
114.592,4161.9
114.692,4237.2
114.793,4074.9
114.893,4109.2
114.993,4189.6
115.132,4189.6
115.233,4074.9
115.333,4074.9
115.433,4074.9
115.533,4074.9
115.633,4074.9
115.734,4074.9
115.834,4074.9
115.934,4074.9
116.034,4074.9
116.134,4074.9
116.235,4074.9
116.335,4105.6
116.435,4132.1
116.535,4098.6
116.635,4180.9
116.736,4192.1
116.838,4074.9
116.938,4074.9
117.038,4198.4
117.139,4222.3
117.239,4074.9
117.339,4074.9
117.439,4074.9
117.539,4074.9
117.640,4074.9
117.740,4074.9
117.840,4074.9
117.940,4074.9
118.041,4074.9
118.141,4074.9
118.241,4074.9
118.341,4074.9
118.441,4092.0
118.542,4132.2
118.642,4074.9
118.742,4132.2
118.842,4187.4
118.942,4265.0
119.043,4074.9
119.143,4103.8
119.243,4245.6
119.380,4189.6
119.480,4074.9
119.580,4074.9
119.680,4074.9
119.780,4074.9
119.881,4074.9
119.981,4074.9
120.081,4074.9
120.181,4074.9
120.281,4074.9
120.382,4074.9
120.482,4074.9
120.582,4074.9
120.682,4132.3
120.782,4132.3
120.883,4099.4
120.983,4184.0
121.083,4195.9
121.183,4074.9
121.283,4074.9
121.384,4187.7
121.484,4211.8
121.584,4074.9
121.684,4074.9
121.784,4074.9
121.885,4074.9
121.985,4074.9
122.085,4074.9
122.185,4074.9
122.285,4074.9
122.386,4074.9
122.486,4074.9
122.586,4074.9
122.686,4074.9
122.786,4075.2
122.887,4132.3
122.987,4132.3
123.087,4126.7
123.187,4167.3
123.287,4238.7
123.388,4074.9
123.488,4107.5
123.590,4189.6
123.724,4189.6
123.824,4074.9
123.925,4074.9
124.025,4074.9
124.125,4074.9
124.225,4074.9
124.325,4074.9
124.426,4074.9
124.526,4074.9
124.626,4074.9
124.734,4074.9
124.835,4074.9
124.935,4074.9
125.035,4132.1
125.135,4132.1
125.235,4127.2
125.336,4166.8
125.436,4242.8
125.536,4074.9
125.636,4113.0
125.736,4191.7
125.869,4189.6
125.969,4074.9
126.069,4074.9
126.170,4074.9
126.270,4074.9
126.370,4074.9
126.470,4074.9
126.570,4074.9
126.671,4074.9
126.771,4074.9
126.871,4074.9
126.971,4074.9
127.071,4074.9
127.172,4132.1
127.272,4132.1
127.372,4132.1
127.472,4182.5
127.572,4259.1
127.673,4074.9
127.773,4109.2
127.874,4189.6
128.009,4189.6
128.109,4074.9
128.209,4074.9
128.309,4074.9
128.410,4074.9
128.510,4074.9
128.610,4074.9
128.710,4074.9
128.810,4074.9
128.911,4074.9
129.011,4074.9
129.111,4074.9
129.211,4074.9
129.311,4132.1
129.412,4132.1
129.512,4126.6
129.612,4152.5
129.713,4228.1
129.813,4074.9
129.913,4079.2
130.013,4216.4
130.113,4237.8
130.214,4074.9
130.314,4074.9
130.414,4074.9
130.514,4074.9
130.614,4074.9
130.715,4074.9
130.815,4074.9
130.915,4074.9
131.015,4074.9
131.115,4074.9
131.216,4074.9
131.316,4074.9
131.416,4091.3
131.516,4132.3
131.616,4132.3
131.717,4132.1
131.817,4176.9
131.917,4252.6
132.017,4074.9
132.117,4109.1
132.218,4189.6
132.353,4189.6
132.453,4074.9
132.553,4074.9
132.654,4074.9
132.754,4074.9
132.854,4074.9
132.954,4074.9
133.054,4074.9
133.155,4074.9
133.255,4074.9
133.355,4074.9
133.455,4074.9
133.555,4074.9
133.656,4132.1
133.756,4132.1
133.856,4102.8
133.956,4186.3
134.056,4198.2
134.157,4074.9
134.257,4074.9
134.357,4198.1
134.457,4221.8
134.557,4074.9
134.658,4074.9
134.758,4074.9
134.858,4074.9
134.958,4074.9
135.058,4074.9
135.159,4074.9
135.259,4074.9
135.359,4074.9
135.459,4074.9
135.559,4074.9
135.660,4074.9
135.760,4088.1
135.860,4132.3
135.963,4132.3
136.063,4132.4
136.163,4194.6
136.263,4272.0
136.364,4074.9
136.464,4135.7
136.564,4221.8
136.675,4189.6
136.776,4132.1
136.876,4132.1
136.976,3960.4
137.081,3960.4
137.187,3960.4
137.292,3960.4
137.397,3960.4
137.502,3960.4
137.608,3960.4
137.713,3960.4
137.818,3960.4
137.923,3960.4
138.029,3960.4
138.134,3960.4
138.239,3960.4
138.344,3960.4
138.445,3960.4
138.545,3960.4
147.018,5572.0
147.155,3829.8
147.962,3829.8
148.381,3829.8
148.641,3829.8
148.747,3829.8
148.852,3829.8
148.952,3829.8
149.057,3829.8
149.173,3829.8
149.278,3829.8
149.384,3829.8
149.489,3829.8
149.589,3829.8
149.690,3839.4
149.790,3891.0
149.890,3942.8
149.990,3994.9
150.090,4047.5
150.191,4099.1
150.291,4151.2
150.391,4201.7
150.491,4254.6
150.591,4307.0
150.692,4360.3
150.792,4412.8
150.892,4465.7
150.992,4519.9
151.092,4573.6
151.193,4625.1
151.293,4677.1
151.393,4732.5
151.493,4790.0
151.593,4847.0
151.694,4903.3
151.794,4958.3
151.894,5014.4
151.994,5061.6
152.094,5119.4
152.195,5144.2
152.295,5144.2
152.395,5144.2
152.495,5144.2
152.595,5144.2
152.696,5144.2
152.796,5144.2
152.896,5144.2
152.996,5144.2
153.096,5144.2
153.197,5144.2
153.297,5144.2
153.397,5144.2
153.497,5144.2
153.597,5144.2
153.698,5144.2
153.798,5144.2
153.898,5144.2
153.998,5144.2
154.098,5144.2
154.199,5144.2
154.299,5144.2
154.399,5144.2
154.499,5144.2
154.599,5144.2
154.700,5144.2
154.800,5144.2
154.900,5144.2
155.000,5144.2
155.100,5179.2
155.201,5233.2
155.301,5291.0
155.401,5349.3
155.501,5409.7
155.601,5468.9
155.702,5526.6
155.802,5583.9
155.902,5640.4
156.002,5695.2
156.102,5749.7
156.203,5804.3
156.303,5810.0
156.403,5811.8
156.503,5813.3
156.603,5814.3
156.704,5815.9
156.804,5816.1
156.904,5819.5
157.004,5823.1
157.104,5823.1
157.205,5823.1
157.305,5823.1
157.405,5834.2
157.505,5834.2
157.606,5834.2
157.706,5834.2
157.806,5834.2
157.906,5834.2
158.006,5834.2
158.107,5834.2
158.207,5834.2
158.307,5834.2
158.407,5834.2
158.507,5834.2
158.608,5834.2
158.708,5834.2
158.808,5834.2
158.908,5834.2
159.009,5834.2
159.109,5834.2
159.209,5834.2
159.309,5834.2
159.409,5834.2
159.510,5834.2
159.610,5834.2
159.710,5834.2
159.810,5834.2
159.911,5834.2
160.011,5834.2
160.111,5834.2
160.211,5834.2
160.311,5834.2
160.412,5834.2
160.512,5834.2
160.612,5834.2
160.712,5834.2
160.812,5834.2
160.913,5834.2
161.013,5834.2
161.113,5834.2
161.213,5834.2
161.314,5834.2
161.414,5834.2
161.514,5834.2
161.614,5834.2
161.715,5834.2
161.815,5834.4
161.915,5834.4
162.015,5834.4
162.116,5834.4
162.216,5834.4
162.316,5834.4
162.416,5834.4
162.516,5834.4
162.617,5834.4
162.717,5834.4
162.817,5834.4
162.917,5834.4
163.017,5834.4
163.118,5834.4
163.218,5834.4
163.318,5834.4
163.418,5834.4
163.519,5834.4
163.626,5834.4
163.727,5834.4
163.827,5834.4
163.927,5834.4
164.027,5834.4
164.128,5834.4
164.228,5834.4
164.328,5834.4
164.429,5834.4
164.529,5834.4
164.629,5834.4
164.729,5834.4
164.830,5834.4
164.930,5834.4
165.030,5834.4
165.130,5834.4
165.230,5834.4
165.331,5834.4
165.438,5834.4
165.539,5834.4
165.639,5834.4
165.739,5834.4
165.839,5834.4
165.939,5834.4
166.040,5834.4
166.140,5834.4
166.240,5834.4
166.340,5834.4
166.441,5834.4
166.541,5834.4
166.641,5834.4
166.741,5834.4
166.854,5834.4
166.955,5834.4
167.055,5834.4
167.155,5834.4
167.255,5834.4
167.355,5834.4
167.456,5834.4
167.556,5834.4
167.656,5834.4
167.756,5834.4
167.857,5834.4
167.976,5834.4
168.077,5834.4
168.177,5834.4
168.277,5834.4
168.377,5834.4
168.478,5834.4
168.578,5834.4
168.678,5834.4
168.778,5834.4
168.878,5834.4
168.979,5834.4
169.079,5834.4
169.179,5834.4
169.279,5834.4
169.380,5834.4
169.480,5834.4
169.580,5834.4
169.680,5834.4
169.781,5834.4
169.881,5834.4
169.981,5834.4
170.081,5834.4
170.182,5834.4
170.282,5834.4
170.382,5834.4
170.482,5834.4
170.582,5834.4
170.683,5834.4
170.783,5834.4
170.883,5834.4
170.983,5834.4
171.084,5834.4
171.184,5834.4
171.284,5834.4
171.384,5834.4
171.484,5834.4
171.585,5834.4
171.685,5834.4
171.785,5834.4
171.885,5834.4
171.986,5834.4
172.086,5834.4
172.186,5834.4
172.286,5834.4
172.387,5834.4
172.487,5834.4
172.587,5834.4
172.687,5834.4
172.788,5834.4
172.888,5834.4
172.990,5834.4
173.091,5834.4
173.191,5834.4
173.291,5834.4
173.391,5834.4
173.491,5834.4
173.592,5834.4
173.692,5834.4
173.792,5834.4
173.892,5834.4
173.993,5834.4
174.093,5834.4
174.193,5834.4
174.293,5834.4
174.393,5834.4
174.494,5834.4
174.594,5834.4
174.694,5834.4
174.794,5834.4
174.895,5834.4
174.995,5834.4
175.095,5834.4
175.199,5834.4
175.300,5834.4
175.400,5834.4
175.500,5834.4
175.619,5834.4
175.719,5834.4
175.819,5834.4
175.919,5834.4
176.020,5834.4
176.120,5834.4
176.220,5834.4
176.320,5834.4
176.425,5834.4
176.526,5834.4
176.626,5834.4
176.726,5834.4
176.826,5834.4
176.927,5834.4
177.027,5834.4
177.127,5834.4
177.227,5834.4
177.327,5834.4
177.428,5834.4
177.528,5834.4
177.628,5834.4
177.728,5834.4
177.828,5834.4
177.929,5834.4
178.029,5834.4
178.129,5834.4
178.229,5834.4
178.330,5834.4
178.430,5834.4
178.530,5834.4
178.630,5834.4
178.731,5834.4
178.831,5834.4
178.931,5834.4
179.031,5834.4
179.132,5834.4
179.232,5834.4
179.332,5834.4
179.432,5834.4
179.532,5834.4
179.633,5834.4
179.733,5834.4
179.833,5834.4
179.933,5834.4
180.034,5834.4
180.134,5834.4
180.234,5834.4
180.334,5834.4
180.434,5834.4
180.535,5834.4
180.635,5834.4
180.735,5834.4
180.835,5834.4
180.935,5834.4
181.036,5834.4
181.136,5834.4
181.236,5834.4
181.336,5834.4
181.436,5834.4
181.537,5834.4
181.637,5834.4
181.737,5834.4
181.837,5834.4
181.938,5834.4
182.038,5834.4
182.138,5834.4
182.239,5834.4
182.339,5834.4
182.439,5834.4
182.539,5834.4
182.639,5834.4
182.740,5834.4
182.840,5834.4
182.940,5834.4
183.040,5834.4
183.140,5834.4
183.241,5834.4
183.341,5834.4
183.441,5834.4
183.541,5834.4
183.641,5834.4
183.742,5834.4
183.842,5834.4
183.942,5834.4
184.042,5834.4
184.143,5834.4
184.243,5834.4
184.343,5834.4
184.443,5834.4
184.543,5834.4
184.644,5834.4
184.744,5834.4
184.844,5834.4
184.944,5834.4
185.044,5834.4
185.148,5834.4
185.249,5834.4
185.349,5834.4
185.449,5834.4
185.549,5834.4
185.650,5834.4
185.750,5834.4
185.850,5834.4
185.950,5834.4
186.051,5834.4
186.151,5834.4
186.251,5834.4
186.351,5834.4
186.452,5834.4
186.555,5834.4
186.656,5834.4
186.756,5834.4
186.856,5834.4
186.956,5834.4
187.056,5834.4
187.157,5834.4
187.257,5834.4
187.357,5834.4
187.457,5834.4
187.558,5834.4
187.658,5834.4
187.758,5834.4
187.858,5834.4
187.958,5834.4
188.059,5834.4
188.159,5834.4
188.259,5834.4
188.359,5834.4
188.460,5834.4
188.560,5834.4
188.660,5834.4
188.760,5834.4
188.860,5834.4
188.961,5834.4
189.061,5834.4
189.163,5834.4
189.264,5834.4
189.364,5834.4
189.464,5834.4
189.565,5834.4
189.665,5834.4
189.765,5834.4
189.865,5834.4
189.965,5834.4
190.066,5834.4
190.166,5834.4
190.266,5834.4
190.366,5834.4
190.467,5834.4
190.567,5834.4
190.667,5834.4
190.767,5834.4
190.867,5834.4
190.968,5834.4
191.068,5834.4
191.169,5834.4
191.269,5834.4
191.369,5834.4
191.469,5834.4
191.570,5834.4
191.670,5834.4
191.770,5834.4
191.870,5834.4
191.970,5834.4
192.071,5834.4
192.171,5834.4
192.271,5834.4
192.371,5834.4
192.472,5834.4
192.586,5834.4
192.687,5834.4
192.787,5834.4
192.887,5834.4
192.988,5834.4
193.088,5834.4
193.188,5834.4
193.288,5834.4
193.388,5834.4
193.489,5834.4
193.589,5834.4
193.689,5834.4
193.789,5834.4
193.890,5834.4
193.990,5834.4
194.090,5834.4
194.190,5834.4
194.290,5834.4
194.391,5834.4
194.491,5834.4
194.591,5834.4
194.691,5834.4
194.791,5834.4
194.892,5834.4
194.992,5834.4
195.092,5834.4
195.192,5834.4
195.292,5834.4
195.393,5834.4
195.493,5834.4
195.593,5834.4
195.693,5834.4
195.794,5834.4
195.904,5834.4
196.005,5834.4
196.105,5834.4
196.205,5834.4
196.317,5834.4
196.418,5834.4
196.518,5834.4
196.618,5834.4
196.718,5834.4
196.819,5834.4
196.919,5834.4
197.019,5834.4
197.119,5834.4
197.220,5834.4
197.320,5834.4
197.420,5834.4
197.520,5834.4
197.620,5834.4
197.721,5834.4
197.821,5834.4
197.921,5834.4
198.021,5834.4
198.122,5834.4
198.222,5834.4
198.322,5834.4
198.422,5834.4
198.522,5834.4
198.623,5834.4
198.723,5834.4
198.823,5834.4
198.923,5834.4
199.023,5834.4
199.124,5834.4
199.224,5834.4
199.324,5834.4
199.424,5834.4
199.525,5834.4
199.625,5834.4
199.725,5834.4
199.825,5834.4
199.925,5834.4
200.026,5834.4
200.126,5834.4
200.226,5834.4
200.326,5834.4
200.427,5834.4
200.527,5834.4
200.627,5834.4
200.727,5834.4
200.828,5834.4
200.928,5834.4
201.028,5834.4
201.128,5834.4
201.228,5834.4
201.329,5834.4
201.429,5834.4
201.529,5834.4
201.629,5834.4
201.730,5834.4
201.830,5834.4
201.930,5834.4
202.030,5834.4
202.130,5834.4
202.231,5834.4
202.331,5834.4
202.431,5834.4
202.531,5834.4
202.631,5834.4
202.732,5834.4
202.832,5834.4
202.932,5834.4
203.032,5834.4
203.133,5834.4
203.241,5834.4
203.342,5834.4
203.442,5834.4
203.542,5834.4
203.642,5834.4
203.743,5834.4
203.843,5834.4
203.943,5834.4
204.043,5834.4
204.143,5834.4
204.244,5834.4
204.344,5834.4
204.445,5834.4
204.546,5834.4
204.646,5834.4
204.746,5834.4
204.846,5834.4
204.947,5834.4
205.047,5834.4
205.147,5834.4
205.247,5834.4
205.347,5834.4
205.448,5834.4
205.548,5834.4
205.648,5834.4
205.749,5834.4
205.853,5834.4
205.954,5834.4
206.054,5834.4
206.154,5834.4
206.254,5834.4
206.354,5834.4
206.455,5834.4
206.555,5834.4
206.655,5834.4
206.755,5834.4
206.856,5834.4
206.956,5834.4
207.056,5834.4
207.156,5834.4
207.256,5834.4
207.357,5834.4
207.457,5834.4
207.557,5834.4
207.657,5834.4
207.757,5834.4
207.858,5834.4
207.958,5834.4
208.066,5834.4
208.167,5834.4
208.267,5834.4
208.367,5834.4
208.467,5834.4
208.568,5834.4
208.668,5834.4
208.768,5834.4
208.868,5834.4
208.969,5834.4
209.069,5834.4
209.169,5834.4
209.277,5834.4
209.377,5834.4
209.477,5834.4
209.578,5834.4
209.678,5834.4
209.778,5834.4
209.878,5834.4
209.979,5834.4
210.079,5834.4
210.179,5834.4
210.279,5834.4
210.382,5834.4
210.483,5834.4
210.583,5834.4
210.683,5834.4
210.787,5834.4
210.888,5834.4
210.988,5834.4
211.088,5834.4
211.188,5834.4
211.289,5834.4
211.389,5834.4
211.489,5834.4
211.589,5834.4
211.689,5834.4
211.790,5834.4
211.890,5834.4
211.990,5834.4
212.090,5834.4
212.190,5834.4
212.294,5834.4
212.411,5834.4
212.512,5834.4
212.612,5834.4
212.712,5834.4
212.812,5834.4
212.913,5834.4
213.013,5834.4
213.113,5834.4
213.213,5834.4
213.313,5834.4
213.414,5834.4
213.514,5834.4
213.615,5834.4
213.723,5834.4
213.824,5834.4
213.924,5834.4
214.024,5834.4
214.124,5834.4
214.224,5834.4
214.325,5834.4
214.425,5834.4
214.525,5834.4
214.625,5834.4
214.726,5834.4
214.826,5834.4
214.926,5834.4
215.026,5834.4
215.139,5834.4
215.240,5834.4
215.340,5834.4
215.440,5834.4
215.540,5834.4
215.641,5834.4
215.741,5834.4
215.841,5834.4
215.941,5834.4
216.041,5834.4
216.142,5834.4
216.242,5834.4
216.342,5834.4
216.442,5834.4
216.542,5834.4
216.643,5834.4
216.743,5834.4
216.843,5834.4
216.943,5834.4
217.052,5834.4
217.153,5834.4
217.253,5834.4
217.353,5834.4
217.453,5834.4
217.553,5834.4
217.654,5834.4
217.754,5834.4
217.854,5834.4
217.964,5834.4
218.065,5834.4
218.165,5834.4
218.265,5834.4
218.365,5834.4
218.466,5834.4
218.566,5834.4
218.666,5834.4
218.766,5834.4
218.866,5834.4
218.967,5834.4
219.067,5834.4
219.167,5834.4
219.286,5834.4
219.386,5834.4
219.486,5834.4
219.586,5834.4
219.687,5834.4
219.787,5834.4
219.887,5834.4
219.987,5834.4
220.088,5834.4
220.188,5834.4
220.288,5834.4
220.388,5834.4
220.488,5834.4
220.589,5834.4
220.689,5834.4
220.789,5834.4
220.889,5834.4
220.989,5834.4
221.090,5834.4
221.190,5834.4
221.290,5834.4
221.390,5834.4
221.491,5834.4
221.591,5834.4
221.691,5834.4
221.791,5834.4
221.891,5834.4
221.992,5834.4
222.092,5834.4
222.192,5834.4
222.292,5834.4
222.392,5834.4
222.493,5834.4
222.593,5834.4
222.693,5834.4
222.801,5834.4
222.902,5834.4
223.002,5834.4
223.102,5834.4
223.202,5834.4
223.303,5834.4
223.403,5834.4
223.503,5834.4
223.603,5834.4
223.703,5834.4
223.804,5834.4
223.904,5834.4
224.004,5834.4
224.104,5834.4
224.204,5834.4
224.305,5834.4
224.405,5834.4
224.505,5834.4
224.605,5834.4
224.705,5834.4
224.806,5834.4
224.906,5834.4
225.017,5834.4
225.118,5834.4
225.218,5834.4
225.318,5834.4
225.418,5834.4
225.518,5834.4
225.619,5834.4
225.719,5834.4
225.819,5834.4
225.919,5834.4
226.020,5834.4
226.120,5834.4
226.220,5834.4
226.320,5834.4
226.420,5834.4
226.521,5834.4
226.621,5834.4
226.721,5834.4
226.821,5834.4
226.923,5834.4
227.024,5834.4
227.124,5834.4
227.224,5834.4
227.324,5834.4
227.424,5834.4
227.525,5834.4
227.625,5834.4
227.725,5834.4
227.825,5834.4
227.926,5834.4
228.026,5834.4
228.126,5834.4
228.226,5834.4
228.326,5834.4
228.427,5834.4
228.527,5834.4
228.627,5834.4
228.727,5834.4
228.828,5834.4
228.928,5834.4
229.028,5834.4
229.128,5834.4
229.228,5834.4
229.329,5834.4
229.429,5834.4
229.551,5834.4
229.652,5834.4
229.752,5834.4
229.852,5834.4
229.958,5834.4
230.059,5834.4
230.159,5834.4
230.259,5834.4
230.359,5834.4
230.460,5834.4
230.560,5834.4
230.660,5834.4
230.760,5834.4
230.860,5834.4
230.961,5834.4
231.061,5834.4
231.161,5834.4
231.261,5834.4
231.361,5834.4
231.462,5834.4
231.562,5834.4
231.662,5834.4
231.762,5834.4
231.863,5834.4
231.963,5834.4
232.063,5834.4
232.163,5834.4
232.263,5834.4
232.364,5834.4
232.464,5834.4
232.564,5834.4
232.664,5834.4
232.764,5834.4
232.865,5834.4
232.965,5834.4
233.065,5834.4
233.165,5834.4
233.266,5834.4
233.366,5834.4
233.466,5834.4
233.566,5834.4
233.666,5834.4
233.767,5834.4
233.867,5834.4
233.967,5834.4
234.067,5834.4
234.168,5834.4
234.268,5834.4
234.368,5834.4
234.469,5834.4
234.569,5834.4
234.669,5834.4
234.769,5834.4
234.869,5834.4
234.970,5834.4
235.070,5834.4
235.170,5834.4
235.270,5834.4
235.370,5834.4
235.471,5834.4
235.571,5834.4
235.671,5834.4
235.774,5834.4
235.875,5834.4
235.975,5834.4
236.075,5834.4
236.175,5834.4
236.276,5834.4
236.376,5834.4
236.476,5834.4
236.576,5834.4
236.676,5834.4
236.777,5834.4
236.877,5834.4
236.977,5834.4
237.077,5834.4
237.177,5834.4
237.278,5834.4
237.378,5834.4
237.478,5834.4
237.578,5834.4
237.679,5834.4
237.779,5834.4
237.879,5834.4
237.979,5834.4
238.079,5834.4
238.180,5834.4
238.280,5834.4
238.380,5834.4
238.480,5834.4
238.581,5834.4
238.681,5834.4
238.781,5834.4
238.882,5834.4
238.982,5834.4
239.082,5834.4
239.182,5834.4
239.282,5834.4
239.383,5834.4
239.483,5834.4
239.583,5834.4
239.683,5834.4
239.783,5834.4
239.884,5834.4
239.984,5834.4
240.084,5834.4
240.184,5834.4
240.285,5834.4
240.385,5834.4
240.485,5834.4
240.585,5834.4
240.685,5834.4
240.786,5834.4
240.886,5834.4
240.986,5834.4
241.086,5834.4
241.186,5834.4
241.287,5834.4
241.387,5834.4
241.487,5834.4
241.587,5834.4
241.688,5834.4
241.788,5834.4
241.888,5834.4
241.988,5834.4
242.091,5834.4
242.192,5834.4
242.292,5834.4
242.392,5834.4
242.493,5834.4
242.593,5834.4
242.693,5834.4
242.793,5834.4
242.893,5834.4
242.994,5834.4
243.094,5834.4
243.194,5834.4
243.294,5834.4
243.394,5834.4
243.495,5834.4
243.595,5834.4
243.695,5834.4
243.795,5834.4
243.896,5834.4
243.996,5834.4
244.096,5834.4
244.196,5834.4
244.296,5834.4
244.397,5834.4
244.497,5834.4
244.597,5834.4
244.697,5834.4
244.797,5834.4
244.898,5834.4
244.998,5834.4
245.098,5834.4
245.198,5834.4
245.299,5834.4
245.399,5834.4
245.500,5834.4
245.601,5834.4
245.701,5834.4
245.801,5834.4
245.901,5834.4
246.001,5834.4
246.102,5834.4
246.202,5834.4
246.302,5834.4
246.402,5834.4
246.503,5834.4
246.603,5834.4
246.703,5834.4
246.804,5834.4
246.904,5834.4
247.004,5834.4
247.104,5834.4
247.204,5834.4
247.305,5834.4
247.405,5834.4
247.505,5834.4
247.605,5834.4
247.706,5834.4
247.806,5834.4
247.906,5834.4
248.017,5834.4
248.118,5834.4
248.218,5834.4
248.318,5834.4
248.418,5834.4
248.518,5834.4
248.619,5834.4
248.719,5834.4
248.819,5834.4
248.919,5834.4
249.020,5834.4
249.120,5834.4
249.220,5834.4
249.320,5834.4
249.420,5834.4
249.521,5834.4
249.621,5834.4
249.721,5834.4
249.821,5834.4
249.921,5834.4
250.022,5834.4
250.122,5834.4
250.222,5834.4
250.322,5834.4
250.423,5834.4
250.523,5834.4
250.623,5834.4
250.723,5834.4
250.824,5834.4
250.924,5834.4
251.024,5834.4
251.124,5834.4
251.225,5834.4
251.325,5834.4
251.425,5834.4
251.525,5834.4
251.640,5834.4
251.740,5834.4
251.844,5834.4
251.945,5834.4
252.045,5834.4
252.145,5834.4
252.245,5834.4
252.346,5834.4
252.446,5834.4
252.546,5834.4
252.646,5834.4
252.746,5834.4
252.847,5834.4
252.947,5834.4
253.047,5834.4
253.147,5834.4
253.247,5834.4
253.348,5834.4
253.448,5834.4
253.548,5834.4
253.648,5834.4
253.749,5834.4
253.849,5834.4
253.949,5834.4
254.049,5834.4
254.149,5834.4
254.250,5834.4
254.350,5834.4
254.450,5834.4
254.555,5834.4
254.656,5834.4
254.756,5834.4
254.856,5834.4
254.956,5834.4
255.057,5834.4
255.157,5834.4
255.257,5834.4
255.357,5834.4
255.458,5834.4
255.558,5834.4
255.658,5834.4
255.758,5834.4
255.860,5834.4
255.961,5834.4
256.061,5834.4
256.161,5834.4
256.261,5834.4
256.361,5834.4
256.462,5834.4
256.562,5834.4
256.662,5834.4
256.762,5834.4
256.862,5834.4
256.963,5834.4
257.063,5834.4
257.163,5834.4
257.263,5834.4
257.363,5834.4
257.464,5834.4
257.578,5834.4
257.678,5834.4
257.778,5834.4
257.879,5834.4
257.979,5834.4
258.079,5834.4
258.179,5834.4
258.292,5834.4
258.392,5834.4
258.492,5834.4
258.592,5834.4
258.692,5834.4
258.793,5834.4
258.893,5834.4
258.993,5834.4
259.093,5834.4
259.193,5834.4
259.294,5834.4
259.394,5834.4
259.494,5834.4
259.605,5834.4
259.706,5834.4
259.806,5834.4
259.906,5834.4
260.006,5834.4
260.107,5834.4
260.207,5834.4
260.307,5834.4
260.407,5834.4
260.508,5834.4
260.608,5834.4
260.708,5834.4
260.808,5834.4
260.909,5834.4
261.009,5834.4
261.109,5834.4
261.209,5834.4
261.309,5834.4
261.410,5834.4
261.510,5834.4
261.610,5834.4
261.710,5834.4
261.811,5834.4
261.911,5834.4
262.011,5834.4
262.111,5834.4
262.211,5834.4
262.312,5834.4
262.412,5834.4
262.512,5834.4
262.612,5834.4
262.712,5834.4
262.813,5834.4
262.913,5834.4
263.013,5834.4
263.113,5834.4
263.214,5834.4
263.314,5834.4
263.414,5834.4
263.514,5834.4
263.614,5834.4
263.715,5834.4
263.815,5834.4
263.915,5834.4
264.016,5834.4
264.116,5834.4
264.216,5834.4
264.316,5834.4
264.416,5834.4
264.517,5834.4
264.617,5834.4
264.718,5834.4
264.818,5834.4
264.918,5834.4
265.019,5834.4
265.119,5834.4
265.219,5834.4
265.319,5834.4
265.419,5834.4
265.520,5834.4
265.620,5834.4
265.720,5834.4
265.820,5834.4
265.920,5834.4
266.021,5834.4
266.121,5834.4
266.221,5834.4
266.321,5834.4
266.422,5834.4
266.522,5834.4
266.633,5834.4
266.734,5834.4
266.834,5834.4
266.934,5834.4
267.034,5834.4
267.134,5834.4
267.235,5834.4
267.335,5834.4
267.435,5834.4
267.535,5834.4
267.636,5834.4
267.736,5834.4
267.836,5834.4
267.936,5834.4
268.036,5834.4
268.137,5834.4
268.250,5834.4
268.350,5834.4
268.450,5834.4
268.550,5834.4
268.650,5834.4
268.751,5834.4
268.851,5834.4
268.951,5834.4
269.051,5834.4
269.151,5834.4
269.252,5834.4
269.352,5834.4
269.452,5834.4
269.552,5834.4
269.654,5834.4
269.754,5834.4
269.866,5834.4
269.967,5834.4
270.067,5834.4
270.167,5834.4
270.267,5834.4
270.367,5834.4
270.468,5834.4
270.568,5834.4
270.668,5834.4
270.768,5834.4
270.869,5834.4
270.969,5834.4
271.069,5834.4
271.169,5834.4
271.269,5834.4
271.370,5834.4
271.470,5834.4
271.570,5834.4
271.670,5834.4
271.786,5834.4
271.887,5834.4
271.987,5834.4
272.087,5834.4
272.187,5834.4
272.287,5834.4
272.388,5834.4
272.488,5834.4
272.588,5834.4
272.688,5834.4
272.789,5834.4
272.889,5834.4
272.989,5834.4
273.089,5834.4
273.189,5834.4
273.290,5834.4
273.391,5834.4
273.491,5834.4
273.591,5834.4
273.691,5834.4
273.795,5834.4
273.896,5834.4
273.996,5834.4
274.096,5834.4
274.196,5834.4
274.297,5834.4
274.397,5834.4
274.497,5834.4
274.597,5834.4
274.697,5834.4
274.798,5834.4
274.898,5834.4
274.998,5834.4
275.098,5834.4
275.198,5834.4
275.299,5834.4
275.399,5834.4
275.499,5834.4
275.599,5834.4
275.699,5834.4
275.800,5834.4
275.900,5834.4
276.000,5834.4
276.100,5834.4
276.201,5834.4
276.301,5834.4
276.401,5834.4
276.501,5834.4
276.601,5834.4
276.702,5834.4
276.802,5834.4
276.902,5834.4
277.002,5834.4
277.103,5834.4
277.203,5834.4
277.303,5834.4
277.403,5834.4
277.503,5834.4
277.604,5834.4
277.704,5834.4
277.804,5834.4
277.905,5834.4
278.005,5834.4
278.105,5834.4
278.205,5834.4
278.305,5834.4
278.406,5834.4
278.506,5834.4
278.606,5834.4
278.709,5834.4
278.810,5834.4
278.910,5834.4
279.010,5834.4
279.110,5834.4
279.210,5834.4
279.311,5834.4
279.411,5834.4
279.511,5834.4
279.611,5834.4
279.712,5834.4
279.812,5834.4
279.912,5834.4
280.012,5834.4
280.119,5834.4
280.220,5834.4
280.320,5834.4
280.420,5834.4
280.520,5834.4
280.620,5834.4
280.721,5834.4
280.821,5834.4
280.921,5834.4
281.021,5834.4
281.122,5834.4
281.222,5834.4
281.322,5834.4
281.422,5834.4
281.522,5834.4
281.623,5834.4
281.729,5834.4
281.830,5834.4
281.930,5834.4
282.030,5834.4
282.131,5834.4
282.231,5834.4
282.331,5834.4
282.431,5834.4
282.531,5834.4
282.632,5834.4
282.732,5834.4
282.832,5834.4
282.942,5834.4
283.043,5834.4
283.143,5834.4
283.243,5834.4
283.343,5834.4
283.447,5834.4
283.548,5834.4
283.648,5834.4
283.748,5834.4
283.848,5834.4
283.948,5834.4
284.049,5834.4
284.149,5834.4
284.249,5834.4
284.349,5834.4
284.450,5834.4
284.550,5834.4
284.650,5834.4
284.750,5834.4
284.850,5834.4
284.951,5834.4
285.051,5834.4
285.151,5834.4
285.251,5834.4
285.352,5834.4
285.452,5834.4
285.552,5834.4
285.652,5834.4
285.753,5834.4
285.853,5834.4
285.953,5834.4
286.053,5834.4
286.154,5834.4
286.254,5834.4
286.354,5834.4
286.454,5834.4
286.554,5834.4
286.655,5834.4
286.755,5834.4
286.855,5834.4
286.956,5834.4
287.057,5834.4
287.157,5834.4
287.257,5834.4
287.357,5834.4
287.458,5834.4
287.558,5834.4
287.658,5834.4
287.767,5834.4
287.867,5834.4
287.967,5834.4
288.067,5834.4
288.168,5834.4
288.271,5834.4
288.372,5834.4
288.472,5834.4
288.572,5834.4
288.672,5834.4
288.773,5834.4
288.873,5834.4
288.973,5834.4
289.073,5834.4
289.173,5834.4
289.274,5834.4
289.374,5834.4
289.474,5834.4
289.574,5834.4
289.675,5834.4
289.775,5834.4
289.875,5834.4
289.975,5834.4
290.076,5834.4
290.176,5834.4
290.276,5834.4
290.376,5834.4
290.477,5834.4
290.577,5834.4
290.677,5834.4
290.782,5834.4
290.883,5834.4
290.983,5834.4
291.083,5834.4
291.183,5834.4
291.283,5834.4
291.384,5834.4
291.484,5834.4
291.584,5834.4
291.684,5834.4
291.784,5834.4
291.885,5834.4
291.985,5834.4
292.085,5834.4
292.185,5834.4
292.285,5834.4
292.386,5834.4
292.486,5834.4
292.586,5834.4
292.686,5834.4
292.787,5834.4
292.887,5834.4
292.987,5834.4
293.087,5834.4
293.187,5834.4
293.288,5834.4
293.388,5834.4
293.488,5834.4
293.588,5834.4
293.689,5834.4
293.800,5834.4
293.901,5834.4
294.001,5834.4
294.101,5834.4
294.201,5834.4
294.302,5834.4
294.402,5834.4
294.502,5834.4
294.602,5834.4
294.702,5834.4
294.803,5834.4
294.903,5834.4
295.003,5834.4
295.103,5834.4
295.203,5834.4
295.304,5834.4
295.404,5834.4
295.504,5834.4
295.604,5834.4
295.704,5834.4
295.805,5834.4
295.905,5834.4
296.005,5834.4
296.105,5834.4
296.206,5834.4
296.306,5834.4
296.406,5834.4
296.506,5834.4
296.606,5834.4
296.707,5834.4
296.819,5834.4
296.920,5834.4
297.020,5834.4
297.120,5834.4
297.220,5834.4
297.320,5834.4
297.421,5834.4
297.521,5834.4
297.621,5834.4
297.721,5834.4
297.822,5834.4
297.922,5834.4
298.022,5834.4
298.122,5834.4
298.223,5834.4
298.323,5834.4
298.423,5834.4
298.524,5834.4
298.624,5834.4
298.724,5834.4
298.824,5834.4
298.924,5834.4
299.025,5834.4
299.125,5834.4
299.225,5834.4
299.325,5834.4
299.425,5834.4
299.526,5834.4
299.626,5834.4
299.726,5834.4
299.826,5834.4
299.926,5834.4
300.027,5834.4
300.127,5834.4
300.227,5834.4
300.327,5834.4
300.428,5834.4
300.528,5834.4
300.628,5834.4
300.728,5834.4
300.828,5834.4
300.929,5834.4
301.029,5834.4
301.129,5834.4
301.229,5834.4
301.329,5834.4
301.430,5834.4
301.530,5834.4
301.630,5834.4
301.730,5834.4
301.830,5834.4
301.931,5834.4
302.031,5834.4
302.131,5834.4
302.231,5834.4
302.332,5834.4
302.432,5834.4
302.532,5834.4
302.633,5834.4
302.733,5834.4
302.833,5834.4
302.933,5834.4
303.033,5834.4
303.134,5834.4
303.234,5834.4
303.334,5834.4
303.443,5834.4
303.544,5834.4
303.644,5834.4
303.744,5834.4
303.844,5834.4
303.945,5834.4
304.045,5834.4
304.145,5834.4
304.245,5834.4
304.345,5834.4
304.446,5834.4
304.546,5834.4
304.646,5834.4
304.746,5834.4
304.846,5834.4
304.947,5834.4
305.047,5834.4
305.147,5834.4
305.260,5834.4
305.361,5834.4
305.461,5834.4
305.561,5834.4
305.661,5834.4
305.762,5834.4
305.862,5834.4
305.962,5834.4
306.062,5834.4
306.162,5834.4
306.263,5834.4
306.363,5834.4
306.463,5834.4
306.564,5834.4
306.664,5834.4
306.764,5834.4
306.864,5834.4
306.964,5834.4
307.065,5834.4
307.165,5834.4
307.265,5834.4
307.365,5834.4
307.466,5834.4
307.566,5834.4
307.666,5834.4
307.766,5834.4
307.866,5834.4
307.967,5834.4
308.067,5834.4
308.167,5834.4
308.267,5834.4
308.368,5834.4
308.468,5834.4
308.568,5834.4
308.668,5834.4
308.768,5834.4
308.869,5834.4
308.969,5834.4
309.069,5834.4
309.169,5834.4
309.269,5834.4
309.370,5834.4
309.470,5834.4
309.570,5834.4
309.670,5834.4
309.771,5834.4
309.871,5834.4
309.971,5834.4
310.071,5834.4
310.171,5834.4
310.272,5834.4
310.372,5834.4
310.472,5834.4
310.573,5834.4
310.673,5834.4
310.773,5834.4
310.873,5834.4
310.974,5834.4
311.074,5834.4
311.174,5834.4
311.274,5834.4
311.374,5834.4
311.475,5834.4
311.575,5834.4
311.675,5834.4
311.775,5834.4
311.876,5834.4
311.976,5834.4
312.076,5834.4
312.176,5834.4
312.276,5834.4
312.377,5834.4
312.477,5834.4
312.577,5834.4
312.677,5834.4
312.777,5834.4
312.878,5834.4
312.978,5834.4
313.078,5834.4
313.178,5834.4
313.278,5834.4
313.379,5834.4
313.479,5834.4
313.579,5834.4
313.679,5834.4
313.798,5834.4
313.899,5834.4
313.999,5834.4
314.099,5834.4
314.199,5834.4
314.300,5834.4
314.400,5834.4
314.500,5834.4
314.600,5834.4
314.700,5834.4
314.820,5834.4
314.935,5834.4
315.035,5834.4
315.135,5834.4
315.235,5834.4
315.336,5834.4
315.436,5834.4
315.536,5834.4
315.636,5834.4
315.736,5834.4
315.837,5834.4
315.937,5834.4
316.037,5834.4
316.149,5834.4
316.250,5834.4
316.350,5834.4
316.450,5834.4
316.551,5834.4
316.651,5834.4
316.751,5834.4
316.851,5834.4
316.951,5834.4
317.070,5834.4
317.171,5834.4
317.271,5834.4
317.371,5834.4
317.480,5834.4
317.581,5834.4
317.681,5834.4
317.781,5834.4
317.881,5834.4
317.982,5834.4
318.082,5834.4
318.182,5834.4
318.282,5834.4
318.382,5834.4
318.483,5834.4
318.583,5834.4
318.683,5834.4
318.783,5834.4
318.883,5834.4
318.984,5834.4
319.084,5834.4
319.184,5834.4
319.284,5834.4
319.384,5834.4
319.485,5834.4
319.585,5834.4
319.685,5834.4
319.785,5834.4
319.886,5834.4
319.986,5834.4
320.086,5834.4
320.186,5834.4
320.286,5834.4
320.387,5834.4
320.487,5834.4
320.587,5834.4
320.687,5834.4
320.788,5834.4
320.888,5834.4
320.988,5834.4
321.088,5834.4
321.189,5834.4
321.289,5834.4
321.389,5834.4
321.489,5834.4
321.596,5834.4
321.697,5834.4
321.797,5834.4
321.897,5834.4
322.003,5834.4
322.104,5834.4
322.204,5834.4
322.304,5834.4
322.404,5834.4
322.504,5834.4
322.605,5834.4
322.705,5834.4
322.805,5834.4
322.905,5834.4
323.005,5834.4
323.106,5834.4
323.206,5834.4
323.306,5834.4
323.406,5834.4
323.506,5834.4
323.614,5834.4
323.715,5834.4
323.815,5834.4
323.915,5834.4
324.015,5834.4
324.115,5834.4
324.216,5834.4
324.316,5834.4
324.416,5834.4
324.516,5834.4
324.616,5834.4
324.717,5834.4
324.817,5834.4
324.917,5834.4
325.017,5834.4
325.117,5834.4
325.231,5834.4
325.332,5834.4
325.432,5834.4
325.532,5834.4
325.632,5834.4
325.732,5834.4
325.833,5834.4
325.933,5834.4
326.033,5834.4
326.134,5834.4
326.234,5834.4
326.334,5834.4
326.434,5834.4
326.534,5834.4
326.635,5834.4
326.735,5834.4
326.835,5834.4
326.935,5834.4
327.035,5834.4
327.136,5834.4
327.236,5834.4
327.336,5834.4
327.436,5834.4
327.536,5834.4
327.637,5834.4
327.737,5834.4
327.837,5834.4
327.937,5834.4
328.037,5834.4
328.138,5834.4
328.238,5834.4
328.338,5834.4
328.438,5834.4
328.538,5834.4
328.639,5834.4
328.739,5834.4
328.839,5834.4
328.939,5834.4
329.039,5834.4
329.140,5834.4
329.240,5834.4
329.340,5834.4
329.440,5834.4
329.540,5834.4
329.641,5834.4
329.741,5834.4
329.841,5834.4
329.941,5834.4
330.042,5834.4
330.142,5834.4
330.242,5834.4
330.342,5834.4
330.442,5834.4
330.543,5834.4
330.643,5834.4
330.743,5834.4
330.843,5834.4
330.943,5834.4
331.043,5834.4
331.144,5834.4
331.244,5834.4
331.352,5834.4
331.452,5834.4
331.552,5834.4
331.652,5834.4
331.752,5834.4
331.853,5834.4
331.953,5834.4
332.053,5834.4
332.153,5834.4
332.254,5834.4
332.354,5834.4
332.454,5834.4
332.554,5834.4
332.654,5834.4
332.755,5834.4
332.855,5834.4
332.955,5834.4
333.055,5834.4
333.155,5834.4
333.256,5834.4
333.356,5834.4
333.456,5834.4
333.556,5834.4
333.657,5834.4
333.757,5834.4
333.857,5834.4
333.957,5834.4
334.058,5834.4
334.158,5834.4
334.258,5834.4
334.358,5834.4
334.458,5834.4
334.559,5834.4
334.659,5834.4
334.759,5834.4
334.859,5834.4
334.959,5834.4
335.060,5834.4
335.160,5834.4
335.260,5834.4
335.360,5834.4
335.461,5834.4
335.561,5834.4
335.661,5834.4
335.761,5834.4
335.861,5834.4
335.965,5834.4
336.066,5834.4
336.167,5834.4
336.267,5834.4
336.373,5834.4
336.473,5834.4
336.573,5834.4
336.673,5834.4
336.773,5834.4
336.874,5834.4
336.974,5834.4
337.074,5834.4
337.174,5834.4
337.274,5834.4
337.375,5834.4
337.475,5834.4
337.575,5834.4
337.675,5834.4
337.775,5834.4
337.876,5834.4
337.976,5834.4
338.076,5834.4
338.176,5834.4
338.277,5834.4
338.377,5834.4
338.477,5834.4
338.577,5834.4
338.678,5834.4
338.778,5834.4
338.878,5834.4
338.978,5834.4
339.085,5834.4
339.186,5834.4
339.286,5834.4
339.386,5834.4
339.486,5834.4
339.587,5834.4
339.687,5834.4
339.787,5834.4
339.887,5834.4
339.987,5834.4
340.088,5834.4
340.188,5834.4
340.288,5834.4
340.388,5834.4
340.488,5834.4
340.589,5834.4
340.689,5834.4
340.789,5834.4
340.889,5834.4
340.989,5834.4
341.090,5834.4
341.190,5834.4
341.290,5834.4
341.390,5834.4
341.491,5834.4
341.591,5834.4
341.691,5834.4
341.800,5834.4
341.900,5834.4
342.000,5834.4
342.105,5834.4
342.206,5834.4
342.306,5834.4
342.406,5834.4
342.506,5834.4
342.606,5834.4
342.707,5834.4
342.807,5834.4
342.907,5834.4
343.007,5834.4
343.108,5834.4
343.208,5834.4
343.308,5834.4
343.408,5834.4
343.508,5834.4
343.609,5834.4
343.709,5834.4
343.809,5834.4
343.909,5834.4
344.010,5834.4
344.110,5834.4
344.210,5834.4
344.310,5834.4
344.410,5834.4
344.511,5834.4
344.625,5834.4
344.725,5834.4
344.825,5834.4
344.925,5834.4
345.025,5834.4
345.126,5834.4
345.226,5834.4
345.326,5834.4
345.426,5834.4
345.526,5834.4
345.627,5834.4
345.727,5834.4
345.827,5834.4
345.927,5834.4
346.027,5834.4
346.128,5834.4
346.228,5834.4
346.328,5834.4
346.428,5834.4
346.528,5834.4
346.629,5834.4
346.729,5834.4
346.829,5834.4
346.929,5834.4
347.029,5834.4
347.130,5834.4
347.230,5834.4
347.330,5834.4
347.430,5834.4
347.530,5834.4
347.631,5834.4
347.731,5834.4
347.831,5834.4
347.931,5834.4
348.032,5834.4
348.132,5834.4
348.232,5834.4
348.332,5834.4
348.433,5834.4
348.533,5834.4
348.633,5834.4
348.733,5834.4
348.833,5834.4
348.934,5834.4
349.034,5834.4
349.134,5834.4
349.234,5834.4
349.334,5834.4
349.435,5834.4
349.535,5834.4
349.635,5834.4
349.735,5834.4
349.835,5834.4
349.936,5834.4
350.036,5834.4
350.136,5834.4
350.236,5834.4
350.336,5834.4
350.437,5834.4
350.537,5834.4
350.637,5834.4
350.737,5834.4
350.837,5834.4
350.938,5834.4
351.038,5834.4
351.138,5834.4
351.238,5834.4
351.338,5834.4
351.439,5834.4
351.539,5834.4
351.639,5834.4
351.739,5834.4
351.839,5834.4
351.940,5834.4
352.040,5834.4
352.140,5834.4
352.240,5834.4
352.340,5834.4
352.441,5834.4
352.541,5834.4
352.641,5834.4
352.741,5834.4
352.842,5834.4
352.942,5834.4
353.042,5834.4
353.142,5834.4
353.242,5834.4
353.343,5834.4
353.443,5834.4
353.543,5834.4
353.643,5834.4
353.743,5834.4
353.844,5834.4
353.944,5834.4
354.044,5834.4
354.144,5834.4
354.244,5834.4
354.345,5834.4
354.446,5834.4
354.547,5834.4
354.647,5834.4
354.757,5834.4
354.870,5834.4
354.971,5834.4
355.071,5834.4
355.171,5834.4
355.271,5834.4
355.371,5834.4
355.472,5834.4
355.572,5834.4
355.672,5834.4
355.772,5834.4
355.872,5834.4
355.973,5834.4
356.073,5834.4
356.173,5834.4
356.273,5834.4
356.373,5834.4
356.474,5834.4
356.574,5834.4
356.674,5834.4
356.774,5834.4
356.874,5834.4
356.975,5834.4
357.075,5834.4
357.175,5834.4
357.275,5834.4
357.376,5834.4
357.476,5834.4
357.576,5834.4
357.676,5834.4
357.776,5834.4
357.877,5834.4
357.977,5834.4
358.077,5834.4
358.178,5834.4
358.278,5834.4
358.378,5834.4
358.478,5834.4
358.578,5834.4
358.679,5834.4
358.779,5834.4
358.879,5834.4
358.979,5834.4
359.079,5834.4
359.180,5834.4
359.280,5834.4
359.380,5834.4
359.480,5834.4
359.580,5834.4
359.681,5834.4
359.784,5834.4
359.885,5834.4
359.985,5834.4
360.085,5834.4
360.185,5834.4
360.285,5834.4
360.386,5834.4
360.486,5834.4
360.586,5834.4
360.686,5834.4
360.787,5834.4
360.887,5834.4
360.987,5834.4
361.087,5834.4
361.187,5834.4
361.288,5834.4
361.388,5834.4
361.488,5834.4
361.588,5834.4
361.689,5834.4
361.789,5834.4
361.889,5834.4
361.989,5834.4
362.089,5834.4
362.190,5834.4
362.290,5834.4
362.390,5834.4
362.490,5834.4
362.608,5834.4
362.709,5834.4
362.809,5834.4
362.909,5834.4
363.009,5834.4
363.110,5834.4
363.210,5834.4
363.310,5834.4
363.411,5834.4
363.511,5834.4
363.611,5834.4
363.711,5834.4
363.811,5834.4
363.912,5834.4
364.012,5834.4
364.112,5834.4
364.212,5834.4
364.312,5834.4
364.413,5834.4
364.513,5834.4
364.613,5834.4
364.713,5834.4
364.814,5834.4
364.914,5834.4
365.014,5834.4
365.114,5834.4
365.214,5834.4
365.315,5834.4
365.415,5834.4
365.515,5834.4
365.618,5834.4
365.719,5834.4
365.819,5834.4
365.919,5834.4
366.019,5834.4
366.120,5834.4
366.220,5834.4
366.320,5834.4
366.420,5834.4
366.520,5834.4
366.621,5834.4
366.721,5834.4
366.821,5834.4
366.922,5834.4
367.022,5834.4
367.122,5834.4
367.222,5834.4
367.322,5834.4
367.423,5834.4
367.523,5834.4
367.623,5834.4
367.723,5834.4
367.824,5834.4
367.927,5834.4
368.028,5834.4
368.128,5834.4
368.228,5834.4
368.328,5834.4
368.429,5834.4
368.529,5834.4
368.629,5834.4
368.729,5834.4
368.829,5834.4
368.930,5834.4
369.030,5834.4
369.130,5834.4
369.230,5834.4
369.330,5834.4
369.431,5834.4
369.531,5834.4
369.631,5834.4
369.731,5834.4
369.832,5834.4
369.932,5834.4
370.032,5834.4
370.132,5834.4
370.232,5834.4
370.333,5834.4
370.433,5834.4
370.533,5834.4
370.633,5834.4
370.734,5834.4
370.834,5834.4
370.934,5834.4
371.034,5834.4
371.135,5834.4
371.235,5834.4
371.335,5834.4
371.435,5834.4
371.535,5834.4
371.636,5834.4
371.736,5834.4
371.836,5834.4
371.936,5834.4
372.036,5834.4
372.137,5834.4
372.237,5834.4
372.359,5834.4
372.460,5834.4
372.560,5834.4
372.660,5834.4
372.760,5834.4
372.860,5834.4
372.961,5834.4
373.061,5834.4
373.161,5834.4
373.261,5834.4
373.362,5834.4
373.468,5834.4
373.569,5834.4
373.669,5834.4
373.769,5834.4
373.869,5834.4
373.969,5834.4
374.070,5834.4
374.170,5834.4
374.270,5834.4
374.370,5834.4
374.471,5834.4
374.571,5834.4
374.671,5834.4
374.771,5834.4
374.871,5834.4
374.972,5834.4
375.072,5834.4
375.172,5834.4
375.272,5834.4
375.373,5834.4
375.473,5834.4
375.573,5834.4
375.673,5834.4
375.774,5834.4
375.874,5834.4
375.974,5834.4
376.074,5834.4
376.174,5834.4
376.275,5834.4
376.375,5834.4
376.475,5834.4
376.575,5834.4
376.676,5834.4
376.776,5834.4
376.876,5834.4
376.981,5834.4
377.082,5834.4
377.182,5834.4
377.282,5834.4
377.382,5834.4
377.482,5834.4
377.583,5834.4
377.683,5834.4
377.783,5834.4
377.883,5834.4
377.984,5834.4
378.084,5834.4
378.189,5834.4
378.290,5834.4
378.390,5834.4
378.490,5834.4
378.590,5834.4
378.690,5834.4
378.791,5834.4
378.891,5834.4
378.991,5834.4
379.091,5834.4
379.192,5834.4
379.292,5834.4
379.392,5834.4
379.492,5834.4
379.593,5834.4
379.693,5834.4
379.793,5834.4
379.893,5834.4
379.994,5834.4
380.094,5834.4
380.194,5834.4
380.294,5834.4
380.394,5834.4
380.495,5834.4
380.595,5834.4
380.699,5834.4
380.800,5834.4
380.900,5834.4
381.000,5834.4
381.100,5834.4
381.201,5834.4
381.301,5834.4
381.401,5834.4
381.501,5834.4
381.601,5834.4
381.702,5834.4
381.802,5834.4
381.902,5834.4
382.002,5834.4
382.102,5834.4
382.203,5834.4
382.303,5834.4
382.403,5834.4
382.503,5834.4
382.610,5834.4
382.711,5834.4
382.811,5834.4
382.911,5834.4
383.011,5834.4
383.111,5834.4
383.212,5834.4
383.312,5834.4
383.412,5834.4
383.512,5834.4
383.613,5834.4
383.713,5834.4
383.842,5834.4
383.943,5834.4
384.043,5834.4
384.143,5834.4
384.243,5834.4
384.343,5834.4
384.444,5834.4
384.558,5834.4
384.659,5834.4
384.759,5834.4
384.859,5834.4
384.959,5834.4
385.059,5834.4
385.160,5834.4
385.260,5834.4
385.360,5834.4
385.460,5834.4
385.560,5834.4
385.661,5834.4
385.771,5834.4
385.872,5834.4
385.972,5834.4
386.072,5834.4
386.182,5834.4
386.283,5834.4
386.383,5834.4
386.483,5834.4
386.583,5834.4
386.684,5834.4
386.784,5834.4
386.884,5834.4
386.984,5834.4
387.084,5834.4
387.185,5834.4
387.285,5834.4
387.395,5834.4
387.496,5834.4
387.596,5834.4
387.715,5834.4
387.816,5834.4
387.916,5834.4
388.016,5834.4
388.116,5834.4
388.216,5834.4
388.317,5834.4
388.417,5834.4
388.517,5834.4
388.617,5834.4
388.718,5834.4
388.818,5834.4
388.918,5834.4
389.018,5834.4
389.118,5834.4
389.219,5834.4
389.319,5834.4
389.419,5834.4
389.519,5834.4
389.620,5834.4
389.720,5834.4
389.820,5834.4
389.920,5834.4
390.020,5834.4
390.121,5834.4
390.221,5834.4
390.321,5834.4
390.421,5834.4
390.521,5834.4
390.622,5834.4
390.722,5834.4
390.822,5834.4
390.922,5834.4
391.023,5834.4
391.123,5834.4
391.223,5834.4
391.323,5834.4
391.423,5834.4
391.524,5834.4
391.624,5834.4
391.724,5834.4
391.836,5834.4
391.937,5834.4
392.037,5834.4
392.137,5834.4
392.237,5834.4
392.337,5834.4
392.438,5834.4
392.538,5834.4
392.638,5834.4
392.738,5834.4
392.839,5834.4
392.939,5834.4
393.039,5834.4
393.139,5834.4
393.239,5834.4
393.340,5834.4
393.440,5834.4
393.540,5834.4
393.640,5834.4
393.741,5834.4
393.841,5834.4
393.941,5834.4
394.041,5834.4
394.141,5834.4
394.242,5834.4
394.342,5834.4
394.442,5834.4
394.542,5834.4
394.642,5834.4
394.743,5834.4
394.843,5834.4
394.943,5834.4
395.043,5834.4
395.143,5834.4
395.244,5834.4
395.344,5834.4
395.444,5834.4
395.544,5834.4
395.645,5834.4
395.751,5834.4
395.851,5834.4
395.951,5834.4
396.051,5834.4
396.152,5834.4
396.252,5834.4
396.352,5834.4
396.453,5834.4
396.553,5834.4
396.654,5834.4
396.754,5834.4
396.854,5834.4
396.954,5834.4
397.054,5834.4
397.155,5834.4
397.255,5834.4
397.355,5834.4
397.455,5834.4
397.555,5834.4
397.656,5834.4
397.756,5834.4
397.863,5834.4
397.964,5834.4
398.064,5834.4
398.164,5834.4
398.264,5834.4
398.365,5834.4
398.465,5834.4
398.565,5834.4
398.665,5834.4
398.765,5834.4
398.866,5834.4
398.966,5834.4
399.066,5834.4
399.166,5834.4
399.266,5834.4
399.367,5834.4
399.469,5834.4
399.570,5834.4
399.670,5834.4
399.770,5834.4
399.870,5834.4
399.970,5834.4
400.071,5834.4
400.171,5834.4
400.271,5834.4
400.371,5834.4
400.472,5834.4
400.572,5834.4
400.672,5834.4
400.773,5834.4
400.873,5834.4
400.973,5834.4
401.073,5834.4
401.173,5834.4
401.274,5834.4
401.374,5834.4
401.475,5834.4
401.575,5834.4
401.675,5834.4
401.775,5834.4
401.875,5834.4
401.976,5834.4
402.076,5834.4
402.176,5834.4
402.276,5834.4
402.376,5834.4
402.491,5834.4
402.592,5834.4
402.692,5834.4
402.792,5834.4
402.900,5834.4
403.001,5834.4
403.101,5834.4
403.201,5834.4
403.301,5834.4
403.402,5834.4
403.502,5834.4
403.602,5834.4
403.702,5834.4
403.802,5834.4
403.903,5834.4
404.003,5834.4
404.103,5834.4
404.203,5834.4
404.303,5834.4
404.404,5834.4
404.504,5834.4
404.604,5834.4
404.707,5834.4
404.808,5834.4
404.908,5834.4
405.008,5834.4
405.108,5834.4
405.209,5834.4
405.309,5834.4
405.409,5834.4
405.509,5834.4
405.610,5834.4
405.710,5834.4
405.810,5834.4
405.910,5834.4
406.010,5834.4
406.111,5834.4
406.211,5834.4
406.311,5834.4
406.411,5834.4
406.512,5834.4
406.612,5834.4
406.712,5834.4
406.812,5834.4
406.912,5834.4
407.013,5834.4
407.113,5834.4
407.213,5834.4
407.313,5834.4
407.413,5834.4
407.514,5834.4
407.615,5834.4
407.716,5834.4
407.816,5834.4
407.916,5834.4
408.016,5834.4
408.116,5834.4
408.217,5834.4
408.317,5834.4
408.417,5834.4
408.529,5834.4
408.630,5834.4
408.730,5834.4
408.830,5834.4
408.930,5834.4
409.030,5834.4
409.131,5834.4
409.231,5834.4
409.331,5834.4
409.431,5834.4
409.532,5834.4
409.632,5834.4
409.732,5834.4
409.832,5834.4
409.932,5834.4
410.033,5834.4
410.133,5834.4
410.233,5834.4
410.333,5834.4
410.434,5834.4
410.534,5834.4
410.634,5834.4
410.734,5834.4
410.835,5834.4
410.935,5834.4
411.035,5834.4
411.135,5834.4
411.235,5834.4
411.336,5834.4
411.436,5834.4
411.536,5834.4
411.636,5834.4
411.746,5834.4
411.847,5834.4
411.947,5834.4
412.047,5834.4
412.147,5834.4
412.247,5834.4
412.348,5834.4
412.448,5834.4
412.548,5834.4
412.648,5834.4
412.768,5834.4
412.869,5834.4
412.969,5834.4
413.069,5834.4
413.169,5834.4
413.269,5834.4
413.370,5834.4
413.470,5834.4
413.570,5834.4
413.687,5834.4
413.788,5834.4
413.888,5834.4
413.988,5834.4
414.088,5834.4
414.188,5834.4
414.289,5834.4
414.389,5834.4
414.489,5834.4
414.606,5834.4
414.707,5834.4
414.807,5834.4
414.907,5834.4
415.008,5834.4
415.108,5834.4
415.208,5834.4
415.316,5834.4
415.417,5834.4
415.517,5834.4
415.617,5834.4
415.717,5834.4
415.817,5834.4
415.918,5834.4
416.018,5834.4
416.118,5834.4
416.218,5834.4
416.319,5834.4
416.419,5834.4
416.519,5834.4
416.619,5834.4
416.725,5834.4
416.826,5834.4
416.926,5834.4
417.026,5834.4
417.135,5834.4
417.236,5834.4
417.336,5834.4
417.436,5834.4
417.536,5834.4
417.637,5834.4
417.737,5834.4
417.837,5834.4
417.937,5834.4
418.037,5834.4
418.138,5834.4
418.238,5834.4
418.338,5834.4
418.438,5834.4
418.539,5834.4
418.639,5834.4
418.739,5834.4
418.840,5834.4
418.940,5834.4
419.040,5834.4
419.140,5834.4
419.240,5834.4
419.341,5834.4
419.441,5834.4
419.541,5834.4
419.641,5834.4
419.742,5834.4
419.842,5834.4
419.942,5834.4
420.042,5834.4
420.142,5834.4
420.243,5834.4
420.343,5834.4
420.443,5834.4
420.543,5834.4
420.643,5834.4
420.744,5834.4
420.844,5834.4
420.944,5834.4
421.044,5834.4
421.153,5834.4
421.254,5834.4
421.354,5834.4
421.454,5834.4
421.554,5834.4
421.655,5834.4
421.755,5834.4
421.855,5834.4
421.955,5834.4
422.055,5834.4
422.156,5834.4
422.256,5834.4
422.356,5834.4
422.473,5834.4
422.574,5834.4
422.674,5834.4
422.774,5834.4
422.874,5834.4
422.975,5834.4
423.075,5834.4
423.175,5834.4
423.275,5834.4
423.375,5834.4
423.476,5834.4
423.576,5834.4
423.678,5834.4
423.779,5834.4
423.879,5834.4
423.979,5834.4
424.099,5834.4
424.200,5834.4
424.300,5834.4
424.400,5834.4
424.500,5834.4
424.600,5834.4
424.701,5834.4
424.801,5834.4
424.901,5834.4
425.001,5834.4
425.102,5834.4
425.202,5834.4
425.302,5834.4
425.402,5834.4
425.502,5834.4
425.603,5834.4
425.703,5834.4
425.803,5834.4
425.903,5834.4
426.020,5834.4
426.121,5834.4
426.221,5834.4
426.321,5834.4
426.421,5834.4
426.522,5834.4
426.622,5834.4
426.722,5834.4
426.822,5834.4
426.922,5834.4
427.023,5834.4
427.123,5834.4
427.223,5834.4
427.323,5834.4
427.424,5834.4
427.524,5834.4
427.624,5834.4
427.724,5834.4
427.825,5834.4
427.925,5834.4
428.025,5834.4
428.125,5834.4
428.226,5834.4
428.326,5834.4
428.426,5834.4
428.526,5834.4
428.627,5834.4
428.727,5834.4
428.827,5834.4
428.927,5834.4
429.027,5834.4
429.144,5834.4
429.245,5834.4
429.345,5834.4
429.445,5834.4
429.545,5834.4
429.645,5834.4
429.746,5834.4
429.846,5834.4
429.946,5834.4
430.046,5834.4
430.147,5834.4
430.247,5834.4
430.347,5834.4
430.447,5834.4
430.547,5834.4
430.648,5834.4
430.748,5834.4
430.848,5834.4
430.948,5834.4
431.049,5834.4
431.149,5834.4
431.249,5834.4
431.349,5834.4
431.449,5834.4
431.550,5834.4
431.650,5834.4
431.750,5834.4
431.851,5834.4
431.951,5834.4
432.051,5834.4
432.151,5834.4
432.251,5834.4
432.352,5834.4
432.452,5834.4
432.552,5834.4
432.652,5834.4
432.753,5834.4
432.853,5834.4
432.953,5834.4
433.053,5834.4
433.153,5834.4
433.254,5834.4
433.354,5834.4
433.454,5834.4
433.554,5834.4
433.654,5834.4
433.755,5834.4
433.855,5834.4
433.955,5834.4
434.055,5834.4
434.156,5834.4
434.256,5834.4
434.356,5834.4
434.456,5834.4
434.556,5834.4
434.657,5834.4
434.757,5834.4
434.857,5834.4
434.957,5834.4
435.058,5834.4
435.158,5834.4
435.258,5834.4
435.358,5834.4
435.458,5834.4
435.559,5834.4
435.659,5834.4
435.759,5834.4
435.860,5834.4
435.960,5834.4
436.060,5834.4
436.160,5834.4
436.260,5834.4
436.361,5834.4
436.461,5834.4
436.561,5834.4
436.663,5834.4
436.764,5834.4
436.864,5834.4
436.964,5834.4
437.064,5834.4
437.164,5834.4
437.265,5834.4
437.365,5834.4
437.465,5834.4
437.565,5834.4
437.666,5834.4
437.766,5834.4
437.866,5834.4
437.966,5834.4
438.066,5834.4
438.167,5834.4
438.267,5834.4
438.367,5834.4
438.467,5834.4
438.567,5834.4
438.668,5834.4
438.768,5834.4
438.868,5834.4
438.968,5834.4
439.069,5834.4
439.169,5834.4
439.269,5834.4
439.369,5834.4
439.469,5834.4
439.570,5834.4
439.670,5834.4
439.774,5834.4
439.875,5834.4
439.975,5834.4
440.075,5834.4
440.176,5834.4
440.277,5834.4
440.377,5834.4
440.477,5834.4
440.577,5834.4
440.678,5834.4
440.778,5834.4
440.878,5834.4
440.978,5834.4
441.078,5834.4
441.179,5834.4
441.279,5834.4
441.379,5834.4
441.479,5834.4
441.579,5834.4
441.680,5834.4
441.780,5834.4
441.880,5834.4
441.980,5834.4
442.080,5834.4
442.181,5834.4
442.281,5834.4
442.381,5834.4
442.481,5834.4
442.581,5834.4
442.682,5834.4
442.782,5834.4
442.882,5834.4
442.982,5834.4
443.082,5834.4
443.183,5834.4
443.283,5834.4
443.383,5834.4
443.483,5834.4
443.583,5834.4
443.684,5834.4
443.784,5834.4
443.884,5834.4
443.984,5834.4
444.084,5834.4
444.185,5834.4
444.285,5834.4
444.385,5834.4
444.486,5834.4
444.586,5834.4
444.686,5834.4
444.786,5834.4
444.886,5834.4
444.987,5834.4
445.087,5834.4
445.187,5834.4
445.288,5834.4
445.394,5834.4
445.495,5834.4
445.595,5834.4
445.695,5834.4
445.795,5834.4
445.895,5834.4
445.996,5834.4
446.096,5834.4
446.196,5834.4
446.296,5834.4
446.396,5834.4
446.497,5834.4
446.597,5834.4
446.697,5834.4
446.797,5834.4
446.897,5834.4
446.998,5834.4
447.098,5834.4
447.198,5834.4
447.298,5834.4
447.398,5834.4
447.499,5834.4
447.612,5834.4
447.713,5834.4
447.813,5834.4
447.913,5834.4
448.013,5834.4
448.113,5834.4
448.214,5834.4
448.314,5834.4
448.414,5834.4
448.514,5834.4
448.615,5834.4
448.715,5834.4
448.815,5834.4
448.915,5834.4
449.016,5834.4
449.116,5834.4
449.216,5834.4
449.316,5834.4
449.417,5834.4
449.517,5834.4
449.617,5834.4
449.717,5834.4
449.817,5834.4
449.918,5834.4
450.018,5834.4
450.118,5834.4
450.218,5834.4
450.318,5834.4
450.419,5834.4
450.519,5834.4
450.619,5834.4
450.719,5834.4
450.819,5834.4
450.920,5834.4
451.020,5834.4
451.120,5834.4
451.220,5834.4
451.321,5834.4
451.421,5834.4
451.522,5834.4
451.623,5834.4
451.723,5834.4
451.823,5834.4
451.923,5834.4
452.024,5834.4
452.124,5834.4
452.224,5834.4
452.324,5834.4
452.424,5834.4
452.525,5834.4
452.625,5834.4
452.725,5834.4
452.826,5834.4
452.926,5834.4
453.026,5834.4
453.126,5834.4
453.226,5834.4
453.330,5834.4
453.431,5834.4
453.531,5834.4
453.631,5834.4
453.731,5834.4
453.832,5834.4
453.932,5834.4
454.032,5834.4
454.132,5834.4
454.232,5834.4
454.333,5834.4
454.433,5834.4
454.533,5834.4
454.633,5834.4
454.733,5834.4
454.834,5834.4
454.934,5834.4
455.034,5834.4
455.134,5834.4
455.234,5834.4
455.335,5834.4
455.435,5834.4
455.535,5834.4
455.635,5834.4
455.735,5834.4
455.836,5834.4
455.936,5834.4
456.036,5834.4
456.136,5834.4
456.237,5834.4
456.337,5834.4
456.437,5834.4
456.538,5834.4
456.638,5834.4
456.738,5834.4
456.838,5834.4
456.938,5834.4
457.039,5834.4
457.139,5834.4
457.239,5834.4
457.339,5834.4
457.439,5834.4
457.540,5834.4
457.640,5834.4
457.740,5834.4
457.840,5834.4
457.941,5834.4
458.041,5834.4
458.141,5834.4
458.241,5834.4
458.341,5834.4
458.442,5834.4
458.542,5834.4
458.642,5834.4
458.742,5834.4
458.842,5834.4
458.943,5834.4
459.043,5834.4
459.143,5834.4
459.243,5834.4
459.344,5834.4
459.444,5834.4
459.544,5834.4
459.644,5834.4
459.744,5834.4
459.849,5834.4
459.950,5834.4
460.064,5834.4
460.165,5834.4
460.265,5834.4
460.365,5834.4
460.466,5834.4
460.566,5834.4
460.666,5834.4
460.766,5834.4
460.866,5834.4
460.967,5834.4
461.067,5834.4
461.167,5834.4
461.267,5834.4
461.367,5834.4
461.468,5834.4
461.568,5834.4
461.668,5834.4
461.768,5834.4
461.869,5834.4
461.969,5834.4
462.069,5834.4
462.187,5834.4
462.288,5834.4
462.388,5834.4
462.488,5834.4
462.588,5834.4
462.688,5834.4
462.789,5834.4
462.889,5834.4
462.989,5834.4
463.089,5834.4
463.190,5834.4
463.290,5834.4
463.390,5834.4
463.490,5834.4
463.590,5834.4
463.691,5834.4
463.791,5834.4
463.891,5834.4
463.991,5834.4
464.091,5834.4
464.192,5834.4
464.292,5834.4
464.392,5834.4
464.492,5834.4
464.593,5834.4
464.693,5834.4
464.793,5834.4
464.893,5834.4
464.993,5834.4
465.094,5834.4
465.194,5834.4
465.294,5834.4
465.395,5834.4
465.495,5834.4
465.595,5834.4
465.695,5834.4
465.795,5834.4
465.896,5834.4
465.996,5834.4
466.096,5834.4
466.196,5834.4
466.296,5834.4
466.397,5834.4
466.497,5834.4
466.597,5834.4
466.697,5834.4
466.797,5834.4
466.898,5834.4
466.998,5834.4
467.098,5834.4
467.198,5834.4
467.299,5834.4
467.399,5834.4
467.499,5834.4
467.599,5834.4
467.699,5834.4
467.800,5834.4
467.900,5834.4
468.000,5834.4
468.100,5834.4
468.201,5834.4
468.301,5834.4
468.413,5834.4
468.514,5834.4
468.614,5834.4
468.714,5834.4
468.814,5834.4
468.915,5834.4
469.015,5834.4
469.115,5834.4
469.215,5834.4
469.315,5834.4
469.416,5834.4
469.516,5834.4
469.616,5834.4
469.723,5834.4
469.824,5834.4
469.924,5834.4
470.024,5834.4
470.124,5834.4
470.224,5834.4
470.325,5834.4
470.430,5834.4
470.531,5834.4
470.631,5834.4
470.731,5834.4
470.850,5834.4
470.951,5834.4
471.051,5834.4
471.151,5834.4
471.251,5834.4
471.351,5834.4
471.452,5834.4
471.552,5834.4
471.652,5834.4
471.752,5834.4
471.853,5834.4
471.953,5834.4
472.053,5834.4
472.153,5834.4
472.253,5834.4
472.354,5834.4
472.454,5834.4
472.554,5834.4
472.654,5834.4
472.754,5834.4
472.855,5834.4
472.955,5834.4
473.055,5834.4
473.155,5834.4
473.255,5834.4
473.356,5834.4
473.456,5834.4
473.556,5834.4
473.656,5834.4
473.756,5834.4
473.857,5834.4
473.957,5834.4
474.057,5834.4
474.157,5834.4
474.258,5834.4
474.358,5834.4
474.480,5834.4
474.581,5834.4
474.681,5834.4
474.781,5834.4
474.881,5834.4
474.982,5834.4
475.082,5834.4
475.182,5834.4
475.283,5834.4
475.383,5834.4
475.483,5834.4
475.583,5834.4
475.683,5834.4
475.784,5834.4
475.899,5834.4
476.000,5834.4
476.100,5834.4
476.200,5834.4
476.300,5834.4
476.408,5834.4
476.509,5834.4
476.609,5834.4
476.709,5834.4
476.815,5834.4
476.916,5834.4
477.016,5834.4
477.116,5834.4
477.216,5834.4
477.316,5834.4
477.417,5834.4
477.517,5834.4
477.617,5834.4
477.717,5834.4
477.817,5834.4
477.918,5834.4
478.018,5834.4
478.118,5834.4
478.218,5834.4
478.319,5834.4
478.419,5834.4
478.519,5834.4
478.619,5834.4
478.719,5834.4
478.820,5834.4
478.920,5834.4
479.020,5834.4
479.121,5834.4
479.221,5834.4
479.321,5834.4
479.421,5834.4
479.521,5834.4
479.622,5834.4
479.722,5834.4
479.822,5834.4
479.922,5834.4
480.022,5834.4
480.123,5834.4
480.223,5834.4
480.323,5834.4
480.423,5834.4
480.524,5834.4
480.624,5834.4
480.724,5834.4
480.824,5834.4
480.924,5834.4
481.025,5834.4
481.125,5834.4
481.225,5834.4
481.325,5834.4
481.425,5834.4
481.526,5834.4
481.626,5834.4
481.726,5834.4
481.826,5834.4
481.927,5834.4
482.027,5834.4
482.127,5834.4
482.227,5834.4
482.327,5834.4
482.428,5834.4
482.528,5834.4
482.628,5834.4
482.728,5834.4
482.828,5834.4
482.929,5834.4
483.029,5834.4
483.133,5834.4
483.234,5834.4
483.334,5834.4
483.434,5834.4
483.534,5834.4
483.635,5834.4
483.735,5834.4
483.835,5834.4
483.936,5834.4
484.036,5834.4
484.136,5834.4
484.236,5834.4
484.336,5834.4
484.448,5834.4
484.549,5834.4
484.649,5834.4
484.749,5834.4
484.849,5834.4
484.949,5834.4
485.050,5834.4
485.150,5834.4
485.250,5834.4
485.350,5834.4
485.451,5834.4
485.551,5834.4
485.651,5834.4
485.751,5834.4
485.851,5834.4
485.965,5834.4
486.066,5834.4
486.166,5834.4
486.266,5834.4
486.366,5834.4
486.466,5834.4
486.567,5834.4
486.667,5834.4
486.767,5834.4
486.867,5834.4
486.968,5834.4
487.068,5834.4
487.168,5834.4
487.268,5834.4
487.368,5834.4
487.469,5834.4
487.569,5834.4
487.669,5834.4
487.769,5834.4
487.869,5834.4
487.970,5834.4
488.070,5834.4
488.170,5834.4
488.270,5834.4
488.371,5834.4
488.471,5834.4
488.571,5834.4
488.671,5834.4
488.771,5834.4
488.872,5834.4
488.972,5834.4
489.072,5834.4
489.172,5834.4
489.273,5834.4
489.380,5834.4
489.481,5834.4
489.581,5834.4
489.681,5834.4
489.781,5834.4
489.882,5834.4
489.982,5834.4
490.082,5834.4
490.182,5834.4
490.282,5834.4
490.383,5834.4
490.483,5834.4
490.583,5834.4
490.683,5834.4
490.783,5834.4
490.896,5834.4
490.997,5834.4
491.097,5834.4
491.197,5834.4
491.297,5834.4
491.409,5834.4
491.510,5834.4
491.610,5834.4
491.710,5834.4
491.810,5834.4
491.911,5834.4
492.011,5834.4
492.111,5834.4
492.211,5834.4
492.311,5834.4
492.412,5834.4
492.512,5834.4
492.612,5834.4
492.712,5834.4
492.813,5834.4
492.913,5834.4
493.023,5834.4
493.124,5834.4
493.224,5834.4
493.324,5834.4
493.424,5834.4
493.524,5834.4
493.625,5834.4
493.725,5834.4
493.825,5834.4
493.926,5834.4
494.026,5834.4
494.126,5834.4
494.226,5834.4
494.327,5834.4
494.427,5834.4
494.527,5834.4
494.627,5834.4
494.727,5834.4
494.828,5834.4
494.928,5834.4
495.032,5834.4
495.133,5834.4
495.233,5834.4
495.333,5834.4
495.433,5834.4
495.536,5834.4
495.636,5834.4
495.737,5834.4
495.837,5834.4
495.937,5834.4
496.037,5834.4
496.137,5834.4
496.238,5834.4
496.338,5834.4
496.438,5834.4
496.538,5834.4
496.638,5834.4
496.739,5834.4
496.839,5834.4
496.939,5834.4
497.039,5834.4
497.139,5834.4
497.240,5834.4
497.340,5834.4
497.440,5834.4
497.540,5834.4
497.640,5834.4
497.741,5834.4
497.841,5834.4
497.941,5834.4
498.041,5834.4
498.142,5834.4
498.242,5834.4
498.342,5834.4
498.442,5834.4
498.543,5834.4
498.643,5834.4
498.744,5834.4
498.844,5834.4
498.944,5834.4
499.044,5834.4
499.145,5834.4
499.245,5834.4
499.345,5834.4
499.445,5834.4
499.546,5834.4
499.646,5834.4
499.746,5834.4
499.846,5834.4
499.946,5834.4
500.047,5834.4
500.147,5834.4
500.247,5834.4
500.347,5834.4
500.447,5834.4
500.548,5834.4
500.648,5834.4
500.748,5834.4
500.848,5834.4
500.949,5834.4
501.049,5834.4
501.149,5834.4
501.249,5834.4
501.349,5834.4
501.450,5834.4
501.550,5834.4
501.650,5834.4
501.750,5834.4
501.851,5834.4
501.951,5834.4
502.051,5834.4
502.152,5834.4
502.252,5834.4
502.352,5834.4
502.452,5834.4
502.552,5834.4
502.653,5834.4
502.753,5834.4
502.853,5834.4
502.953,5834.4
503.054,5834.4
503.155,5834.4
503.255,5834.4
503.355,5834.4
503.455,5834.4
503.556,5834.4
503.656,5834.4
503.756,5834.4
503.856,5834.4
503.956,5834.4
504.057,5834.4
504.157,5834.4
504.257,5834.4
504.357,5834.4
504.457,5834.4
504.558,5834.4
504.658,5834.4
504.758,5834.4
504.858,5834.4
504.958,5834.4
505.059,5834.4
505.162,5834.4
505.262,5834.4
505.362,5834.4
505.462,5834.4
505.563,5834.4
505.663,5834.4
505.763,5834.4
505.863,5834.4
505.963,5834.4
506.064,5834.4
506.164,5834.4
506.264,5834.4
506.364,5834.4
506.465,5834.4
506.567,5834.4
506.668,5834.4
506.768,5834.4
506.868,5834.4
506.969,5834.4
507.069,5834.4
507.169,5834.4
507.270,5834.4
507.370,5834.4
507.470,5834.4
507.570,5834.4
507.671,5834.4
507.771,5834.4
507.871,5834.4
507.971,5834.4
508.072,5834.4
508.173,5834.4
508.274,5834.4
508.374,5834.4
508.474,5834.4
508.574,5834.4
508.674,5834.4
508.775,5834.4
508.875,5834.4
508.976,5834.4
509.078,5834.4
509.178,5834.4
509.279,5834.4
509.379,5834.4
509.479,5834.4
509.579,5834.4
509.679,5834.4
509.780,5834.4
509.883,5834.4
509.984,5834.4
510.084,5834.4
510.184,5834.4
510.284,5834.4
510.384,5834.4
510.485,5834.4
510.585,5834.4
510.685,5834.4
510.785,5834.4
510.886,5834.4
510.986,5834.4
511.086,5834.4
511.186,5834.4
511.286,5834.4
511.387,5834.4
511.487,5834.4
511.587,5834.4
511.687,5834.4
511.788,5834.4
511.888,5834.4
511.994,5834.4
512.095,5834.4
512.195,5834.4
512.295,5834.4
512.395,5834.4
512.499,5834.4
512.599,5834.4
512.699,5834.4
512.799,5834.4
512.899,5834.4
513.000,5834.4
513.100,5834.4
513.200,5834.4
513.301,5834.4
513.401,5834.4
513.502,5834.4
513.602,5834.4
513.715,5834.4
513.815,5834.4
513.915,5834.4
514.015,5834.4
514.115,5834.4
514.216,5834.4
514.316,5834.4
514.417,5834.4
514.518,5834.4
514.618,5834.4
514.718,5834.4
514.818,5834.4
514.918,5834.4
515.019,5834.4
515.119,5834.4
515.219,5834.4
515.319,5834.4
515.419,5834.4
515.534,5834.4
515.634,5834.4
515.734,5834.4
515.834,5834.4
515.934,5834.4
516.035,5834.4
516.135,5834.4
516.235,5834.4
516.335,5834.4
516.435,5834.4
516.536,5834.4
516.636,5834.4
516.736,5834.4
516.836,5834.4
516.936,5834.4
517.037,5834.4
517.137,5834.4
517.237,5834.4
517.337,5834.4
517.437,5834.4
517.538,5834.4
517.638,5834.4
517.738,5834.4
517.839,5834.4
517.939,5834.4
518.039,5834.4
518.139,5834.4
518.239,5834.4
518.340,5834.4
518.440,5834.4
518.540,5834.4
518.640,5834.4
518.740,5834.4
518.841,5834.4
518.941,5834.4
519.041,5834.4
519.141,5834.4
519.247,5834.4
519.348,5834.4
519.448,5834.4
519.548,5834.4
519.648,5834.4
519.748,5834.4
519.849,5834.4
519.949,5834.4
520.049,5834.4
520.149,5834.4
520.249,5834.4
520.350,5834.4
520.450,5834.4
520.550,5834.4
520.650,5834.4
520.750,5834.4
520.851,5834.4
520.951,5834.4
521.051,5834.4
521.151,5834.4
521.251,5834.4
521.352,5834.4
521.452,5834.4
521.552,5834.4
521.652,5834.4
521.752,5834.4
521.853,5834.4
521.953,5834.4
522.061,5834.4
522.162,5834.4
522.262,5834.4
522.371,5834.4
522.472,5834.4
522.572,5834.4
522.672,5834.4
522.773,5834.4
522.873,5834.4
522.973,5834.4
523.073,5834.4
523.175,5834.4
523.276,5834.4
523.376,5834.4
523.476,5834.4
523.576,5834.4
523.676,5834.4
523.777,5834.4
523.877,5834.4
523.977,5834.4
524.077,5834.4
524.178,5834.4
524.278,5834.4
524.378,5834.4
524.478,5834.4
524.578,5834.4
524.679,5834.4
524.779,5834.4
524.879,5834.4
524.979,5834.4
525.079,5834.4
525.180,5834.4
525.280,5834.4
525.380,5834.4
525.484,5834.4
525.585,5834.4
525.685,5834.4
525.785,5834.4
525.885,5834.4
525.986,5834.4
526.086,5834.4
526.186,5834.4
526.286,5834.4
526.386,5834.4
526.487,5834.4
526.587,5834.4
526.687,5834.4
526.787,5834.4
526.887,5834.4
526.988,5834.4
527.097,5834.4
527.198,5834.4
527.298,5834.4
527.398,5834.4
527.498,5834.4
527.598,5834.4
527.699,5834.4
527.799,5834.4
527.899,5834.4
527.999,5834.4
528.100,5834.4
528.200,5834.4
528.300,5834.4
528.400,5834.4
528.500,5834.4
528.601,5834.4
528.701,5834.4
528.801,5834.4
528.901,5834.4
529.001,5834.4
529.103,5834.4
529.204,5834.4
529.304,5834.4
529.404,5834.4
529.504,5834.4
529.604,5834.4
529.705,5834.4
529.805,5834.4
529.905,5834.4
530.005,5834.4
530.106,5834.4
530.206,5834.4
530.306,5834.4
530.406,5834.4
530.506,5834.4
530.607,5834.4
530.707,5834.4
530.807,5834.4
530.907,5834.4
531.007,5834.4
531.108,5834.4
531.208,5834.4
531.308,5834.4
531.409,5834.4
531.513,5834.4
531.614,5834.4
531.714,5834.4
531.814,5834.4
531.914,5834.4
532.015,5834.4
532.115,5834.4
532.215,5834.4
532.327,5834.4
532.428,5834.4
532.528,5834.4
532.628,5834.4
532.728,5834.4
532.828,5834.4
532.929,5834.4
533.029,5834.4
533.129,5834.4
533.229,5834.4
533.330,5834.4
533.430,5834.4
533.530,5834.4
533.630,5834.4
533.730,5834.4
533.831,5834.4
533.931,5834.4
534.031,5834.4
534.131,5834.4
534.232,5834.4
534.332,5834.4
534.432,5834.4
534.532,5834.4
534.632,5834.4
534.733,5834.4
534.842,5834.4
534.943,5834.4
535.043,5834.4
535.143,5834.4
535.249,5834.4
535.350,5834.4
535.450,5834.4
535.550,5834.4
535.650,5834.4
535.751,5834.4
535.851,5834.4
535.966,5834.4
536.067,5834.4
536.167,5834.4
536.267,5834.4
536.368,5834.4
536.468,5834.4
536.568,5834.4
536.675,5834.4
536.776,5834.4
536.876,5834.4
536.976,5834.4
537.076,5834.4
537.176,5834.4
537.277,5834.4
537.377,5834.4
537.477,5834.4
537.577,5834.4
537.690,5834.4
537.791,5834.4
537.891,5834.4
537.991,5834.4
538.091,5834.4
538.192,5834.4
538.292,5834.4
538.392,5834.4
538.492,5834.4
538.592,5834.4
538.693,5834.4
538.793,5834.4
538.893,5834.4
538.993,5834.4
539.093,5834.4
539.194,5834.4
539.309,5834.4
539.410,5834.4
539.510,5834.4
539.610,5834.4
539.710,5834.4
539.820,5834.4
539.921,5834.4
540.021,5834.4
540.121,5834.4
540.221,5834.4
540.322,5834.4
540.422,5834.4
540.522,5834.4
540.622,5834.4
540.722,5834.4
540.823,5834.4
540.933,5834.4
541.033,5834.4
541.133,5834.4
541.233,5834.4
541.334,5834.4
541.434,5834.4
541.534,5834.4
541.634,5834.4
541.734,5834.4
541.835,5834.4
541.935,5834.4
542.035,5834.4
542.135,5834.4
542.235,5834.4
542.358,5834.4
542.459,5834.4
542.559,5834.4
542.659,5834.4
542.759,5834.4
542.860,5834.4
542.960,5834.4
543.060,5834.4
543.160,5834.4
543.260,5834.4
543.361,5834.4
543.461,5834.4
543.561,5834.4
543.661,5834.4
543.779,5834.4
543.880,5834.4
543.980,5834.4
544.080,5834.4
544.182,5834.4
544.283,5834.4
544.383,5834.4
544.500,5834.4
544.601,5834.4
544.701,5834.4
544.801,5834.4
544.901,5834.4
545.002,5834.4
545.102,5834.4
545.202,5834.4
545.302,5834.4
545.402,5834.4
545.503,5834.4
545.603,5834.4
545.703,5834.4
545.803,5834.4
545.904,5834.4
546.004,5834.4
546.104,5834.4
546.205,5834.4
546.309,5834.4
546.410,5834.4
546.510,5834.4
546.610,5834.4
546.710,5834.4
546.811,5834.4
546.911,5834.4
547.011,5834.4
547.111,5834.4
547.211,5834.4
547.312,5834.4
547.412,5834.4
547.512,5834.4
547.612,5834.4
547.712,5834.4
547.813,5834.4
547.913,5834.4
548.013,5834.4
548.113,5834.4
548.213,5834.4
548.314,5834.4
548.414,5834.4
548.514,5834.4
548.614,5834.4
548.715,5834.4
548.815,5834.4
548.915,5834.4
549.015,5834.4
549.115,5834.4
549.216,5834.4
549.316,5834.4
549.416,5834.4
549.516,5834.4
549.617,5834.4
549.717,5834.4
549.817,5834.4
549.917,5834.4
550.018,5834.4
550.118,5834.4
550.218,5834.4
550.318,5834.4
550.426,5834.4
550.527,5834.4
550.627,5834.4
550.727,5834.4
550.827,5834.4
550.927,5834.4
551.028,5834.4
551.128,5834.4
551.228,5834.4
551.328,5834.4
551.428,5834.4
551.529,5834.4
551.629,5834.4
551.729,5834.4
551.829,5834.4
551.930,5834.4
552.030,5834.4
552.130,5834.4
552.230,5834.4
552.337,5834.4
552.438,5834.4
552.538,5834.4
552.638,5834.4
552.738,5834.4
552.838,5834.4
552.939,5834.4
553.039,5834.4
553.139,5834.4
553.239,5834.4
553.340,5834.4
553.446,5834.4
553.546,5834.4
553.646,5834.4
553.747,5834.4
553.847,5834.4
553.947,5834.4
554.047,5834.4
554.147,5834.4
554.248,5834.4
554.348,5834.4
554.448,5834.4
554.549,5834.4
554.649,5834.4
554.749,5834.4
554.849,5834.4
554.950,5834.4
555.050,5834.4
555.150,5834.4
555.250,5834.4
555.350,5834.4
555.451,5834.4
555.551,5834.4
555.651,5834.4
555.751,5834.4
555.851,5834.4
555.952,5834.4
556.058,5834.4
556.159,5834.4
556.259,5834.4
556.359,5834.4
556.464,5834.4
556.564,5834.4
556.664,5834.4
556.765,5834.4
556.865,5834.4
556.965,5834.4
557.065,5834.4
557.166,5834.4
557.266,5834.4
557.366,5834.4
557.466,5834.4
557.566,5834.4
557.667,5834.4
557.767,5834.4
557.867,5834.4
557.968,5834.4
558.068,5834.4
558.168,5834.4
558.268,5834.4
558.368,5834.4
558.469,5834.4
558.569,5834.4
558.669,5834.4
558.769,5834.4
558.869,5834.4
558.970,5834.4
559.070,5834.4
559.170,5834.4
559.270,5834.4
559.370,5834.4
559.479,5834.4
559.580,5834.4
559.680,5834.4
559.780,5834.4
559.880,5834.4
559.981,5834.4
560.081,5355.7
560.181,4528.1
560.281,4539.5
560.381,4542.9
560.482,4547.2
560.582,4548.7
560.682,4549.1
560.782,4549.2
560.882,4549.6
560.983,4549.7
561.083,4550.4
561.183,4550.5
561.283,4554.7
561.383,4557.6
561.484,4557.7
561.584,4557.7
561.684,4557.7
561.784,4557.7
561.884,4557.8
561.985,4557.9
562.085,4557.9
562.185,4557.9
562.285,4557.9
562.385,4557.9
562.486,4557.9
562.586,4557.9
562.686,4557.9
562.787,4557.9
562.887,4557.9
562.987,4557.9
563.087,4557.9
563.187,4557.9
563.288,4557.9
563.388,4557.9
563.488,4557.9
563.588,4557.9
563.688,4557.9
563.789,4557.9
563.889,4557.9
563.989,4557.9
564.089,4557.9
564.189,4557.9
564.290,4557.9
564.390,4557.9
564.490,4557.9
564.590,4557.9
564.691,4557.9
564.791,4557.9
564.891,4557.9
564.991,4557.9
565.092,4557.9
565.192,4557.9
565.292,4557.9
565.392,4557.9
565.493,4557.9
565.593,4557.9
565.693,4557.9
565.793,4557.9
565.893,4557.9
566.852,2946.3
566.866,2888.9
