condition	true_pool	pred_pool	zc	zs	count
gdna_zero_ss_0.50_nrna_zero	mrna	mrna	ambig_same_strand	unspliced	651926
gdna_zero_ss_0.50_nrna_zero	mrna	mrna	ambig_same_strand	spliced_annot	151570
gdna_zero_ss_0.50_nrna_zero	mrna	mrna	ambig_same_strand	spliced_implicit	2400
gdna_zero_ss_0.50_nrna_zero	mrna	mrna	unambig	spliced_annot	37399
gdna_zero_ss_0.50_nrna_zero	mrna	mrna	ambig_opp_strand	unspliced	144878
gdna_zero_ss_0.50_nrna_zero	mrna	nrna	ambig_same_strand	unspliced	11131
gdna_zero_ss_0.50_nrna_zero	mrna	mrna	ambig_opp_strand	spliced_implicit	695
gdna_zero_ss_0.50_nrna_zero	mrna	nrna	unambig	unspliced	1
gdna_zero_ss_0.99_nrna_zero	mrna	mrna	ambig_same_strand	unspliced	651925
gdna_zero_ss_0.99_nrna_zero	mrna	mrna	ambig_same_strand	spliced_annot	151570
gdna_zero_ss_0.99_nrna_zero	mrna	mrna	ambig_same_strand	spliced_implicit	2400
gdna_zero_ss_0.99_nrna_zero	mrna	mrna	unambig	spliced_annot	37399
gdna_zero_ss_0.99_nrna_zero	mrna	mrna	ambig_opp_strand	unspliced	144878
gdna_zero_ss_0.99_nrna_zero	mrna	nrna	ambig_same_strand	unspliced	11132
gdna_zero_ss_0.99_nrna_zero	mrna	mrna	ambig_opp_strand	spliced_implicit	695
gdna_zero_ss_0.99_nrna_zero	mrna	nrna	unambig	unspliced	1
gdna_low_ss_0.50_nrna_zero	mrna	mrna	ambig_same_strand	unspliced	649379
gdna_low_ss_0.50_nrna_zero	mrna	mrna	ambig_same_strand	spliced_annot	151748
gdna_low_ss_0.50_nrna_zero	mrna	mrna	ambig_same_strand	spliced_implicit	2437
gdna_low_ss_0.50_nrna_zero	mrna	gdna	ambig_same_strand	unspliced	2222
gdna_low_ss_0.50_nrna_zero	mrna	mrna	unambig	spliced_annot	37353
gdna_low_ss_0.50_nrna_zero	mrna	mrna	ambig_opp_strand	unspliced	144450
gdna_low_ss_0.50_nrna_zero	mrna	gdna	ambig_opp_strand	unspliced	606
gdna_low_ss_0.50_nrna_zero	mrna	nrna	ambig_same_strand	unspliced	11031
gdna_low_ss_0.50_nrna_zero	gdna	gdna	.	unknown	219949
gdna_low_ss_0.50_nrna_zero	gdna	gdna	ambig_same_strand	unspliced	24302
gdna_low_ss_0.50_nrna_zero	gdna	gdna	ambig_opp_strand	unspliced	3474
gdna_low_ss_0.50_nrna_zero	gdna	gdna	unambig	unspliced	39
gdna_low_ss_0.50_nrna_zero	gdna	mrna	ambig_same_strand	unspliced	1674
gdna_low_ss_0.50_nrna_zero	gdna	mrna	ambig_opp_strand	unspliced	463
gdna_low_ss_0.50_nrna_zero	gdna	nrna	ambig_same_strand	unspliced	76
gdna_low_ss_0.50_nrna_zero	gdna	unresolved	.	unspliced	23
gdna_low_ss_0.50_nrna_zero	mrna	mrna	ambig_opp_strand	spliced_implicit	774
gdna_low_ss_0.99_nrna_zero	mrna	mrna	ambig_same_strand	unspliced	649737
gdna_low_ss_0.99_nrna_zero	mrna	mrna	ambig_same_strand	spliced_annot	151748
gdna_low_ss_0.99_nrna_zero	mrna	gdna	ambig_same_strand	unspliced	1832
gdna_low_ss_0.99_nrna_zero	mrna	mrna	ambig_same_strand	spliced_implicit	2437
gdna_low_ss_0.99_nrna_zero	mrna	mrna	unambig	spliced_annot	37353
gdna_low_ss_0.99_nrna_zero	mrna	mrna	ambig_opp_strand	unspliced	144561
gdna_low_ss_0.99_nrna_zero	mrna	gdna	ambig_opp_strand	unspliced	495
gdna_low_ss_0.99_nrna_zero	mrna	nrna	ambig_same_strand	unspliced	11063
gdna_low_ss_0.99_nrna_zero	gdna	gdna	.	unknown	219949
gdna_low_ss_0.99_nrna_zero	gdna	gdna	ambig_same_strand	unspliced	24651
gdna_low_ss_0.99_nrna_zero	gdna	gdna	ambig_opp_strand	unspliced	3575
gdna_low_ss_0.99_nrna_zero	gdna	mrna	ambig_same_strand	unspliced	1338
gdna_low_ss_0.99_nrna_zero	gdna	gdna	unambig	unspliced	39
gdna_low_ss_0.99_nrna_zero	gdna	mrna	ambig_opp_strand	unspliced	362
gdna_low_ss_0.99_nrna_zero	gdna	nrna	ambig_same_strand	unspliced	63
gdna_low_ss_0.99_nrna_zero	gdna	unresolved	.	unspliced	23
gdna_low_ss_0.99_nrna_zero	mrna	mrna	ambig_opp_strand	spliced_implicit	774
gdna_med_ss_0.50_nrna_zero	mrna	mrna	ambig_same_strand	unspliced	642497
gdna_med_ss_0.50_nrna_zero	mrna	mrna	ambig_same_strand	spliced_annot	152128
gdna_med_ss_0.50_nrna_zero	mrna	gdna	ambig_same_strand	unspliced	9102
gdna_med_ss_0.50_nrna_zero	mrna	mrna	ambig_same_strand	spliced_implicit	2345
gdna_med_ss_0.50_nrna_zero	mrna	mrna	unambig	spliced_annot	37374
gdna_med_ss_0.50_nrna_zero	mrna	gdna	ambig_opp_strand	unspliced	2525
gdna_med_ss_0.50_nrna_zero	mrna	mrna	ambig_opp_strand	unspliced	142625
gdna_med_ss_0.50_nrna_zero	mrna	nrna	ambig_same_strand	unspliced	10629
gdna_med_ss_0.50_nrna_zero	gdna	gdna	.	unknown	879540
gdna_med_ss_0.50_nrna_zero	gdna	gdna	ambig_same_strand	unspliced	98746
gdna_med_ss_0.50_nrna_zero	gdna	gdna	ambig_opp_strand	unspliced	14318
gdna_med_ss_0.50_nrna_zero	gdna	nrna	ambig_same_strand	unspliced	256
gdna_med_ss_0.50_nrna_zero	gdna	mrna	ambig_same_strand	unspliced	5362
gdna_med_ss_0.50_nrna_zero	gdna	mrna	ambig_opp_strand	unspliced	1455
gdna_med_ss_0.50_nrna_zero	gdna	unresolved	.	unspliced	128
gdna_med_ss_0.50_nrna_zero	gdna	gdna	unambig	unspliced	195
gdna_med_ss_0.50_nrna_zero	mrna	mrna	ambig_opp_strand	spliced_implicit	773
gdna_med_ss_0.50_nrna_zero	mrna	gdna	unambig	unspliced	2
gdna_med_ss_0.99_nrna_zero	mrna	mrna	ambig_same_strand	unspliced	645065
gdna_med_ss_0.99_nrna_zero	mrna	mrna	ambig_same_strand	spliced_annot	152128
gdna_med_ss_0.99_nrna_zero	mrna	gdna	ambig_same_strand	unspliced	6326
gdna_med_ss_0.99_nrna_zero	mrna	mrna	ambig_same_strand	spliced_implicit	2345
gdna_med_ss_0.99_nrna_zero	mrna	mrna	unambig	spliced_annot	37374
gdna_med_ss_0.99_nrna_zero	mrna	mrna	ambig_opp_strand	unspliced	143464
gdna_med_ss_0.99_nrna_zero	mrna	gdna	ambig_opp_strand	unspliced	1686
gdna_med_ss_0.99_nrna_zero	mrna	nrna	ambig_same_strand	unspliced	10837
gdna_med_ss_0.99_nrna_zero	gdna	gdna	.	unknown	879540
gdna_med_ss_0.99_nrna_zero	gdna	gdna	ambig_same_strand	unspliced	100226
gdna_med_ss_0.99_nrna_zero	gdna	gdna	ambig_opp_strand	unspliced	14746
gdna_med_ss_0.99_nrna_zero	gdna	nrna	ambig_same_strand	unspliced	190
gdna_med_ss_0.99_nrna_zero	gdna	mrna	ambig_same_strand	unspliced	3948
gdna_med_ss_0.99_nrna_zero	gdna	mrna	ambig_opp_strand	unspliced	1027
gdna_med_ss_0.99_nrna_zero	gdna	unresolved	.	unspliced	128
gdna_med_ss_0.99_nrna_zero	gdna	gdna	unambig	unspliced	195
gdna_med_ss_0.99_nrna_zero	mrna	mrna	ambig_opp_strand	spliced_implicit	773
gdna_med_ss_0.99_nrna_zero	mrna	nrna	unambig	unspliced	1
gdna_med_ss_0.99_nrna_zero	mrna	gdna	unambig	unspliced	1
gdna_high_ss_0.50_nrna_zero	mrna	mrna	ambig_same_strand	unspliced	633827
gdna_high_ss_0.50_nrna_zero	mrna	mrna	ambig_same_strand	spliced_annot	151399
gdna_high_ss_0.50_nrna_zero	mrna	gdna	ambig_same_strand	unspliced	18287
gdna_high_ss_0.50_nrna_zero	mrna	mrna	ambig_same_strand	spliced_implicit	2402
gdna_high_ss_0.50_nrna_zero	mrna	mrna	unambig	spliced_annot	37513
gdna_high_ss_0.50_nrna_zero	mrna	mrna	ambig_opp_strand	unspliced	140384
gdna_high_ss_0.50_nrna_zero	mrna	gdna	ambig_opp_strand	unspliced	5147
gdna_high_ss_0.50_nrna_zero	mrna	nrna	ambig_same_strand	unspliced	10260
gdna_high_ss_0.50_nrna_zero	gdna	gdna	.	unknown	1760568
gdna_high_ss_0.50_nrna_zero	gdna	gdna	ambig_same_strand	unspliced	197996
gdna_high_ss_0.50_nrna_zero	gdna	gdna	ambig_opp_strand	unspliced	28559
gdna_high_ss_0.50_nrna_zero	gdna	mrna	ambig_same_strand	unspliced	9231
gdna_high_ss_0.50_nrna_zero	gdna	nrna	ambig_same_strand	unspliced	437
gdna_high_ss_0.50_nrna_zero	gdna	gdna	unambig	unspliced	394
gdna_high_ss_0.50_nrna_zero	gdna	mrna	ambig_opp_strand	unspliced	2613
gdna_high_ss_0.50_nrna_zero	gdna	unresolved	.	unspliced	202
gdna_high_ss_0.50_nrna_zero	mrna	mrna	ambig_opp_strand	spliced_implicit	781
gdna_high_ss_0.99_nrna_zero	mrna	mrna	ambig_same_strand	unspliced	640016
gdna_high_ss_0.99_nrna_zero	mrna	mrna	ambig_same_strand	spliced_annot	151399
gdna_high_ss_0.99_nrna_zero	mrna	gdna	ambig_same_strand	unspliced	11805
gdna_high_ss_0.99_nrna_zero	mrna	mrna	ambig_same_strand	spliced_implicit	2402
gdna_high_ss_0.99_nrna_zero	mrna	mrna	unambig	spliced_annot	37513
gdna_high_ss_0.99_nrna_zero	mrna	mrna	ambig_opp_strand	unspliced	142293
gdna_high_ss_0.99_nrna_zero	mrna	gdna	ambig_opp_strand	unspliced	3238
gdna_high_ss_0.99_nrna_zero	mrna	nrna	ambig_same_strand	unspliced	10553
gdna_high_ss_0.99_nrna_zero	gdna	gdna	.	unknown	1760568
gdna_high_ss_0.99_nrna_zero	gdna	gdna	ambig_same_strand	unspliced	200738
gdna_high_ss_0.99_nrna_zero	gdna	gdna	ambig_opp_strand	unspliced	29340
gdna_high_ss_0.99_nrna_zero	gdna	mrna	ambig_same_strand	unspliced	6645
gdna_high_ss_0.99_nrna_zero	gdna	gdna	unambig	unspliced	394
gdna_high_ss_0.99_nrna_zero	gdna	mrna	ambig_opp_strand	unspliced	1832
gdna_high_ss_0.99_nrna_zero	gdna	nrna	ambig_same_strand	unspliced	281
gdna_high_ss_0.99_nrna_zero	gdna	unresolved	.	unspliced	202
gdna_high_ss_0.99_nrna_zero	mrna	mrna	ambig_opp_strand	spliced_implicit	781
gdna_zero_ss_0.50_nrna_low	mrna	gdna	ambig_same_strand	unspliced	12471
gdna_zero_ss_0.50_nrna_low	mrna	mrna	ambig_same_strand	unspliced	639596
gdna_zero_ss_0.50_nrna_low	mrna	mrna	ambig_same_strand	spliced_annot	151443
gdna_zero_ss_0.50_nrna_low	mrna	mrna	ambig_same_strand	spliced_implicit	2406
gdna_zero_ss_0.50_nrna_low	mrna	mrna	unambig	spliced_annot	37791
gdna_zero_ss_0.50_nrna_low	mrna	mrna	ambig_opp_strand	unspliced	141321
gdna_zero_ss_0.50_nrna_low	mrna	gdna	ambig_opp_strand	unspliced	3454
gdna_zero_ss_0.50_nrna_low	mrna	nrna	ambig_same_strand	unspliced	10734
gdna_zero_ss_0.50_nrna_low	nrna	gdna	ambig_same_strand	unspliced	36214
gdna_zero_ss_0.50_nrna_low	nrna	mrna	ambig_same_strand	unspliced	8286
gdna_zero_ss_0.50_nrna_low	nrna	gdna	ambig_opp_strand	unspliced	12402
gdna_zero_ss_0.50_nrna_low	nrna	mrna	ambig_opp_strand	unspliced	2352
gdna_zero_ss_0.50_nrna_low	nrna	unresolved	.	unspliced	7
gdna_zero_ss_0.50_nrna_low	mrna	mrna	ambig_opp_strand	spliced_implicit	783
gdna_zero_ss_0.50_nrna_low	mrna	gdna	unambig	unspliced	1
gdna_zero_ss_0.99_nrna_low	mrna	mrna	ambig_same_strand	unspliced	646047
gdna_zero_ss_0.99_nrna_low	mrna	nrna	ambig_same_strand	unspliced	16151
gdna_zero_ss_0.99_nrna_low	mrna	mrna	ambig_same_strand	spliced_annot	151443
gdna_zero_ss_0.99_nrna_low	mrna	gdna	ambig_same_strand	unspliced	603
gdna_zero_ss_0.99_nrna_low	mrna	mrna	ambig_same_strand	spliced_implicit	2406
gdna_zero_ss_0.99_nrna_low	mrna	mrna	unambig	spliced_annot	37791
gdna_zero_ss_0.99_nrna_low	mrna	mrna	ambig_opp_strand	unspliced	144130
gdna_zero_ss_0.99_nrna_low	mrna	nrna	ambig_opp_strand	unspliced	479
gdna_zero_ss_0.99_nrna_low	nrna	nrna	ambig_same_strand	unspliced	34025
gdna_zero_ss_0.99_nrna_low	nrna	gdna	ambig_same_strand	unspliced	2032
gdna_zero_ss_0.99_nrna_low	nrna	mrna	ambig_same_strand	unspliced	8443
gdna_zero_ss_0.99_nrna_low	nrna	nrna	ambig_opp_strand	unspliced	11541
gdna_zero_ss_0.99_nrna_low	nrna	gdna	ambig_opp_strand	unspliced	1156
gdna_zero_ss_0.99_nrna_low	nrna	mrna	ambig_opp_strand	unspliced	2057
gdna_zero_ss_0.99_nrna_low	nrna	unresolved	.	unspliced	7
gdna_zero_ss_0.99_nrna_low	mrna	gdna	ambig_opp_strand	unspliced	166
gdna_zero_ss_0.99_nrna_low	mrna	mrna	ambig_opp_strand	spliced_implicit	783
gdna_zero_ss_0.99_nrna_low	mrna	nrna	unambig	unspliced	1
gdna_low_ss_0.50_nrna_low	mrna	mrna	ambig_same_strand	unspliced	642487
gdna_low_ss_0.50_nrna_low	mrna	nrna	ambig_same_strand	unspliced	13238
gdna_low_ss_0.50_nrna_low	mrna	mrna	ambig_same_strand	spliced_annot	151709
gdna_low_ss_0.50_nrna_low	mrna	gdna	ambig_same_strand	unspliced	6763
gdna_low_ss_0.50_nrna_low	mrna	mrna	ambig_same_strand	spliced_implicit	2431
gdna_low_ss_0.50_nrna_low	mrna	mrna	unambig	spliced_annot	37785
gdna_low_ss_0.50_nrna_low	mrna	mrna	ambig_opp_strand	unspliced	142724
gdna_low_ss_0.50_nrna_low	mrna	gdna	ambig_opp_strand	unspliced	1878
gdna_low_ss_0.50_nrna_low	nrna	gdna	ambig_same_strand	unspliced	14563
gdna_low_ss_0.50_nrna_low	nrna	nrna	ambig_same_strand	unspliced	21739
gdna_low_ss_0.50_nrna_low	nrna	mrna	ambig_same_strand	unspliced	8183
gdna_low_ss_0.50_nrna_low	nrna	gdna	ambig_opp_strand	unspliced	4578
gdna_low_ss_0.50_nrna_low	nrna	mrna	ambig_opp_strand	unspliced	2238
gdna_low_ss_0.50_nrna_low	nrna	unresolved	.	unspliced	5
gdna_low_ss_0.50_nrna_low	gdna	gdna	.	unknown	219823
gdna_low_ss_0.50_nrna_low	gdna	gdna	ambig_same_strand	unspliced	23987
gdna_low_ss_0.50_nrna_low	gdna	mrna	ambig_same_strand	unspliced	1474
gdna_low_ss_0.50_nrna_low	gdna	gdna	ambig_opp_strand	unspliced	3155
gdna_low_ss_0.50_nrna_low	gdna	mrna	ambig_opp_strand	unspliced	418
gdna_low_ss_0.50_nrna_low	gdna	nrna	ambig_same_strand	unspliced	737
gdna_low_ss_0.50_nrna_low	gdna	unresolved	.	unspliced	21
gdna_low_ss_0.50_nrna_low	gdna	gdna	unambig	unspliced	54
gdna_low_ss_0.50_nrna_low	gdna	nrna	ambig_opp_strand	unspliced	331
gdna_low_ss_0.50_nrna_low	mrna	mrna	ambig_opp_strand	spliced_implicit	759
gdna_low_ss_0.50_nrna_low	nrna	nrna	ambig_opp_strand	unspliced	7955
gdna_low_ss_0.50_nrna_low	mrna	nrna	ambig_opp_strand	unspliced	226
gdna_low_ss_0.99_nrna_low	mrna	mrna	ambig_same_strand	unspliced	644709
gdna_low_ss_0.99_nrna_low	mrna	mrna	ambig_same_strand	spliced_annot	151709
gdna_low_ss_0.99_nrna_low	mrna	nrna	ambig_same_strand	unspliced	15273
gdna_low_ss_0.99_nrna_low	mrna	gdna	ambig_same_strand	unspliced	2506
gdna_low_ss_0.99_nrna_low	mrna	mrna	ambig_same_strand	spliced_implicit	2431
gdna_low_ss_0.99_nrna_low	mrna	mrna	unambig	spliced_annot	37785
gdna_low_ss_0.99_nrna_low	mrna	mrna	ambig_opp_strand	unspliced	143605
gdna_low_ss_0.99_nrna_low	mrna	gdna	ambig_opp_strand	unspliced	609
gdna_low_ss_0.99_nrna_low	mrna	nrna	ambig_opp_strand	unspliced	614
gdna_low_ss_0.99_nrna_low	nrna	nrna	ambig_same_strand	unspliced	31111
gdna_low_ss_0.99_nrna_low	nrna	mrna	ambig_same_strand	unspliced	8242
gdna_low_ss_0.99_nrna_low	nrna	gdna	ambig_same_strand	unspliced	5132
gdna_low_ss_0.99_nrna_low	nrna	gdna	ambig_opp_strand	unspliced	1863
gdna_low_ss_0.99_nrna_low	nrna	nrna	ambig_opp_strand	unspliced	10999
gdna_low_ss_0.99_nrna_low	nrna	mrna	ambig_opp_strand	unspliced	1909
gdna_low_ss_0.99_nrna_low	nrna	unresolved	.	unspliced	5
gdna_low_ss_0.99_nrna_low	gdna	gdna	.	unknown	219823
gdna_low_ss_0.99_nrna_low	gdna	gdna	ambig_same_strand	unspliced	23828
gdna_low_ss_0.99_nrna_low	gdna	mrna	ambig_same_strand	unspliced	1238
gdna_low_ss_0.99_nrna_low	gdna	gdna	ambig_opp_strand	unspliced	3152
gdna_low_ss_0.99_nrna_low	gdna	mrna	ambig_opp_strand	unspliced	317
gdna_low_ss_0.99_nrna_low	gdna	nrna	ambig_same_strand	unspliced	1132
gdna_low_ss_0.99_nrna_low	gdna	unresolved	.	unspliced	21
gdna_low_ss_0.99_nrna_low	gdna	gdna	unambig	unspliced	54
gdna_low_ss_0.99_nrna_low	gdna	nrna	ambig_opp_strand	unspliced	435
gdna_low_ss_0.99_nrna_low	mrna	mrna	ambig_opp_strand	spliced_implicit	759
gdna_med_ss_0.50_nrna_low	mrna	mrna	ambig_same_strand	unspliced	636074
gdna_med_ss_0.50_nrna_low	mrna	mrna	ambig_same_strand	spliced_annot	151665
gdna_med_ss_0.50_nrna_low	mrna	gdna	ambig_same_strand	unspliced	13721
gdna_med_ss_0.50_nrna_low	mrna	nrna	ambig_same_strand	unspliced	12779
gdna_med_ss_0.50_nrna_low	mrna	mrna	ambig_same_strand	spliced_implicit	2429
gdna_med_ss_0.50_nrna_low	mrna	mrna	unambig	spliced_annot	37329
gdna_med_ss_0.50_nrna_low	mrna	mrna	ambig_opp_strand	unspliced	141257
gdna_med_ss_0.50_nrna_low	mrna	gdna	ambig_opp_strand	unspliced	3914
gdna_med_ss_0.50_nrna_low	nrna	mrna	ambig_same_strand	unspliced	8344
gdna_med_ss_0.50_nrna_low	nrna	nrna	ambig_same_strand	unspliced	17812
gdna_med_ss_0.50_nrna_low	nrna	gdna	ambig_same_strand	unspliced	18367
gdna_med_ss_0.50_nrna_low	nrna	gdna	ambig_opp_strand	unspliced	6393
gdna_med_ss_0.50_nrna_low	nrna	mrna	ambig_opp_strand	unspliced	2341
gdna_med_ss_0.50_nrna_low	nrna	unresolved	.	unspliced	10
gdna_med_ss_0.50_nrna_low	gdna	gdna	ambig_same_strand	unspliced	97144
gdna_med_ss_0.50_nrna_low	gdna	gdna	.	unknown	880055
gdna_med_ss_0.50_nrna_low	gdna	gdna	ambig_opp_strand	unspliced	13342
gdna_med_ss_0.50_nrna_low	gdna	mrna	ambig_same_strand	unspliced	5035
gdna_med_ss_0.50_nrna_low	gdna	nrna	ambig_opp_strand	unspliced	898
gdna_med_ss_0.50_nrna_low	gdna	mrna	ambig_opp_strand	unspliced	1373
gdna_med_ss_0.50_nrna_low	gdna	nrna	ambig_same_strand	unspliced	1903
gdna_med_ss_0.50_nrna_low	gdna	gdna	unambig	unspliced	167
gdna_med_ss_0.50_nrna_low	gdna	unresolved	.	unspliced	83
gdna_med_ss_0.50_nrna_low	mrna	mrna	ambig_opp_strand	spliced_implicit	754
gdna_med_ss_0.50_nrna_low	nrna	nrna	ambig_opp_strand	unspliced	5994
gdna_med_ss_0.50_nrna_low	mrna	nrna	ambig_opp_strand	unspliced	78
gdna_med_ss_0.99_nrna_low	mrna	mrna	ambig_same_strand	unspliced	641136
gdna_med_ss_0.99_nrna_low	mrna	mrna	ambig_same_strand	spliced_annot	151665
gdna_med_ss_0.99_nrna_low	mrna	nrna	ambig_same_strand	unspliced	14208
gdna_med_ss_0.99_nrna_low	mrna	gdna	ambig_same_strand	unspliced	7230
gdna_med_ss_0.99_nrna_low	mrna	mrna	ambig_same_strand	spliced_implicit	2429
gdna_med_ss_0.99_nrna_low	mrna	mrna	unambig	spliced_annot	37329
gdna_med_ss_0.99_nrna_low	mrna	mrna	ambig_opp_strand	unspliced	142936
gdna_med_ss_0.99_nrna_low	mrna	gdna	ambig_opp_strand	unspliced	1998
gdna_med_ss_0.99_nrna_low	nrna	mrna	ambig_same_strand	unspliced	8380
gdna_med_ss_0.99_nrna_low	nrna	nrna	ambig_same_strand	unspliced	26301
gdna_med_ss_0.99_nrna_low	nrna	gdna	ambig_same_strand	unspliced	9842
gdna_med_ss_0.99_nrna_low	nrna	mrna	ambig_opp_strand	unspliced	2021
gdna_med_ss_0.99_nrna_low	nrna	gdna	ambig_opp_strand	unspliced	3997
gdna_med_ss_0.99_nrna_low	nrna	unresolved	.	unspliced	10
gdna_med_ss_0.99_nrna_low	gdna	gdna	ambig_same_strand	unspliced	97936
gdna_med_ss_0.99_nrna_low	gdna	gdna	.	unknown	880055
gdna_med_ss_0.99_nrna_low	gdna	gdna	ambig_opp_strand	unspliced	13656
gdna_med_ss_0.99_nrna_low	gdna	mrna	ambig_same_strand	unspliced	3812
gdna_med_ss_0.99_nrna_low	gdna	nrna	ambig_same_strand	unspliced	2334
gdna_med_ss_0.99_nrna_low	gdna	nrna	ambig_opp_strand	unspliced	960
gdna_med_ss_0.99_nrna_low	gdna	mrna	ambig_opp_strand	unspliced	997
gdna_med_ss_0.99_nrna_low	gdna	gdna	unambig	unspliced	166
gdna_med_ss_0.99_nrna_low	gdna	unresolved	.	unspliced	83
gdna_med_ss_0.99_nrna_low	gdna	nrna	unambig	unspliced	1
gdna_med_ss_0.99_nrna_low	mrna	mrna	ambig_opp_strand	spliced_implicit	754
gdna_med_ss_0.99_nrna_low	nrna	nrna	ambig_opp_strand	unspliced	8710
gdna_med_ss_0.99_nrna_low	mrna	nrna	ambig_opp_strand	unspliced	315
gdna_high_ss_0.50_nrna_low	mrna	mrna	ambig_same_strand	unspliced	626032
gdna_high_ss_0.50_nrna_low	mrna	mrna	ambig_same_strand	spliced_annot	152528
gdna_high_ss_0.50_nrna_low	mrna	nrna	ambig_same_strand	unspliced	11944
gdna_high_ss_0.50_nrna_low	mrna	gdna	ambig_same_strand	unspliced	23815
gdna_high_ss_0.50_nrna_low	mrna	mrna	ambig_same_strand	spliced_implicit	2343
gdna_high_ss_0.50_nrna_low	mrna	mrna	unambig	spliced_annot	37866
gdna_high_ss_0.50_nrna_low	mrna	mrna	ambig_opp_strand	unspliced	138396
gdna_high_ss_0.50_nrna_low	mrna	gdna	ambig_opp_strand	unspliced	6325
gdna_high_ss_0.50_nrna_low	nrna	gdna	ambig_same_strand	unspliced	22565
gdna_high_ss_0.50_nrna_low	nrna	nrna	ambig_same_strand	unspliced	13916
gdna_high_ss_0.50_nrna_low	nrna	mrna	ambig_same_strand	unspliced	8067
gdna_high_ss_0.50_nrna_low	nrna	gdna	ambig_opp_strand	unspliced	8620
gdna_high_ss_0.50_nrna_low	nrna	mrna	ambig_opp_strand	unspliced	2159
gdna_high_ss_0.50_nrna_low	gdna	gdna	.	unknown	1759702
gdna_high_ss_0.50_nrna_low	gdna	gdna	ambig_same_strand	unspliced	196758
gdna_high_ss_0.50_nrna_low	gdna	gdna	ambig_opp_strand	unspliced	28073
gdna_high_ss_0.50_nrna_low	gdna	mrna	ambig_same_strand	unspliced	8843
gdna_high_ss_0.50_nrna_low	gdna	mrna	ambig_opp_strand	unspliced	2376
gdna_high_ss_0.50_nrna_low	gdna	nrna	ambig_same_strand	unspliced	2712
gdna_high_ss_0.50_nrna_low	gdna	nrna	ambig_opp_strand	unspliced	925
gdna_high_ss_0.50_nrna_low	gdna	gdna	unambig	unspliced	377
gdna_high_ss_0.50_nrna_low	gdna	unresolved	.	unspliced	234
gdna_high_ss_0.50_nrna_low	mrna	mrna	ambig_opp_strand	spliced_implicit	750
gdna_high_ss_0.50_nrna_low	nrna	nrna	ambig_opp_strand	unspliced	3925
gdna_high_ss_0.50_nrna_low	nrna	unresolved	.	unspliced	9
gdna_high_ss_0.50_nrna_low	mrna	gdna	unambig	unspliced	1
gdna_high_ss_0.99_nrna_low	mrna	mrna	ambig_same_strand	unspliced	635625
gdna_high_ss_0.99_nrna_low	mrna	nrna	ambig_same_strand	unspliced	13384
gdna_high_ss_0.99_nrna_low	mrna	mrna	ambig_same_strand	spliced_annot	152528
gdna_high_ss_0.99_nrna_low	mrna	gdna	ambig_same_strand	unspliced	12782
gdna_high_ss_0.99_nrna_low	mrna	mrna	ambig_same_strand	spliced_implicit	2343
gdna_high_ss_0.99_nrna_low	mrna	mrna	unambig	spliced_annot	37866
gdna_high_ss_0.99_nrna_low	mrna	mrna	ambig_opp_strand	unspliced	141016
gdna_high_ss_0.99_nrna_low	mrna	gdna	ambig_opp_strand	unspliced	3664
gdna_high_ss_0.99_nrna_low	nrna	nrna	ambig_same_strand	unspliced	22382
gdna_high_ss_0.99_nrna_low	nrna	gdna	ambig_same_strand	unspliced	13992
gdna_high_ss_0.99_nrna_low	nrna	mrna	ambig_same_strand	unspliced	8174
gdna_high_ss_0.99_nrna_low	nrna	gdna	ambig_opp_strand	unspliced	5935
gdna_high_ss_0.99_nrna_low	nrna	mrna	ambig_opp_strand	unspliced	1905
gdna_high_ss_0.99_nrna_low	gdna	gdna	.	unknown	1759702
gdna_high_ss_0.99_nrna_low	gdna	gdna	ambig_same_strand	unspliced	198649
gdna_high_ss_0.99_nrna_low	gdna	gdna	ambig_opp_strand	unspliced	28527
gdna_high_ss_0.99_nrna_low	gdna	mrna	ambig_same_strand	unspliced	6527
gdna_high_ss_0.99_nrna_low	gdna	nrna	ambig_same_strand	unspliced	3137
gdna_high_ss_0.99_nrna_low	gdna	mrna	ambig_opp_strand	unspliced	1701
gdna_high_ss_0.99_nrna_low	gdna	nrna	ambig_opp_strand	unspliced	1146
gdna_high_ss_0.99_nrna_low	gdna	gdna	unambig	unspliced	377
gdna_high_ss_0.99_nrna_low	gdna	unresolved	.	unspliced	234
gdna_high_ss_0.99_nrna_low	mrna	mrna	ambig_opp_strand	spliced_implicit	750
gdna_high_ss_0.99_nrna_low	nrna	nrna	ambig_opp_strand	unspliced	6864
gdna_high_ss_0.99_nrna_low	mrna	nrna	ambig_opp_strand	unspliced	41
gdna_high_ss_0.99_nrna_low	nrna	unresolved	.	unspliced	9
gdna_high_ss_0.99_nrna_low	mrna	gdna	unambig	unspliced	1
gdna_zero_ss_0.50_nrna_high	mrna	gdna	ambig_same_strand	unspliced	57244
gdna_zero_ss_0.50_nrna_high	mrna	mrna	ambig_same_strand	unspliced	594556
gdna_zero_ss_0.50_nrna_high	mrna	mrna	ambig_same_strand	spliced_annot	153369
gdna_zero_ss_0.50_nrna_high	mrna	mrna	ambig_same_strand	spliced_implicit	2404
gdna_zero_ss_0.50_nrna_high	mrna	mrna	unambig	spliced_annot	37519
gdna_zero_ss_0.50_nrna_high	mrna	mrna	ambig_opp_strand	unspliced	129343
gdna_zero_ss_0.50_nrna_high	mrna	gdna	ambig_opp_strand	unspliced	15566
gdna_zero_ss_0.50_nrna_high	mrna	nrna	ambig_same_strand	unspliced	9218
gdna_zero_ss_0.50_nrna_high	nrna	gdna	ambig_opp_strand	unspliced	61398
gdna_zero_ss_0.50_nrna_high	nrna	gdna	ambig_same_strand	unspliced	170499
gdna_zero_ss_0.50_nrna_high	nrna	mrna	ambig_same_strand	unspliced	33433
gdna_zero_ss_0.50_nrna_high	nrna	mrna	ambig_opp_strand	unspliced	10493
gdna_zero_ss_0.50_nrna_high	nrna	unresolved	.	unspliced	62
gdna_zero_ss_0.50_nrna_high	mrna	mrna	ambig_opp_strand	spliced_implicit	779
gdna_zero_ss_0.50_nrna_high	mrna	gdna	unambig	unspliced	2
gdna_zero_ss_0.99_nrna_high	mrna	mrna	ambig_same_strand	unspliced	598512
gdna_zero_ss_0.99_nrna_high	mrna	mrna	ambig_same_strand	spliced_annot	153369
gdna_zero_ss_0.99_nrna_high	mrna	nrna	ambig_same_strand	unspliced	59532
gdna_zero_ss_0.99_nrna_high	mrna	gdna	ambig_same_strand	unspliced	2974
gdna_zero_ss_0.99_nrna_high	mrna	mrna	ambig_same_strand	spliced_implicit	2404
gdna_zero_ss_0.99_nrna_high	mrna	mrna	unambig	spliced_annot	37519
gdna_zero_ss_0.99_nrna_high	mrna	mrna	ambig_opp_strand	unspliced	134060
gdna_zero_ss_0.99_nrna_high	mrna	nrna	ambig_opp_strand	unspliced	9952
gdna_zero_ss_0.99_nrna_high	mrna	gdna	ambig_opp_strand	unspliced	897
gdna_zero_ss_0.99_nrna_high	nrna	nrna	ambig_opp_strand	unspliced	58087
gdna_zero_ss_0.99_nrna_high	nrna	nrna	ambig_same_strand	unspliced	159366
gdna_zero_ss_0.99_nrna_high	nrna	mrna	ambig_same_strand	unspliced	33895
gdna_zero_ss_0.99_nrna_high	nrna	gdna	ambig_same_strand	unspliced	10671
gdna_zero_ss_0.99_nrna_high	nrna	gdna	ambig_opp_strand	unspliced	3608
gdna_zero_ss_0.99_nrna_high	nrna	mrna	ambig_opp_strand	unspliced	10196
gdna_zero_ss_0.99_nrna_high	nrna	unresolved	.	unspliced	62
gdna_zero_ss_0.99_nrna_high	mrna	mrna	ambig_opp_strand	spliced_implicit	779
gdna_zero_ss_0.99_nrna_high	mrna	gdna	unambig	unspliced	2
gdna_low_ss_0.50_nrna_high	mrna	mrna	ambig_same_strand	unspliced	603406
gdna_low_ss_0.50_nrna_high	mrna	gdna	ambig_same_strand	unspliced	36821
gdna_low_ss_0.50_nrna_high	mrna	mrna	ambig_same_strand	spliced_annot	152499
gdna_low_ss_0.50_nrna_high	mrna	nrna	ambig_same_strand	unspliced	21300
gdna_low_ss_0.50_nrna_high	mrna	mrna	ambig_same_strand	spliced_implicit	2376
gdna_low_ss_0.50_nrna_high	mrna	mrna	unambig	spliced_annot	37772
gdna_low_ss_0.50_nrna_high	mrna	gdna	ambig_opp_strand	unspliced	10204
gdna_low_ss_0.50_nrna_high	mrna	mrna	ambig_opp_strand	unspliced	133125
gdna_low_ss_0.50_nrna_high	nrna	gdna	ambig_opp_strand	unspliced	37723
gdna_low_ss_0.50_nrna_high	nrna	gdna	ambig_same_strand	unspliced	107187
gdna_low_ss_0.50_nrna_high	nrna	nrna	ambig_opp_strand	unspliced	23487
gdna_low_ss_0.50_nrna_high	nrna	mrna	ambig_opp_strand	unspliced	10918
gdna_low_ss_0.50_nrna_high	nrna	nrna	ambig_same_strand	unspliced	61639
gdna_low_ss_0.50_nrna_high	nrna	mrna	ambig_same_strand	unspliced	34879
gdna_low_ss_0.50_nrna_high	nrna	unresolved	.	unspliced	52
gdna_low_ss_0.50_nrna_high	gdna	gdna	.	unknown	219495
gdna_low_ss_0.50_nrna_high	gdna	gdna	ambig_same_strand	unspliced	24641
gdna_low_ss_0.50_nrna_high	gdna	gdna	ambig_opp_strand	unspliced	3360
gdna_low_ss_0.50_nrna_high	gdna	mrna	ambig_opp_strand	unspliced	316
gdna_low_ss_0.50_nrna_high	gdna	nrna	ambig_opp_strand	unspliced	327
gdna_low_ss_0.50_nrna_high	gdna	mrna	ambig_same_strand	unspliced	1159
gdna_low_ss_0.50_nrna_high	gdna	nrna	ambig_same_strand	unspliced	625
gdna_low_ss_0.50_nrna_high	gdna	gdna	unambig	unspliced	56
gdna_low_ss_0.50_nrna_high	gdna	unresolved	.	unspliced	21
gdna_low_ss_0.50_nrna_high	mrna	nrna	ambig_opp_strand	unspliced	1696
gdna_low_ss_0.50_nrna_high	mrna	mrna	ambig_opp_strand	spliced_implicit	801
gdna_low_ss_0.99_nrna_high	mrna	nrna	ambig_same_strand	unspliced	39763
gdna_low_ss_0.99_nrna_high	mrna	mrna	ambig_same_strand	unspliced	617242
gdna_low_ss_0.99_nrna_high	mrna	mrna	ambig_same_strand	spliced_annot	152499
gdna_low_ss_0.99_nrna_high	mrna	gdna	ambig_same_strand	unspliced	4522
gdna_low_ss_0.99_nrna_high	mrna	mrna	ambig_same_strand	spliced_implicit	2376
gdna_low_ss_0.99_nrna_high	mrna	mrna	unambig	spliced_annot	37772
gdna_low_ss_0.99_nrna_high	mrna	mrna	ambig_opp_strand	unspliced	135920
gdna_low_ss_0.99_nrna_high	mrna	nrna	ambig_opp_strand	unspliced	7886
gdna_low_ss_0.99_nrna_high	mrna	gdna	ambig_opp_strand	unspliced	1219
gdna_low_ss_0.99_nrna_high	nrna	nrna	ambig_opp_strand	unspliced	57289
gdna_low_ss_0.99_nrna_high	nrna	nrna	ambig_same_strand	unspliced	151583
gdna_low_ss_0.99_nrna_high	nrna	mrna	ambig_opp_strand	unspliced	10338
gdna_low_ss_0.99_nrna_high	nrna	gdna	ambig_opp_strand	unspliced	4501
gdna_low_ss_0.99_nrna_high	nrna	mrna	ambig_same_strand	unspliced	35529
gdna_low_ss_0.99_nrna_high	nrna	gdna	ambig_same_strand	unspliced	16593
gdna_low_ss_0.99_nrna_high	nrna	unresolved	.	unspliced	52
gdna_low_ss_0.99_nrna_high	gdna	gdna	.	unknown	219495
gdna_low_ss_0.99_nrna_high	gdna	nrna	ambig_same_strand	unspliced	2187
gdna_low_ss_0.99_nrna_high	gdna	gdna	ambig_same_strand	unspliced	23055
gdna_low_ss_0.99_nrna_high	gdna	gdna	ambig_opp_strand	unspliced	2970
gdna_low_ss_0.99_nrna_high	gdna	nrna	ambig_opp_strand	unspliced	727
gdna_low_ss_0.99_nrna_high	gdna	mrna	ambig_same_strand	unspliced	1183
gdna_low_ss_0.99_nrna_high	gdna	gdna	unambig	unspliced	56
gdna_low_ss_0.99_nrna_high	gdna	mrna	ambig_opp_strand	unspliced	306
gdna_low_ss_0.99_nrna_high	gdna	unresolved	.	unspliced	21
gdna_low_ss_0.99_nrna_high	mrna	mrna	ambig_opp_strand	spliced_implicit	801
gdna_med_ss_0.50_nrna_high	mrna	mrna	ambig_same_strand	unspliced	603331
gdna_med_ss_0.50_nrna_high	mrna	mrna	ambig_same_strand	spliced_annot	151872
gdna_med_ss_0.50_nrna_high	mrna	gdna	ambig_same_strand	unspliced	33611
gdna_med_ss_0.50_nrna_high	mrna	nrna	ambig_same_strand	unspliced	25356
gdna_med_ss_0.50_nrna_high	mrna	mrna	ambig_same_strand	spliced_implicit	2357
gdna_med_ss_0.50_nrna_high	mrna	mrna	unambig	spliced_annot	37682
gdna_med_ss_0.50_nrna_high	mrna	mrna	ambig_opp_strand	unspliced	132971
gdna_med_ss_0.50_nrna_high	mrna	gdna	ambig_opp_strand	unspliced	8777
gdna_med_ss_0.50_nrna_high	nrna	nrna	ambig_same_strand	unspliced	82479
gdna_med_ss_0.50_nrna_high	nrna	gdna	ambig_opp_strand	unspliced	28859
gdna_med_ss_0.50_nrna_high	nrna	nrna	ambig_opp_strand	unspliced	32538
gdna_med_ss_0.50_nrna_high	nrna	mrna	ambig_opp_strand	unspliced	10810
gdna_med_ss_0.50_nrna_high	nrna	mrna	ambig_same_strand	unspliced	34665
gdna_med_ss_0.50_nrna_high	nrna	gdna	ambig_same_strand	unspliced	86483
gdna_med_ss_0.50_nrna_high	nrna	unresolved	.	unspliced	51
gdna_med_ss_0.50_nrna_high	gdna	gdna	ambig_same_strand	unspliced	96762
gdna_med_ss_0.50_nrna_high	gdna	gdna	.	unknown	879867
gdna_med_ss_0.50_nrna_high	gdna	gdna	ambig_opp_strand	unspliced	12973
gdna_med_ss_0.50_nrna_high	gdna	mrna	ambig_same_strand	unspliced	4175
gdna_med_ss_0.50_nrna_high	gdna	nrna	ambig_opp_strand	unspliced	1629
gdna_med_ss_0.50_nrna_high	gdna	nrna	ambig_same_strand	unspliced	3210
gdna_med_ss_0.50_nrna_high	gdna	mrna	ambig_opp_strand	unspliced	1083
gdna_med_ss_0.50_nrna_high	gdna	gdna	unambig	unspliced	166
gdna_med_ss_0.50_nrna_high	gdna	unresolved	.	unspliced	135
gdna_med_ss_0.50_nrna_high	mrna	nrna	ambig_opp_strand	unspliced	3287
gdna_med_ss_0.50_nrna_high	mrna	mrna	ambig_opp_strand	spliced_implicit	756
gdna_med_ss_0.99_nrna_high	mrna	mrna	ambig_same_strand	unspliced	613556
gdna_med_ss_0.99_nrna_high	mrna	mrna	ambig_same_strand	spliced_annot	151872
gdna_med_ss_0.99_nrna_high	mrna	nrna	ambig_same_strand	unspliced	39976
gdna_med_ss_0.99_nrna_high	mrna	gdna	ambig_same_strand	unspliced	8766
gdna_med_ss_0.99_nrna_high	mrna	mrna	ambig_same_strand	spliced_implicit	2357
gdna_med_ss_0.99_nrna_high	mrna	mrna	unambig	spliced_annot	37682
gdna_med_ss_0.99_nrna_high	mrna	mrna	ambig_opp_strand	unspliced	134569
gdna_med_ss_0.99_nrna_high	mrna	gdna	ambig_opp_strand	unspliced	2358
gdna_med_ss_0.99_nrna_high	mrna	nrna	ambig_opp_strand	unspliced	8108
gdna_med_ss_0.99_nrna_high	nrna	nrna	ambig_same_strand	unspliced	141480
gdna_med_ss_0.99_nrna_high	nrna	nrna	ambig_opp_strand	unspliced	54105
gdna_med_ss_0.99_nrna_high	nrna	mrna	ambig_opp_strand	unspliced	10078
gdna_med_ss_0.99_nrna_high	nrna	gdna	ambig_opp_strand	unspliced	8024
gdna_med_ss_0.99_nrna_high	nrna	mrna	ambig_same_strand	unspliced	35218
gdna_med_ss_0.99_nrna_high	nrna	gdna	ambig_same_strand	unspliced	26929
gdna_med_ss_0.99_nrna_high	nrna	unresolved	.	unspliced	51
gdna_med_ss_0.99_nrna_high	gdna	gdna	ambig_same_strand	unspliced	94613
gdna_med_ss_0.99_nrna_high	gdna	gdna	.	unknown	879867
gdna_med_ss_0.99_nrna_high	gdna	gdna	ambig_opp_strand	unspliced	12611
gdna_med_ss_0.99_nrna_high	gdna	nrna	ambig_same_strand	unspliced	5959
gdna_med_ss_0.99_nrna_high	gdna	mrna	ambig_same_strand	unspliced	3575
gdna_med_ss_0.99_nrna_high	gdna	nrna	ambig_opp_strand	unspliced	2151
gdna_med_ss_0.99_nrna_high	gdna	mrna	ambig_opp_strand	unspliced	923
gdna_med_ss_0.99_nrna_high	gdna	gdna	unambig	unspliced	166
gdna_med_ss_0.99_nrna_high	gdna	unresolved	.	unspliced	135
gdna_med_ss_0.99_nrna_high	mrna	mrna	ambig_opp_strand	spliced_implicit	756
gdna_high_ss_0.50_nrna_high	mrna	mrna	ambig_same_strand	unspliced	598903
gdna_high_ss_0.50_nrna_high	mrna	gdna	ambig_same_strand	unspliced	39337
gdna_high_ss_0.50_nrna_high	mrna	nrna	ambig_same_strand	unspliced	24528
gdna_high_ss_0.50_nrna_high	mrna	mrna	ambig_same_strand	spliced_annot	151732
gdna_high_ss_0.50_nrna_high	mrna	mrna	ambig_same_strand	spliced_implicit	2364
gdna_high_ss_0.50_nrna_high	mrna	mrna	unambig	spliced_annot	37369
gdna_high_ss_0.50_nrna_high	mrna	mrna	ambig_opp_strand	unspliced	131445
gdna_high_ss_0.50_nrna_high	mrna	gdna	ambig_opp_strand	unspliced	10342
gdna_high_ss_0.50_nrna_high	nrna	nrna	ambig_same_strand	unspliced	78894
gdna_high_ss_0.50_nrna_high	nrna	nrna	ambig_opp_strand	unspliced	30035
gdna_high_ss_0.50_nrna_high	nrna	gdna	ambig_same_strand	unspliced	90413
gdna_high_ss_0.50_nrna_high	nrna	gdna	ambig_opp_strand	unspliced	31409
gdna_high_ss_0.50_nrna_high	nrna	mrna	ambig_opp_strand	unspliced	10772
gdna_high_ss_0.50_nrna_high	nrna	mrna	ambig_same_strand	unspliced	34310
gdna_high_ss_0.50_nrna_high	nrna	unresolved	.	unspliced	52
gdna_high_ss_0.50_nrna_high	gdna	gdna	.	unknown	1759164
gdna_high_ss_0.50_nrna_high	gdna	gdna	ambig_same_strand	unspliced	195105
gdna_high_ss_0.50_nrna_high	gdna	gdna	ambig_opp_strand	unspliced	26438
gdna_high_ss_0.50_nrna_high	gdna	nrna	ambig_opp_strand	unspliced	2831
gdna_high_ss_0.50_nrna_high	gdna	mrna	ambig_same_strand	unspliced	7857
gdna_high_ss_0.50_nrna_high	gdna	nrna	ambig_same_strand	unspliced	5923
gdna_high_ss_0.50_nrna_high	gdna	mrna	ambig_opp_strand	unspliced	2086
gdna_high_ss_0.50_nrna_high	gdna	gdna	unambig	unspliced	373
gdna_high_ss_0.50_nrna_high	gdna	unresolved	.	unspliced	223
gdna_high_ss_0.50_nrna_high	mrna	nrna	ambig_opp_strand	unspliced	3201
gdna_high_ss_0.50_nrna_high	mrna	mrna	ambig_opp_strand	spliced_implicit	778
gdna_high_ss_0.50_nrna_high	mrna	gdna	unambig	unspliced	1
gdna_high_ss_0.99_nrna_high	mrna	mrna	ambig_same_strand	unspliced	611376
gdna_high_ss_0.99_nrna_high	mrna	nrna	ambig_same_strand	unspliced	37025
gdna_high_ss_0.99_nrna_high	mrna	mrna	ambig_same_strand	spliced_annot	151732
gdna_high_ss_0.99_nrna_high	mrna	gdna	ambig_same_strand	unspliced	14367
gdna_high_ss_0.99_nrna_high	mrna	mrna	ambig_same_strand	spliced_implicit	2364
gdna_high_ss_0.99_nrna_high	mrna	mrna	unambig	spliced_annot	37369
gdna_high_ss_0.99_nrna_high	mrna	mrna	ambig_opp_strand	unspliced	133472
gdna_high_ss_0.99_nrna_high	mrna	gdna	ambig_opp_strand	unspliced	4117
gdna_high_ss_0.99_nrna_high	mrna	nrna	ambig_opp_strand	unspliced	7399
gdna_high_ss_0.99_nrna_high	nrna	nrna	ambig_same_strand	unspliced	131384
gdna_high_ss_0.99_nrna_high	nrna	nrna	ambig_opp_strand	unspliced	50464
gdna_high_ss_0.99_nrna_high	nrna	gdna	ambig_same_strand	unspliced	37374
gdna_high_ss_0.99_nrna_high	nrna	gdna	ambig_opp_strand	unspliced	11596
gdna_high_ss_0.99_nrna_high	nrna	mrna	ambig_opp_strand	unspliced	10156
gdna_high_ss_0.99_nrna_high	nrna	mrna	ambig_same_strand	unspliced	34859
gdna_high_ss_0.99_nrna_high	nrna	unresolved	.	unspliced	52
gdna_high_ss_0.99_nrna_high	gdna	gdna	.	unknown	1759164
gdna_high_ss_0.99_nrna_high	gdna	gdna	ambig_same_strand	unspliced	193500
gdna_high_ss_0.99_nrna_high	gdna	gdna	ambig_opp_strand	unspliced	26260
gdna_high_ss_0.99_nrna_high	gdna	nrna	ambig_same_strand	unspliced	9220
gdna_high_ss_0.99_nrna_high	gdna	mrna	ambig_same_strand	unspliced	6165
gdna_high_ss_0.99_nrna_high	gdna	nrna	ambig_opp_strand	unspliced	3468
gdna_high_ss_0.99_nrna_high	gdna	gdna	unambig	unspliced	373
gdna_high_ss_0.99_nrna_high	gdna	mrna	ambig_opp_strand	unspliced	1627
gdna_high_ss_0.99_nrna_high	gdna	unresolved	.	unspliced	223
gdna_high_ss_0.99_nrna_high	mrna	mrna	ambig_opp_strand	spliced_implicit	778
gdna_high_ss_0.99_nrna_high	mrna	gdna	unambig	unspliced	1
