strand_specificity	n_rna_fragments	gdna_fraction	TA1	NTA1	TD	TE	NTD	NTE	gdna	prior_pseudocount	TA1_expected	TD_expected	TE_expected	TA1_observed	TD_observed	TE_observed	TA1_abs_diff	TD_abs_diff	TE_abs_diff	TA1_rel_err	TD_rel_err	TE_rel_err	nrna_expected	nrna_observed	nrna_abs_diff	nrna_rel_err	gdna_expected	gdna_observed	gdna_abs_diff	total_mrna_expected	total_mrna_observed	total_mrna_rel_err	total_rna_expected	total_rna_observed	total_rna_rel_err	n_fragments_actual	n_intergenic	n_chimeric	rna_fl_true_mean	rna_fl_est_mean	rna_fl_mean_err	rna_fl_true_std	rna_fl_est_std	gdna_fl_true_mean	gdna_fl_est_mean	gdna_fl_mean_err	gdna_fl_true_std	gdna_fl_est_std	rna_fl_n_obs	gdna_fl_n_obs	cal_kappa_true	cal_kappa_est	cal_kappa_err	cal_density_est	cal_gdna_fl_true_mean	cal_gdna_fl_est_mean	cal_gdna_fl_mean_err	cal_gdna_fl_true_std	cal_gdna_fl_est_std	cal_n_seed	cal_n_iterations	cal_converged	cal_mean_weight	cal_n_regions
0.9	10000	0.0	50	0	0	0	0	0	0	0.1	10000	0	0	10000.0	0.0	0.0	0.0	0.0	0.0	0.0	0.0	0.0	0	0.0	0.0	0.0	0	0.0	0.0	10000	10000.0	0.0	10000	10000.0	0.0	10000	0	0	250	259.18	9.18	50	47.49	250.0			50.0		2021	0		2.0		0.0000e+00	250.0			50.0		π=0.000	0	True	0.3846	13
0.9	10000	0.0	50	0	0	0	0	0	0	0.5	10000	0	0	10000.0	0.0	0.0	0.0	0.0	0.0	0.0	0.0	0.0	0	0.0	0.0	0.0	0	0.0	0.0	10000	10000.0	0.0	10000	10000.0	0.0	10000	0	0	250	259.18	9.18	50	47.49	250.0			50.0		2021	0		2.0		0.0000e+00	250.0			50.0		π=0.000	0	True	0.3846	13
0.9	10000	0.0	50	0	0	0	0	0	0	1.0	10000	0	0	10000.0	0.0	0.0	0.0	0.0	0.0	0.0	0.0	0.0	0	0.0	0.0	0.0	0	0.0	0.0	10000	10000.0	0.0	10000	10000.0	0.0	10000	0	0	250	259.18	9.18	50	47.49	250.0			50.0		2021	0		2.0		0.0000e+00	250.0			50.0		π=0.000	0	True	0.3846	13
0.9	10000	0.0	50	0	0	0	0	0	0	5.0	10000	0	0	10000.0	0.0	0.0	0.0	0.0	0.0	0.0	0.0	0.0	0	0.0	0.0	0.0	0	0.0	0.0	10000	10000.0	0.0	10000	10000.0	0.0	10000	0	0	250	259.18	9.18	50	47.49	250.0			50.0		2021	0		2.0		0.0000e+00	250.0			50.0		π=0.000	0	True	0.3846	13
0.9	10000	0.0	50	50	0	0	0	0	0	0.1	976	0	0	982.96	0.0	0.0	6.96	0.0	0.0	0.0071	0.0	0.0	9024	9016.97	7.03	0.0008	0	0.06	0.06	976	982.96	0.0071	10000	9999.94	0.0	10000	0	0	250	258.11	8.11	50	47.25	250.0			50.0		208	0		2.0		2.7034e-01	250.0			50.0		π=0.400	0	True	0.4615	13
0.9	10000	0.0	50	50	0	0	0	0	0	0.5	976	0	0	982.96	0.0	0.0	6.96	0.0	0.0	0.0071	0.0	0.0	9024	9016.62	7.38	0.0008	0	0.43	0.43	976	982.96	0.0071	10000	9999.57	0.0	10000	0	0	250	258.11	8.11	50	47.25	250.0			50.0		208	0		2.0		2.7034e-01	250.0			50.0		π=0.400	0	True	0.4615	13
0.9	10000	0.0	50	50	0	0	0	0	0	1.0	976	0	0	982.96	0.0	0.0	6.96	0.0	0.0	0.0071	0.0	0.0	9024	9015.31	8.69	0.001	0	1.73	1.73	976	982.96	0.0071	10000	9998.27	0.0002	10000	0	0	250	258.11	8.11	50	47.25	250.0			50.0		208	0		2.0		2.7034e-01	250.0			50.0		π=0.400	0	True	0.4615	13
0.9	10000	0.0	50	50	0	0	0	0	0	5.0	976	0	0	983.02	0.0	0.0	7.02	0.0	0.0	0.0072	0.0	0.0	9024	9002.26	21.74	0.0024	0	14.73	14.73	976	983.02	0.0072	10000	9985.27	0.0015	10000	0	0	250	258.11	8.11	50	47.25	250.0			50.0		208	0		2.0		2.7034e-01	250.0			50.0		π=0.400	0	True	0.4615	13
0.9	10000	0.0	50	200	0	0	0	0	0	0.1	263	0	0	289.27	0.0	0.0	26.27	0.0	0.0	0.0999	0.0	0.0	9737	9710.66	26.34	0.0027	0	0.07	0.07	263	289.27	0.0999	10000	9999.93	0.0	10000	0	0	250	254.62	4.62	50	35.66	250.0			50.0		60	0		2.0		2.9131e-01	250.0			50.0		π=0.400	0	True	0.4615	13
0.9	10000	0.0	50	200	0	0	0	0	0	0.5	263	0	0	289.27	0.0	0.0	26.27	0.0	0.0	0.0999	0.0	0.0	9737	9710.17	26.83	0.0028	0	0.56	0.56	263	289.27	0.0999	10000	9999.44	0.0001	10000	0	0	250	254.62	4.62	50	35.66	250.0			50.0		60	0		2.0		2.9131e-01	250.0			50.0		π=0.400	0	True	0.4615	13
0.9	10000	0.0	50	200	0	0	0	0	0	1.0	263	0	0	289.27	0.0	0.0	26.27	0.0	0.0	0.0999	0.0	0.0	9737	9707.88	29.12	0.003	0	2.84	2.84	263	289.27	0.0999	10000	9997.16	0.0003	10000	0	0	250	254.62	4.62	50	35.66	250.0			50.0		60	0		2.0		2.9131e-01	250.0			50.0		π=0.400	0	True	0.4615	13
0.9	10000	0.0	50	200	0	0	0	0	0	5.0	263	0	0	289.3	0.0	0.0	26.3	0.0	0.0	0.1	0.0	0.0	9737	9686.46	50.54	0.0052	0	24.24	24.24	263	289.3	0.1	10000	9975.76	0.0024	10000	0	0	250	254.62	4.62	50	35.66	250.0			50.0		60	0		2.0		2.9131e-01	250.0			50.0		π=0.400	0	True	0.4615	13
0.9	10000	0.0	200	0	0	0	0	0	0	0.1	10000	0	0	10000.0	0.0	0.0	0.0	0.0	0.0	0.0	0.0	0.0	0	0.0	0.0	0.0	0	0.0	0.0	10000	10000.0	0.0	10000	10000.0	0.0	10000	0	0	250	259.18	9.18	50	47.49	250.0			50.0		2021	0		2.0		0.0000e+00	250.0			50.0		π=0.000	0	True	0.3846	13
0.9	10000	0.0	200	0	0	0	0	0	0	0.5	10000	0	0	10000.0	0.0	0.0	0.0	0.0	0.0	0.0	0.0	0.0	0	0.0	0.0	0.0	0	0.0	0.0	10000	10000.0	0.0	10000	10000.0	0.0	10000	0	0	250	259.18	9.18	50	47.49	250.0			50.0		2021	0		2.0		0.0000e+00	250.0			50.0		π=0.000	0	True	0.3846	13
0.9	10000	0.0	200	0	0	0	0	0	0	1.0	10000	0	0	10000.0	0.0	0.0	0.0	0.0	0.0	0.0	0.0	0.0	0	0.0	0.0	0.0	0	0.0	0.0	10000	10000.0	0.0	10000	10000.0	0.0	10000	0	0	250	259.18	9.18	50	47.49	250.0			50.0		2021	0		2.0		0.0000e+00	250.0			50.0		π=0.000	0	True	0.3846	13
0.9	10000	0.0	200	0	0	0	0	0	0	5.0	10000	0	0	10000.0	0.0	0.0	0.0	0.0	0.0	0.0	0.0	0.0	0	0.0	0.0	0.0	0	0.0	0.0	10000	10000.0	0.0	10000	10000.0	0.0	10000	0	0	250	259.18	9.18	50	47.49	250.0			50.0		2021	0		2.0		0.0000e+00	250.0			50.0		π=0.000	0	True	0.3846	13
0.9	10000	0.0	200	50	0	0	0	0	0	0.1	3020	0	0	3043.38	0.0	0.0	23.38	0.0	0.0	0.0077	0.0	0.0	6980	6956.59	23.41	0.0034	0	0.03	0.03	3020	3043.38	0.0077	10000	9999.97	0.0	10000	0	0	250	258.77	8.77	50	49.46	250.0			50.0		663	0		2.0		2.0898e-01	250.0			50.0		π=0.400	0	True	0.4615	13
0.9	10000	0.0	200	50	0	0	0	0	0	0.5	3020	0	0	3043.37	0.0	0.0	23.37	0.0	0.0	0.0077	0.0	0.0	6980	6956.46	23.54	0.0034	0	0.17	0.17	3020	3043.37	0.0077	10000	9999.83	0.0	10000	0	0	250	258.77	8.77	50	49.46	250.0			50.0		663	0		2.0		2.0898e-01	250.0			50.0		π=0.400	0	True	0.4615	13
0.9	10000	0.0	200	50	0	0	0	0	0	1.0	3020	0	0	3043.36	0.0	0.0	23.36	0.0	0.0	0.0077	0.0	0.0	6980	6956.23	23.77	0.0034	0	0.41	0.41	3020	3043.36	0.0077	10000	9999.59	0.0	10000	0	0	250	258.77	8.77	50	49.46	250.0			50.0		663	0		2.0		2.0898e-01	250.0			50.0		π=0.400	0	True	0.4615	13
0.9	10000	0.0	200	50	0	0	0	0	0	5.0	3020	0	0	3043.32	0.0	0.0	23.32	0.0	0.0	0.0077	0.0	0.0	6980	6953.82	26.18	0.0038	0	2.86	2.86	3020	3043.32	0.0077	10000	9997.14	0.0003	10000	0	0	250	258.77	8.77	50	49.46	250.0			50.0		663	0		2.0		2.0898e-01	250.0			50.0		π=0.400	0	True	0.4615	13
0.9	10000	0.0	200	200	0	0	0	0	0	0.1	976	0	0	982.96	0.0	0.0	6.96	0.0	0.0	0.0071	0.0	0.0	9024	9016.97	7.03	0.0008	0	0.06	0.06	976	982.96	0.0071	10000	9999.94	0.0	10000	0	0	250	258.11	8.11	50	47.25	250.0			50.0		208	0		2.0		2.7034e-01	250.0			50.0		π=0.400	0	True	0.4615	13
0.9	10000	0.0	200	200	0	0	0	0	0	0.5	976	0	0	982.96	0.0	0.0	6.96	0.0	0.0	0.0071	0.0	0.0	9024	9016.62	7.38	0.0008	0	0.43	0.43	976	982.96	0.0071	10000	9999.57	0.0	10000	0	0	250	258.11	8.11	50	47.25	250.0			50.0		208	0		2.0		2.7034e-01	250.0			50.0		π=0.400	0	True	0.4615	13
0.9	10000	0.0	200	200	0	0	0	0	0	1.0	976	0	0	982.96	0.0	0.0	6.96	0.0	0.0	0.0071	0.0	0.0	9024	9015.31	8.69	0.001	0	1.73	1.73	976	982.96	0.0071	10000	9998.27	0.0002	10000	0	0	250	258.11	8.11	50	47.25	250.0			50.0		208	0		2.0		2.7034e-01	250.0			50.0		π=0.400	0	True	0.4615	13
0.9	10000	0.0	200	200	0	0	0	0	0	5.0	976	0	0	983.02	0.0	0.0	7.02	0.0	0.0	0.0072	0.0	0.0	9024	9002.26	21.74	0.0024	0	14.73	14.73	976	983.02	0.0072	10000	9985.27	0.0015	10000	0	0	250	258.11	8.11	50	47.25	250.0			50.0		208	0		2.0		2.7034e-01	250.0			50.0		π=0.400	0	True	0.4615	13
0.9	10000	0.0	1000	0	0	0	0	0	0	0.1	10000	0	0	10000.0	0.0	0.0	0.0	0.0	0.0	0.0	0.0	0.0	0	0.0	0.0	0.0	0	0.0	0.0	10000	10000.0	0.0	10000	10000.0	0.0	10000	0	0	250	259.18	9.18	50	47.49	250.0			50.0		2021	0		2.0		0.0000e+00	250.0			50.0		π=0.000	0	True	0.3846	13
0.9	10000	0.0	1000	0	0	0	0	0	0	0.5	10000	0	0	10000.0	0.0	0.0	0.0	0.0	0.0	0.0	0.0	0.0	0	0.0	0.0	0.0	0	0.0	0.0	10000	10000.0	0.0	10000	10000.0	0.0	10000	0	0	250	259.18	9.18	50	47.49	250.0			50.0		2021	0		2.0		0.0000e+00	250.0			50.0		π=0.000	0	True	0.3846	13
0.9	10000	0.0	1000	0	0	0	0	0	0	1.0	10000	0	0	10000.0	0.0	0.0	0.0	0.0	0.0	0.0	0.0	0.0	0	0.0	0.0	0.0	0	0.0	0.0	10000	10000.0	0.0	10000	10000.0	0.0	10000	0	0	250	259.18	9.18	50	47.49	250.0			50.0		2021	0		2.0		0.0000e+00	250.0			50.0		π=0.000	0	True	0.3846	13
0.9	10000	0.0	1000	0	0	0	0	0	0	5.0	10000	0	0	10000.0	0.0	0.0	0.0	0.0	0.0	0.0	0.0	0.0	0	0.0	0.0	0.0	0	0.0	0.0	10000	10000.0	0.0	10000	10000.0	0.0	10000	0	0	250	259.18	9.18	50	47.49	250.0			50.0		2021	0		2.0		0.0000e+00	250.0			50.0		π=0.000	0	True	0.3846	13
0.9	10000	0.0	1000	50	0	0	0	0	0	0.1	6839	0	0	6849.15	0.0	0.0	10.15	0.0	0.0	0.0015	0.0	0.0	3161	3150.84	10.16	0.0032	0	0.01	0.01	6839	6849.15	0.0015	10000	9999.99	0.0	10000	0	0	250	260.83	10.83	50	48.33	250.0			50.0		1437	0		2.0		9.4324e-02	250.0			50.0		π=0.400	0	True	0.4615	13
0.9	10000	0.0	1000	50	0	0	0	0	0	0.5	6839	0	0	6849.13	0.0	0.0	10.13	0.0	0.0	0.0015	0.0	0.0	3161	3150.8	10.2	0.0032	0	0.07	0.07	6839	6849.13	0.0015	10000	9999.93	0.0	10000	0	0	250	260.83	10.83	50	48.33	250.0			50.0		1437	0		2.0		9.4324e-02	250.0			50.0		π=0.400	0	True	0.4615	13
0.9	10000	0.0	1000	50	0	0	0	0	0	1.0	6839	0	0	6849.11	0.0	0.0	10.11	0.0	0.0	0.0015	0.0	0.0	3161	3150.74	10.26	0.0032	0	0.15	0.15	6839	6849.11	0.0015	10000	9999.85	0.0	10000	0	0	250	260.83	10.83	50	48.33	250.0			50.0		1437	0		2.0		9.4324e-02	250.0			50.0		π=0.400	0	True	0.4615	13
0.9	10000	0.0	1000	50	0	0	0	0	0	5.0	6839	0	0	6848.98	0.0	0.0	9.98	0.0	0.0	0.0015	0.0	0.0	3161	3149.87	11.13	0.0035	0	1.14	1.14	6839	6848.98	0.0015	10000	9998.86	0.0001	10000	0	0	250	260.83	10.83	50	48.33	250.0			50.0		1437	0		2.0		9.4324e-02	250.0			50.0		π=0.400	0	True	0.4615	13
0.9	10000	0.0	1000	200	0	0	0	0	0	0.1	3510	0	0	3532.73	0.0	0.0	22.73	0.0	0.0	0.0065	0.0	0.0	6490	6467.24	22.76	0.0035	0	0.03	0.03	3510	3532.73	0.0065	10000	9999.97	0.0	10000	0	0	250	257.02	7.02	50	47.23	250.0			50.0		757	0		2.0		1.9383e-01	250.0			50.0		π=0.400	0	True	0.4615	13
0.9	10000	0.0	1000	200	0	0	0	0	0	0.5	3510	0	0	3532.72	0.0	0.0	22.72	0.0	0.0	0.0065	0.0	0.0	6490	6467.13	22.87	0.0035	0	0.14	0.14	3510	3532.72	0.0065	10000	9999.86	0.0	10000	0	0	250	257.02	7.02	50	47.23	250.0			50.0		757	0		2.0		1.9383e-01	250.0			50.0		π=0.400	0	True	0.4615	13
0.9	10000	0.0	1000	200	0	0	0	0	0	1.0	3510	0	0	3532.71	0.0	0.0	22.71	0.0	0.0	0.0065	0.0	0.0	6490	6466.95	23.05	0.0036	0	0.34	0.34	3510	3532.71	0.0065	10000	9999.66	0.0	10000	0	0	250	257.02	7.02	50	47.23	250.0			50.0		757	0		2.0		1.9383e-01	250.0			50.0		π=0.400	0	True	0.4615	13
0.9	10000	0.0	1000	200	0	0	0	0	0	5.0	3510	0	0	3532.66	0.0	0.0	22.66	0.0	0.0	0.0065	0.0	0.0	6490	6464.96	25.04	0.0039	0	2.38	2.38	3510	3532.66	0.0065	10000	9997.62	0.0002	10000	0	0	250	257.02	7.02	50	47.23	250.0			50.0		757	0		2.0		1.9383e-01	250.0			50.0		π=0.400	0	True	0.4615	13
0.9	10000	0.3	50	0	0	0	0	0	0	0.1	10000	0	0	9993.35	0.0	0.0	6.65	0.0	0.0	0.0007	0.0	0.0	0	32.45	32.45	0.0	3000	2974.2	25.8	10000	9993.35	0.0007	10000	10025.8	0.0026	13000	1794	0	250	259.18	9.18	50	47.49	250.0	247.95	-2.05	50.0	49.67	2021	1794		2.0		5.9826e-02	250.0	247.95	-2.05	50.0	49.67	π=0.769	0	True	0.7692	13
0.9	10000	0.3	50	0	0	0	0	0	0	0.5	10000	0	0	9993.37	0.0	0.0	6.63	0.0	0.0	0.0007	0.0	0.0	0	38.15	38.15	0.0	3000	2968.48	31.52	10000	9993.37	0.0007	10000	10031.52	0.0032	13000	1794	0	250	259.18	9.18	50	47.49	250.0	247.95	-2.05	50.0	49.67	2021	1794		2.0		5.9826e-02	250.0	247.95	-2.05	50.0	49.67	π=0.769	0	True	0.7692	13
0.9	10000	0.3	50	0	0	0	0	0	0	1.0	10000	0	0	9993.38	0.0	0.0	6.62	0.0	0.0	0.0007	0.0	0.0	0	43.16	43.16	0.0	3000	2963.46	36.54	10000	9993.38	0.0007	10000	10036.54	0.0037	13000	1794	0	250	259.18	9.18	50	47.49	250.0	247.95	-2.05	50.0	49.67	2021	1794		2.0		5.9826e-02	250.0	247.95	-2.05	50.0	49.67	π=0.769	0	True	0.7692	13
0.9	10000	0.3	50	0	0	0	0	0	0	5.0	10000	0	0	9993.34	0.0	0.0	6.66	0.0	0.0	0.0007	0.0	0.0	0	65.58	65.58	0.0	3000	2941.08	58.92	10000	9993.34	0.0007	10000	10058.92	0.0059	13000	1794	0	250	259.18	9.18	50	47.49	250.0	247.95	-2.05	50.0	49.67	2021	1794		2.0		5.9826e-02	250.0	247.95	-2.05	50.0	49.67	π=0.769	0	True	0.7692	13
0.9	10000	0.3	50	50	0	0	0	0	0	0.1	976	0	0	769.3	0.0	0.0	206.7	0.0	0.0	0.2118	0.0	0.0	9024	0.0	9024.0	1.0	3000	12230.7	9230.7	976	769.3	0.2118	10000	769.3	0.9231	13000	1796	0	250	258.11	8.11	50	47.25	250.0	246.69	-3.31	50.0	50.44	208	1796		2.0		2.2430e-01	250.0	246.69	-3.31	50.0	50.44	π=0.769	0	True	0.7692	13
0.9	10000	0.3	50	50	0	0	0	0	0	0.5	976	0	0	769.29	0.0	0.0	206.71	0.0	0.0	0.2118	0.0	0.0	9024	0.0	9024.0	1.0	3000	12230.71	9230.71	976	769.29	0.2118	10000	769.29	0.9231	13000	1796	0	250	258.11	8.11	50	47.25	250.0	246.69	-3.31	50.0	50.44	208	1796		2.0		2.2430e-01	250.0	246.69	-3.31	50.0	50.44	π=0.769	0	True	0.7692	13
0.9	10000	0.3	50	50	0	0	0	0	0	1.0	976	0	0	769.27	0.0	0.0	206.73	0.0	0.0	0.2118	0.0	0.0	9024	0.0	9024.0	1.0	3000	12230.73	9230.73	976	769.27	0.2118	10000	769.27	0.9231	13000	1796	0	250	258.11	8.11	50	47.25	250.0	246.69	-3.31	50.0	50.44	208	1796		2.0		2.2430e-01	250.0	246.69	-3.31	50.0	50.44	π=0.769	0	True	0.7692	13
0.9	10000	0.3	50	50	0	0	0	0	0	5.0	976	0	0	769.11	0.0	0.0	206.89	0.0	0.0	0.212	0.0	0.0	9024	6.84	9017.16	0.9992	3000	12224.05	9224.05	976	769.11	0.212	10000	775.95	0.9224	13000	1796	0	250	258.11	8.11	50	47.25	250.0	246.69	-3.31	50.0	50.44	208	1796		2.0		2.2430e-01	250.0	246.69	-3.31	50.0	50.44	π=0.769	0	True	0.7692	13
0.9	10000	0.3	50	200	0	0	0	0	0	0.1	263	0	0	157.82	0.0	0.0	105.18	0.0	0.0	0.3999	0.0	0.0	9737	0.0	9737.0	1.0	3000	12842.18	9842.18	263	157.82	0.3999	10000	157.82	0.9842	13000	1799	0	250	254.62	4.62	50	35.66	250.0	248.12	-1.88	50.0	48.76	60	1799		2.0		2.3692e-01	250.0	248.12	-1.88	50.0	48.76	π=0.769	0	True	0.7692	13
0.9	10000	0.3	50	200	0	0	0	0	0	0.5	263	0	0	157.82	0.0	0.0	105.18	0.0	0.0	0.3999	0.0	0.0	9737	0.0	9737.0	1.0	3000	12842.18	9842.18	263	157.82	0.3999	10000	157.82	0.9842	13000	1799	0	250	254.62	4.62	50	35.66	250.0	248.12	-1.88	50.0	48.76	60	1799		2.0		2.3692e-01	250.0	248.12	-1.88	50.0	48.76	π=0.769	0	True	0.7692	13
0.9	10000	0.3	50	200	0	0	0	0	0	1.0	263	0	0	157.82	0.0	0.0	105.18	0.0	0.0	0.3999	0.0	0.0	9737	0.0	9737.0	1.0	3000	12842.18	9842.18	263	157.82	0.3999	10000	157.82	0.9842	13000	1799	0	250	254.62	4.62	50	35.66	250.0	248.12	-1.88	50.0	48.76	60	1799		2.0		2.3692e-01	250.0	248.12	-1.88	50.0	48.76	π=0.769	0	True	0.7692	13
0.9	10000	0.3	50	200	0	0	0	0	0	5.0	263	0	0	157.82	0.0	0.0	105.18	0.0	0.0	0.3999	0.0	0.0	9737	0.78	9736.22	0.9999	3000	12841.39	9841.39	263	157.82	0.3999	10000	158.61	0.9841	13000	1799	0	250	254.62	4.62	50	35.66	250.0	248.12	-1.88	50.0	48.76	60	1799		2.0		2.3692e-01	250.0	248.12	-1.88	50.0	48.76	π=0.769	0	True	0.7692	13
0.9	10000	0.3	200	0	0	0	0	0	0	0.1	10000	0	0	9993.35	0.0	0.0	6.65	0.0	0.0	0.0007	0.0	0.0	0	32.45	32.45	0.0	3000	2974.2	25.8	10000	9993.35	0.0007	10000	10025.8	0.0026	13000	1794	0	250	259.18	9.18	50	47.49	250.0	247.95	-2.05	50.0	49.67	2021	1794		2.0		5.9826e-02	250.0	247.95	-2.05	50.0	49.67	π=0.769	0	True	0.7692	13
0.9	10000	0.3	200	0	0	0	0	0	0	0.5	10000	0	0	9993.37	0.0	0.0	6.63	0.0	0.0	0.0007	0.0	0.0	0	38.15	38.15	0.0	3000	2968.48	31.52	10000	9993.37	0.0007	10000	10031.52	0.0032	13000	1794	0	250	259.18	9.18	50	47.49	250.0	247.95	-2.05	50.0	49.67	2021	1794		2.0		5.9826e-02	250.0	247.95	-2.05	50.0	49.67	π=0.769	0	True	0.7692	13
0.9	10000	0.3	200	0	0	0	0	0	0	1.0	10000	0	0	9993.38	0.0	0.0	6.62	0.0	0.0	0.0007	0.0	0.0	0	43.16	43.16	0.0	3000	2963.46	36.54	10000	9993.38	0.0007	10000	10036.54	0.0037	13000	1794	0	250	259.18	9.18	50	47.49	250.0	247.95	-2.05	50.0	49.67	2021	1794		2.0		5.9826e-02	250.0	247.95	-2.05	50.0	49.67	π=0.769	0	True	0.7692	13
0.9	10000	0.3	200	0	0	0	0	0	0	5.0	10000	0	0	9993.34	0.0	0.0	6.66	0.0	0.0	0.0007	0.0	0.0	0	65.58	65.58	0.0	3000	2941.08	58.92	10000	9993.34	0.0007	10000	10058.92	0.0059	13000	1794	0	250	259.18	9.18	50	47.49	250.0	247.95	-2.05	50.0	49.67	2021	1794		2.0		5.9826e-02	250.0	247.95	-2.05	50.0	49.67	π=0.769	0	True	0.7692	13
0.9	10000	0.3	200	50	0	0	0	0	0	0.1	3020	0	0	2929.87	0.0	0.0	90.13	0.0	0.0	0.0298	0.0	0.0	6980	3475.73	3504.27	0.502	3000	6594.4	3594.4	3020	2929.87	0.0298	10000	6405.6	0.3594	13000	1783	0	250	258.77	8.77	50	49.46	250.0	248.13	-1.87	50.0	48.69	663	1783		2.0		1.8700e-01	250.0	248.13	-1.87	50.0	48.69	π=0.769	0	True	0.7692	13
0.9	10000	0.3	200	50	0	0	0	0	0	0.5	3020	0	0	2929.84	0.0	0.0	90.16	0.0	0.0	0.0299	0.0	0.0	6980	3475.42	3504.58	0.5021	3000	6594.74	3594.74	3020	2929.84	0.0299	10000	6405.26	0.3595	13000	1783	0	250	258.77	8.77	50	49.46	250.0	248.13	-1.87	50.0	48.69	663	1783		2.0		1.8700e-01	250.0	248.13	-1.87	50.0	48.69	π=0.769	0	True	0.7692	13
0.9	10000	0.3	200	50	0	0	0	0	0	1.0	3020	0	0	2929.81	0.0	0.0	90.19	0.0	0.0	0.0299	0.0	0.0	6980	3475.03	3504.97	0.5021	3000	6595.17	3595.17	3020	2929.81	0.0299	10000	6404.83	0.3595	13000	1783	0	250	258.77	8.77	50	49.46	250.0	248.13	-1.87	50.0	48.69	663	1783		2.0		1.8700e-01	250.0	248.13	-1.87	50.0	48.69	π=0.769	0	True	0.7692	13
0.9	10000	0.3	200	50	0	0	0	0	0	5.0	3020	0	0	2929.54	0.0	0.0	90.46	0.0	0.0	0.03	0.0	0.0	6980	3471.92	3508.08	0.5026	3000	6598.54	3598.54	3020	2929.54	0.03	10000	6401.46	0.3599	13000	1783	0	250	258.77	8.77	50	49.46	250.0	248.13	-1.87	50.0	48.69	663	1783		2.0		1.8700e-01	250.0	248.13	-1.87	50.0	48.69	π=0.769	0	True	0.7692	13
0.9	10000	0.3	200	200	0	0	0	0	0	0.1	976	0	0	769.3	0.0	0.0	206.7	0.0	0.0	0.2118	0.0	0.0	9024	0.0	9024.0	1.0	3000	12230.7	9230.7	976	769.3	0.2118	10000	769.3	0.9231	13000	1796	0	250	258.11	8.11	50	47.25	250.0	246.69	-3.31	50.0	50.44	208	1796		2.0		2.2430e-01	250.0	246.69	-3.31	50.0	50.44	π=0.769	0	True	0.7692	13
0.9	10000	0.3	200	200	0	0	0	0	0	0.5	976	0	0	769.29	0.0	0.0	206.71	0.0	0.0	0.2118	0.0	0.0	9024	0.0	9024.0	1.0	3000	12230.71	9230.71	976	769.29	0.2118	10000	769.29	0.9231	13000	1796	0	250	258.11	8.11	50	47.25	250.0	246.69	-3.31	50.0	50.44	208	1796		2.0		2.2430e-01	250.0	246.69	-3.31	50.0	50.44	π=0.769	0	True	0.7692	13
0.9	10000	0.3	200	200	0	0	0	0	0	1.0	976	0	0	769.27	0.0	0.0	206.73	0.0	0.0	0.2118	0.0	0.0	9024	0.0	9024.0	1.0	3000	12230.73	9230.73	976	769.27	0.2118	10000	769.27	0.9231	13000	1796	0	250	258.11	8.11	50	47.25	250.0	246.69	-3.31	50.0	50.44	208	1796		2.0		2.2430e-01	250.0	246.69	-3.31	50.0	50.44	π=0.769	0	True	0.7692	13
0.9	10000	0.3	200	200	0	0	0	0	0	5.0	976	0	0	769.11	0.0	0.0	206.89	0.0	0.0	0.212	0.0	0.0	9024	6.84	9017.16	0.9992	3000	12224.05	9224.05	976	769.11	0.212	10000	775.95	0.9224	13000	1796	0	250	258.11	8.11	50	47.25	250.0	246.69	-3.31	50.0	50.44	208	1796		2.0		2.2430e-01	250.0	246.69	-3.31	50.0	50.44	π=0.769	0	True	0.7692	13
0.9	10000	0.3	1000	0	0	0	0	0	0	0.1	10000	0	0	9993.35	0.0	0.0	6.65	0.0	0.0	0.0007	0.0	0.0	0	32.45	32.45	0.0	3000	2974.2	25.8	10000	9993.35	0.0007	10000	10025.8	0.0026	13000	1794	0	250	259.18	9.18	50	47.49	250.0	247.95	-2.05	50.0	49.67	2021	1794		2.0		5.9826e-02	250.0	247.95	-2.05	50.0	49.67	π=0.769	0	True	0.7692	13
0.9	10000	0.3	1000	0	0	0	0	0	0	0.5	10000	0	0	9993.37	0.0	0.0	6.63	0.0	0.0	0.0007	0.0	0.0	0	38.15	38.15	0.0	3000	2968.48	31.52	10000	9993.37	0.0007	10000	10031.52	0.0032	13000	1794	0	250	259.18	9.18	50	47.49	250.0	247.95	-2.05	50.0	49.67	2021	1794		2.0		5.9826e-02	250.0	247.95	-2.05	50.0	49.67	π=0.769	0	True	0.7692	13
0.9	10000	0.3	1000	0	0	0	0	0	0	1.0	10000	0	0	9993.38	0.0	0.0	6.62	0.0	0.0	0.0007	0.0	0.0	0	43.16	43.16	0.0	3000	2963.46	36.54	10000	9993.38	0.0007	10000	10036.54	0.0037	13000	1794	0	250	259.18	9.18	50	47.49	250.0	247.95	-2.05	50.0	49.67	2021	1794		2.0		5.9826e-02	250.0	247.95	-2.05	50.0	49.67	π=0.769	0	True	0.7692	13
0.9	10000	0.3	1000	0	0	0	0	0	0	5.0	10000	0	0	9993.34	0.0	0.0	6.66	0.0	0.0	0.0007	0.0	0.0	0	65.58	65.58	0.0	3000	2941.08	58.92	10000	9993.34	0.0007	10000	10058.92	0.0059	13000	1794	0	250	259.18	9.18	50	47.49	250.0	247.95	-2.05	50.0	49.67	2021	1794		2.0		5.9826e-02	250.0	247.95	-2.05	50.0	49.67	π=0.769	0	True	0.7692	13
0.9	10000	0.3	1000	50	0	0	0	0	0	0.1	6839	0	0	6802.78	0.0	0.0	36.22	0.0	0.0	0.0053	0.0	0.0	3161	2460.25	700.75	0.2217	3000	3736.97	736.97	6839	6802.78	0.0053	10000	9263.03	0.0737	13000	1836	0	250	260.83	10.83	50	48.33	250.0	246.76	-3.24	50.0	49.4	1437	1836		2.0		1.1723e-01	250.0	246.76	-3.24	50.0	49.4	π=0.769	0	True	0.7692	13
0.9	10000	0.3	1000	50	0	0	0	0	0	0.5	6839	0	0	6802.76	0.0	0.0	36.24	0.0	0.0	0.0053	0.0	0.0	3161	2460.2	700.8	0.2217	3000	3737.04	737.04	6839	6802.76	0.0053	10000	9262.96	0.0737	13000	1836	0	250	260.83	10.83	50	48.33	250.0	246.76	-3.24	50.0	49.4	1437	1836		2.0		1.1723e-01	250.0	246.76	-3.24	50.0	49.4	π=0.769	0	True	0.7692	13
0.9	10000	0.3	1000	50	0	0	0	0	0	1.0	6839	0	0	6802.72	0.0	0.0	36.28	0.0	0.0	0.0053	0.0	0.0	3161	2460.14	700.86	0.2217	3000	3737.14	737.14	6839	6802.72	0.0053	10000	9262.86	0.0737	13000	1836	0	250	260.83	10.83	50	48.33	250.0	246.76	-3.24	50.0	49.4	1437	1836		2.0		1.1723e-01	250.0	246.76	-3.24	50.0	49.4	π=0.769	0	True	0.7692	13
0.9	10000	0.3	1000	50	0	0	0	0	0	5.0	6839	0	0	6802.46	0.0	0.0	36.54	0.0	0.0	0.0053	0.0	0.0	3161	2459.65	701.35	0.2219	3000	3737.89	737.89	6839	6802.46	0.0053	10000	9262.11	0.0738	13000	1836	0	250	260.83	10.83	50	48.33	250.0	246.76	-3.24	50.0	49.4	1437	1836		2.0		1.1723e-01	250.0	246.76	-3.24	50.0	49.4	π=0.769	0	True	0.7692	13
0.9	10000	0.3	1000	200	0	0	0	0	0	0.1	3510	0	0	3459.07	0.0	0.0	50.93	0.0	0.0	0.0145	0.0	0.0	6490	3885.44	2604.56	0.4013	3000	5655.49	2655.49	3510	3459.07	0.0145	10000	7344.51	0.2655	13000	1805	0	250	257.02	7.02	50	47.23	250.0	247.7	-2.3	50.0	49.41	757	1805		2.0		1.7771e-01	250.0	247.7	-2.3	50.0	49.41	π=0.769	0	True	0.7692	13
0.9	10000	0.3	1000	200	0	0	0	0	0	0.5	3510	0	0	3459.04	0.0	0.0	50.96	0.0	0.0	0.0145	0.0	0.0	6490	3885.06	2604.94	0.4014	3000	5655.9	2655.9	3510	3459.04	0.0145	10000	7344.1	0.2656	13000	1805	0	250	257.02	7.02	50	47.23	250.0	247.7	-2.3	50.0	49.41	757	1805		2.0		1.7771e-01	250.0	247.7	-2.3	50.0	49.41	π=0.769	0	True	0.7692	13
0.9	10000	0.3	1000	200	0	0	0	0	0	1.0	3510	0	0	3459.0	0.0	0.0	51.0	0.0	0.0	0.0145	0.0	0.0	6490	3884.58	2605.42	0.4015	3000	5656.41	2656.41	3510	3459.0	0.0145	10000	7343.59	0.2656	13000	1805	0	250	257.02	7.02	50	47.23	250.0	247.7	-2.3	50.0	49.41	757	1805		2.0		1.7771e-01	250.0	247.7	-2.3	50.0	49.41	π=0.769	0	True	0.7692	13
0.9	10000	0.3	1000	200	0	0	0	0	0	5.0	3510	0	0	3458.72	0.0	0.0	51.28	0.0	0.0	0.0146	0.0	0.0	6490	3880.78	2609.22	0.402	3000	5660.5	2660.5	3510	3458.72	0.0146	10000	7339.5	0.2661	13000	1805	0	250	257.02	7.02	50	47.23	250.0	247.7	-2.3	50.0	49.41	757	1805		2.0		1.7771e-01	250.0	247.7	-2.3	50.0	49.41	π=0.769	0	True	0.7692	13
0.9	10000	1.0	50	0	0	0	0	0	0	0.1	10000	0	0	9948.24	0.0	0.0	51.76	0.0	0.0	0.0052	0.0	0.0	0	0.0	0.0	0.0	10000	10051.76	51.76	10000	9948.24	0.0052	10000	9948.24	0.0052	20000	6069	0	250	259.18	9.18	50	47.49	250.0	248.42	-1.58	50.0	49.36	2021	6069		2.0		1.9962e-01	250.0	248.42	-1.58	50.0	49.36	π=0.769	0	True	0.7692	13
0.9	10000	1.0	50	0	0	0	0	0	0	0.5	10000	0	0	9948.24	0.0	0.0	51.76	0.0	0.0	0.0052	0.0	0.0	0	0.0	0.0	0.0	10000	10051.76	51.76	10000	9948.24	0.0052	10000	9948.24	0.0052	20000	6069	0	250	259.18	9.18	50	47.49	250.0	248.42	-1.58	50.0	49.36	2021	6069		2.0		1.9962e-01	250.0	248.42	-1.58	50.0	49.36	π=0.769	0	True	0.7692	13
0.9	10000	1.0	50	0	0	0	0	0	0	1.0	10000	0	0	9948.2	0.0	0.0	51.8	0.0	0.0	0.0052	0.0	0.0	0	0.61	0.61	0.0	10000	10051.19	51.19	10000	9948.2	0.0052	10000	9948.81	0.0051	20000	6069	0	250	259.18	9.18	50	47.49	250.0	248.42	-1.58	50.0	49.36	2021	6069		2.0		1.9962e-01	250.0	248.42	-1.58	50.0	49.36	π=0.769	0	True	0.7692	13
0.9	10000	1.0	50	0	0	0	0	0	0	5.0	10000	0	0	9948.15	0.0	0.0	51.85	0.0	0.0	0.0052	0.0	0.0	0	8.81	8.81	0.0	10000	10043.04	43.04	10000	9948.15	0.0052	10000	9956.96	0.0043	20000	6069	0	250	259.18	9.18	50	47.49	250.0	248.42	-1.58	50.0	49.36	2021	6069		2.0		1.9962e-01	250.0	248.42	-1.58	50.0	49.36	π=0.769	0	True	0.7692	13
0.9	10000	1.0	50	50	0	0	0	0	0	0.1	976	0	0	601.74	0.0	0.0	374.26	0.0	0.0	0.3835	0.0	0.0	9024	0.0	9024.0	1.0	10000	19398.26	9398.26	976	601.74	0.3835	10000	601.74	0.9398	20000	5978	0	250	258.11	8.11	50	47.25	250.0	248.13	-1.87	50.0	49.36	208	5978		2.0		3.6426e-01	250.0	248.13	-1.87	50.0	49.36	π=0.769	0	True	0.7692	13
0.9	10000	1.0	50	50	0	0	0	0	0	0.5	976	0	0	601.74	0.0	0.0	374.26	0.0	0.0	0.3835	0.0	0.0	9024	0.0	9024.0	1.0	10000	19398.26	9398.26	976	601.74	0.3835	10000	601.74	0.9398	20000	5978	0	250	258.11	8.11	50	47.25	250.0	248.13	-1.87	50.0	49.36	208	5978		2.0		3.6426e-01	250.0	248.13	-1.87	50.0	49.36	π=0.769	0	True	0.7692	13
0.9	10000	1.0	50	50	0	0	0	0	0	1.0	976	0	0	601.73	0.0	0.0	374.27	0.0	0.0	0.3835	0.0	0.0	9024	0.0	9024.0	1.0	10000	19398.27	9398.27	976	601.73	0.3835	10000	601.73	0.9398	20000	5978	0	250	258.11	8.11	50	47.25	250.0	248.13	-1.87	50.0	49.36	208	5978		2.0		3.6426e-01	250.0	248.13	-1.87	50.0	49.36	π=0.769	0	True	0.7692	13
0.9	10000	1.0	50	50	0	0	0	0	0	5.0	976	0	0	601.66	0.0	0.0	374.34	0.0	0.0	0.3835	0.0	0.0	9024	1.26	9022.74	0.9999	10000	19397.09	9397.09	976	601.66	0.3835	10000	602.91	0.9397	20000	5978	0	250	258.11	8.11	50	47.25	250.0	248.13	-1.87	50.0	49.36	208	5978		2.0		3.6426e-01	250.0	248.13	-1.87	50.0	49.36	π=0.769	0	True	0.7692	13
0.9	10000	1.0	50	200	0	0	0	0	0	0.1	263	0	0	126.7	0.0	0.0	136.3	0.0	0.0	0.5183	0.0	0.0	9737	0.0	9737.0	1.0	10000	19873.3	9873.3	263	126.7	0.5183	10000	126.7	0.9873	20000	6042	0	250	254.62	4.62	50	35.66	250.0	248.37	-1.63	50.0	49.34	60	6042		2.0		3.7661e-01	250.0	248.37	-1.63	50.0	49.34	π=0.769	0	True	0.7692	13
0.9	10000	1.0	50	200	0	0	0	0	0	0.5	263	0	0	126.7	0.0	0.0	136.3	0.0	0.0	0.5182	0.0	0.0	9737	0.0	9737.0	1.0	10000	19873.3	9873.3	263	126.7	0.5182	10000	126.7	0.9873	20000	6042	0	250	254.62	4.62	50	35.66	250.0	248.37	-1.63	50.0	49.34	60	6042		2.0		3.7661e-01	250.0	248.37	-1.63	50.0	49.34	π=0.769	0	True	0.7692	13
0.9	10000	1.0	50	200	0	0	0	0	0	1.0	263	0	0	126.7	0.0	0.0	136.3	0.0	0.0	0.5182	0.0	0.0	9737	0.0	9737.0	1.0	10000	19873.3	9873.3	263	126.7	0.5182	10000	126.7	0.9873	20000	6042	0	250	254.62	4.62	50	35.66	250.0	248.37	-1.63	50.0	49.34	60	6042		2.0		3.7661e-01	250.0	248.37	-1.63	50.0	49.34	π=0.769	0	True	0.7692	13
0.9	10000	1.0	50	200	0	0	0	0	0	5.0	263	0	0	126.72	0.0	0.0	136.28	0.0	0.0	0.5182	0.0	0.0	9737	0.55	9736.45	0.9999	10000	19872.73	9872.73	263	126.72	0.5182	10000	127.27	0.9873	20000	6042	0	250	254.62	4.62	50	35.66	250.0	248.37	-1.63	50.0	49.34	60	6042		2.0		3.7661e-01	250.0	248.37	-1.63	50.0	49.34	π=0.769	0	True	0.7692	13
0.9	10000	1.0	200	0	0	0	0	0	0	0.1	10000	0	0	9948.24	0.0	0.0	51.76	0.0	0.0	0.0052	0.0	0.0	0	0.0	0.0	0.0	10000	10051.76	51.76	10000	9948.24	0.0052	10000	9948.24	0.0052	20000	6069	0	250	259.18	9.18	50	47.49	250.0	248.42	-1.58	50.0	49.36	2021	6069		2.0		1.9962e-01	250.0	248.42	-1.58	50.0	49.36	π=0.769	0	True	0.7692	13
0.9	10000	1.0	200	0	0	0	0	0	0	0.5	10000	0	0	9948.24	0.0	0.0	51.76	0.0	0.0	0.0052	0.0	0.0	0	0.0	0.0	0.0	10000	10051.76	51.76	10000	9948.24	0.0052	10000	9948.24	0.0052	20000	6069	0	250	259.18	9.18	50	47.49	250.0	248.42	-1.58	50.0	49.36	2021	6069		2.0		1.9962e-01	250.0	248.42	-1.58	50.0	49.36	π=0.769	0	True	0.7692	13
0.9	10000	1.0	200	0	0	0	0	0	0	1.0	10000	0	0	9948.2	0.0	0.0	51.8	0.0	0.0	0.0052	0.0	0.0	0	0.61	0.61	0.0	10000	10051.19	51.19	10000	9948.2	0.0052	10000	9948.81	0.0051	20000	6069	0	250	259.18	9.18	50	47.49	250.0	248.42	-1.58	50.0	49.36	2021	6069		2.0		1.9962e-01	250.0	248.42	-1.58	50.0	49.36	π=0.769	0	True	0.7692	13
0.9	10000	1.0	200	0	0	0	0	0	0	5.0	10000	0	0	9948.15	0.0	0.0	51.85	0.0	0.0	0.0052	0.0	0.0	0	8.81	8.81	0.0	10000	10043.04	43.04	10000	9948.15	0.0052	10000	9956.96	0.0043	20000	6069	0	250	259.18	9.18	50	47.49	250.0	248.42	-1.58	50.0	49.36	2021	6069		2.0		1.9962e-01	250.0	248.42	-1.58	50.0	49.36	π=0.769	0	True	0.7692	13
0.9	10000	1.0	200	50	0	0	0	0	0	0.1	3020	0	0	2757.08	0.0	0.0	262.92	0.0	0.0	0.0871	0.0	0.0	6980	0.0	6980.0	1.0	10000	17242.92	7242.92	3020	2757.08	0.0871	10000	2757.08	0.7243	20000	6088	0	250	258.77	8.77	50	49.46	250.0	248.36	-1.64	50.0	49.23	663	6088		2.0		3.2681e-01	250.0	248.36	-1.64	50.0	49.23	π=0.769	0	True	0.7692	13
0.9	10000	1.0	200	50	0	0	0	0	0	0.5	3020	0	0	2757.06	0.0	0.0	262.94	0.0	0.0	0.0871	0.0	0.0	6980	0.0	6980.0	1.0	10000	17242.94	7242.94	3020	2757.06	0.0871	10000	2757.06	0.7243	20000	6088	0	250	258.77	8.77	50	49.46	250.0	248.36	-1.64	50.0	49.23	663	6088		2.0		3.2681e-01	250.0	248.36	-1.64	50.0	49.23	π=0.769	0	True	0.7692	13
0.9	10000	1.0	200	50	0	0	0	0	0	1.0	3020	0	0	2757.05	0.0	0.0	262.95	0.0	0.0	0.0871	0.0	0.0	6980	0.0	6980.0	1.0	10000	17242.95	7242.95	3020	2757.05	0.0871	10000	2757.05	0.7243	20000	6088	0	250	258.77	8.77	50	49.46	250.0	248.36	-1.64	50.0	49.23	663	6088		2.0		3.2681e-01	250.0	248.36	-1.64	50.0	49.23	π=0.769	0	True	0.7692	13
0.9	10000	1.0	200	50	0	0	0	0	0	5.0	3020	0	0	2756.9	0.0	0.0	263.1	0.0	0.0	0.0871	0.0	0.0	6980	17.63	6962.37	0.9975	10000	17225.47	7225.47	3020	2756.9	0.0871	10000	2774.53	0.7225	20000	6088	0	250	258.77	8.77	50	49.46	250.0	248.36	-1.64	50.0	49.23	663	6088		2.0		3.2681e-01	250.0	248.36	-1.64	50.0	49.23	π=0.769	0	True	0.7692	13
0.9	10000	1.0	200	200	0	0	0	0	0	0.1	976	0	0	601.74	0.0	0.0	374.26	0.0	0.0	0.3835	0.0	0.0	9024	0.0	9024.0	1.0	10000	19398.26	9398.26	976	601.74	0.3835	10000	601.74	0.9398	20000	5978	0	250	258.11	8.11	50	47.25	250.0	248.13	-1.87	50.0	49.36	208	5978		2.0		3.6426e-01	250.0	248.13	-1.87	50.0	49.36	π=0.769	0	True	0.7692	13
0.9	10000	1.0	200	200	0	0	0	0	0	0.5	976	0	0	601.74	0.0	0.0	374.26	0.0	0.0	0.3835	0.0	0.0	9024	0.0	9024.0	1.0	10000	19398.26	9398.26	976	601.74	0.3835	10000	601.74	0.9398	20000	5978	0	250	258.11	8.11	50	47.25	250.0	248.13	-1.87	50.0	49.36	208	5978		2.0		3.6426e-01	250.0	248.13	-1.87	50.0	49.36	π=0.769	0	True	0.7692	13
0.9	10000	1.0	200	200	0	0	0	0	0	1.0	976	0	0	601.73	0.0	0.0	374.27	0.0	0.0	0.3835	0.0	0.0	9024	0.0	9024.0	1.0	10000	19398.27	9398.27	976	601.73	0.3835	10000	601.73	0.9398	20000	5978	0	250	258.11	8.11	50	47.25	250.0	248.13	-1.87	50.0	49.36	208	5978		2.0		3.6426e-01	250.0	248.13	-1.87	50.0	49.36	π=0.769	0	True	0.7692	13
0.9	10000	1.0	200	200	0	0	0	0	0	5.0	976	0	0	601.66	0.0	0.0	374.34	0.0	0.0	0.3835	0.0	0.0	9024	1.26	9022.74	0.9999	10000	19397.09	9397.09	976	601.66	0.3835	10000	602.91	0.9397	20000	5978	0	250	258.11	8.11	50	47.25	250.0	248.13	-1.87	50.0	49.36	208	5978		2.0		3.6426e-01	250.0	248.13	-1.87	50.0	49.36	π=0.769	0	True	0.7692	13
0.9	10000	1.0	1000	0	0	0	0	0	0	0.1	10000	0	0	9948.24	0.0	0.0	51.76	0.0	0.0	0.0052	0.0	0.0	0	0.0	0.0	0.0	10000	10051.76	51.76	10000	9948.24	0.0052	10000	9948.24	0.0052	20000	6069	0	250	259.18	9.18	50	47.49	250.0	248.42	-1.58	50.0	49.36	2021	6069		2.0		1.9962e-01	250.0	248.42	-1.58	50.0	49.36	π=0.769	0	True	0.7692	13
0.9	10000	1.0	1000	0	0	0	0	0	0	0.5	10000	0	0	9948.24	0.0	0.0	51.76	0.0	0.0	0.0052	0.0	0.0	0	0.0	0.0	0.0	10000	10051.76	51.76	10000	9948.24	0.0052	10000	9948.24	0.0052	20000	6069	0	250	259.18	9.18	50	47.49	250.0	248.42	-1.58	50.0	49.36	2021	6069		2.0		1.9962e-01	250.0	248.42	-1.58	50.0	49.36	π=0.769	0	True	0.7692	13
0.9	10000	1.0	1000	0	0	0	0	0	0	1.0	10000	0	0	9948.2	0.0	0.0	51.8	0.0	0.0	0.0052	0.0	0.0	0	0.61	0.61	0.0	10000	10051.19	51.19	10000	9948.2	0.0052	10000	9948.81	0.0051	20000	6069	0	250	259.18	9.18	50	47.49	250.0	248.42	-1.58	50.0	49.36	2021	6069		2.0		1.9962e-01	250.0	248.42	-1.58	50.0	49.36	π=0.769	0	True	0.7692	13
0.9	10000	1.0	1000	0	0	0	0	0	0	5.0	10000	0	0	9948.15	0.0	0.0	51.85	0.0	0.0	0.0052	0.0	0.0	0	8.81	8.81	0.0	10000	10043.04	43.04	10000	9948.15	0.0052	10000	9956.96	0.0043	20000	6069	0	250	259.18	9.18	50	47.49	250.0	248.42	-1.58	50.0	49.36	2021	6069		2.0		1.9962e-01	250.0	248.42	-1.58	50.0	49.36	π=0.769	0	True	0.7692	13
0.9	10000	1.0	1000	50	0	0	0	0	0	0.1	6839	0	0	6652.27	0.0	0.0	186.73	0.0	0.0	0.0273	0.0	0.0	3161	474.53	2686.47	0.8499	10000	12873.2	2873.2	6839	6652.27	0.0273	10000	7126.8	0.2873	20000	6094	0	250	260.83	10.83	50	48.33	250.0	248.37	-1.63	50.0	49.43	1437	6094		2.0		2.5733e-01	250.0	248.37	-1.63	50.0	49.43	π=0.769	0	True	0.7692	13
0.9	10000	1.0	1000	50	0	0	0	0	0	0.5	6839	0	0	6652.29	0.0	0.0	186.71	0.0	0.0	0.0273	0.0	0.0	3161	477.08	2683.92	0.8491	10000	12870.63	2870.63	6839	6652.29	0.0273	10000	7129.37	0.2871	20000	6094	0	250	260.83	10.83	50	48.33	250.0	248.37	-1.63	50.0	49.43	1437	6094		2.0		2.5733e-01	250.0	248.37	-1.63	50.0	49.43	π=0.769	0	True	0.7692	13
0.9	10000	1.0	1000	50	0	0	0	0	0	1.0	6839	0	0	6652.31	0.0	0.0	186.69	0.0	0.0	0.0273	0.0	0.0	3161	480.23	2680.77	0.8481	10000	12867.46	2867.46	6839	6652.31	0.0273	10000	7132.54	0.2867	20000	6094	0	250	260.83	10.83	50	48.33	250.0	248.37	-1.63	50.0	49.43	1437	6094		2.0		2.5733e-01	250.0	248.37	-1.63	50.0	49.43	π=0.769	0	True	0.7692	13
0.9	10000	1.0	1000	50	0	0	0	0	0	5.0	6839	0	0	6652.45	0.0	0.0	186.55	0.0	0.0	0.0273	0.0	0.0	3161	503.92	2657.08	0.8406	10000	12843.63	2843.63	6839	6652.45	0.0273	10000	7156.37	0.2844	20000	6094	0	250	260.83	10.83	50	48.33	250.0	248.37	-1.63	50.0	49.43	1437	6094		2.0		2.5733e-01	250.0	248.37	-1.63	50.0	49.43	π=0.769	0	True	0.7692	13
0.9	10000	1.0	1000	200	0	0	0	0	0	0.1	3510	0	0	3283.56	0.0	0.0	226.44	0.0	0.0	0.0645	0.0	0.0	6490	0.0	6490.0	1.0	10000	16716.44	6716.44	3510	3283.56	0.0645	10000	3283.56	0.6716	20000	6055	0	250	257.02	7.02	50	47.23	250.0	248.39	-1.61	50.0	49.19	757	6055		2.0		3.1784e-01	250.0	248.39	-1.61	50.0	49.19	π=0.769	0	True	0.7692	13
0.9	10000	1.0	1000	200	0	0	0	0	0	0.5	3510	0	0	3283.54	0.0	0.0	226.46	0.0	0.0	0.0645	0.0	0.0	6490	0.0	6490.0	1.0	10000	16716.46	6716.46	3510	3283.54	0.0645	10000	3283.54	0.6716	20000	6055	0	250	257.02	7.02	50	47.23	250.0	248.39	-1.61	50.0	49.19	757	6055		2.0		3.1784e-01	250.0	248.39	-1.61	50.0	49.19	π=0.769	0	True	0.7692	13
0.9	10000	1.0	1000	200	0	0	0	0	0	1.0	3510	0	0	3283.51	0.0	0.0	226.49	0.0	0.0	0.0645	0.0	0.0	6490	0.32	6489.68	1.0	10000	16716.17	6716.17	3510	3283.51	0.0645	10000	3283.83	0.6716	20000	6055	0	250	257.02	7.02	50	47.23	250.0	248.39	-1.61	50.0	49.19	757	6055		2.0		3.1784e-01	250.0	248.39	-1.61	50.0	49.19	π=0.769	0	True	0.7692	13
0.9	10000	1.0	1000	200	0	0	0	0	0	5.0	3510	0	0	3283.51	0.0	0.0	226.49	0.0	0.0	0.0645	0.0	0.0	6490	42.9	6447.1	0.9934	10000	16673.59	6673.59	3510	3283.51	0.0645	10000	3326.41	0.6674	20000	6055	0	250	257.02	7.02	50	47.23	250.0	248.39	-1.61	50.0	49.19	757	6055		2.0		3.1784e-01	250.0	248.39	-1.61	50.0	49.19	π=0.769	0	True	0.7692	13
0.9	10000	2.0	50	0	0	0	0	0	0	0.1	10000	0	0	9844.77	0.0	0.0	155.23	0.0	0.0	0.0155	0.0	0.0	0	0.0	0.0	0.0	20000	20155.23	155.23	10000	9844.77	0.0155	10000	9844.77	0.0155	30000	12040	0	250	259.18	9.18	50	47.49	250.0	248.64	-1.36	50.0	49.35	2021	12040		2.0		3.9910e-01	250.0	248.64	-1.36	50.0	49.35	π=0.769	0	True	0.7692	13
0.9	10000	2.0	50	0	0	0	0	0	0	0.5	10000	0	0	9844.76	0.0	0.0	155.24	0.0	0.0	0.0155	0.0	0.0	0	0.0	0.0	0.0	20000	20155.24	155.24	10000	9844.76	0.0155	10000	9844.76	0.0155	30000	12040	0	250	259.18	9.18	50	47.49	250.0	248.64	-1.36	50.0	49.35	2021	12040		2.0		3.9910e-01	250.0	248.64	-1.36	50.0	49.35	π=0.769	0	True	0.7692	13
0.9	10000	2.0	50	0	0	0	0	0	0	1.0	10000	0	0	9844.72	0.0	0.0	155.28	0.0	0.0	0.0155	0.0	0.0	0	0.52	0.52	0.0	20000	20154.76	154.76	10000	9844.72	0.0155	10000	9845.24	0.0155	30000	12040	0	250	259.18	9.18	50	47.49	250.0	248.64	-1.36	50.0	49.35	2021	12040		2.0		3.9910e-01	250.0	248.64	-1.36	50.0	49.35	π=0.769	0	True	0.7692	13
0.9	10000	2.0	50	0	0	0	0	0	0	5.0	10000	0	0	9844.62	0.0	0.0	155.38	0.0	0.0	0.0155	0.0	0.0	0	7.54	7.54	0.0	20000	20147.83	147.83	10000	9844.62	0.0155	10000	9852.17	0.0148	30000	12040	0	250	259.18	9.18	50	47.49	250.0	248.64	-1.36	50.0	49.35	2021	12040		2.0		3.9910e-01	250.0	248.64	-1.36	50.0	49.35	π=0.769	0	True	0.7692	13
0.9	10000	2.0	50	50	0	0	0	0	0	0.1	976	0	0	530.98	0.0	0.0	445.02	0.0	0.0	0.456	0.0	0.0	9024	0.0	9024.0	1.0	20000	29469.02	9469.02	976	530.98	0.456	10000	530.98	0.9469	30000	12192	0	250	258.11	8.11	50	47.25	250.0	248.79	-1.21	50.0	49.24	208	12192		2.0		5.6317e-01	250.0	248.79	-1.21	50.0	49.24	π=0.769	0	True	0.7692	13
0.9	10000	2.0	50	50	0	0	0	0	0	0.5	976	0	0	530.98	0.0	0.0	445.02	0.0	0.0	0.456	0.0	0.0	9024	0.0	9024.0	1.0	20000	29469.02	9469.02	976	530.98	0.456	10000	530.98	0.9469	30000	12192	0	250	258.11	8.11	50	47.25	250.0	248.79	-1.21	50.0	49.24	208	12192		2.0		5.6317e-01	250.0	248.79	-1.21	50.0	49.24	π=0.769	0	True	0.7692	13
0.9	10000	2.0	50	50	0	0	0	0	0	1.0	976	0	0	530.98	0.0	0.0	445.02	0.0	0.0	0.456	0.0	0.0	9024	0.0	9024.0	1.0	20000	29469.02	9469.02	976	530.98	0.456	10000	530.98	0.9469	30000	12192	0	250	258.11	8.11	50	47.25	250.0	248.79	-1.21	50.0	49.24	208	12192		2.0		5.6317e-01	250.0	248.79	-1.21	50.0	49.24	π=0.769	0	True	0.7692	13
0.9	10000	2.0	50	50	0	0	0	0	0	5.0	976	0	0	530.95	0.0	0.0	445.05	0.0	0.0	0.456	0.0	0.0	9024	0.92	9023.08	0.9999	20000	29468.13	9468.13	976	530.95	0.456	10000	531.87	0.9468	30000	12192	0	250	258.11	8.11	50	47.25	250.0	248.79	-1.21	50.0	49.24	208	12192		2.0		5.6317e-01	250.0	248.79	-1.21	50.0	49.24	π=0.769	0	True	0.7692	13
0.9	10000	2.0	50	200	0	0	0	0	0	0.1	263	0	0	112.98	0.0	0.0	150.02	0.0	0.0	0.5704	0.0	0.0	9737	0.0	9737.0	1.0	20000	29887.02	9887.02	263	112.98	0.5704	10000	112.98	0.9887	30000	12111	0	250	254.62	4.62	50	35.66	250.0	248.35	-1.65	50.0	49.31	60	12111		2.0		5.7608e-01	250.0	248.35	-1.65	50.0	49.31	π=0.769	0	True	0.7692	13
0.9	10000	2.0	50	200	0	0	0	0	0	0.5	263	0	0	112.98	0.0	0.0	150.02	0.0	0.0	0.5704	0.0	0.0	9737	0.0	9737.0	1.0	20000	29887.02	9887.02	263	112.98	0.5704	10000	112.98	0.9887	30000	12111	0	250	254.62	4.62	50	35.66	250.0	248.35	-1.65	50.0	49.31	60	12111		2.0		5.7608e-01	250.0	248.35	-1.65	50.0	49.31	π=0.769	0	True	0.7692	13
0.9	10000	2.0	50	200	0	0	0	0	0	1.0	263	0	0	112.99	0.0	0.0	150.01	0.0	0.0	0.5704	0.0	0.0	9737	0.0	9737.0	1.0	20000	29887.01	9887.01	263	112.99	0.5704	10000	112.99	0.9887	30000	12111	0	250	254.62	4.62	50	35.66	250.0	248.35	-1.65	50.0	49.31	60	12111		2.0		5.7608e-01	250.0	248.35	-1.65	50.0	49.31	π=0.769	0	True	0.7692	13
0.9	10000	2.0	50	200	0	0	0	0	0	5.0	263	0	0	113.01	0.0	0.0	149.99	0.0	0.0	0.5703	0.0	0.0	9737	0.47	9736.53	1.0	20000	29886.53	9886.53	263	113.01	0.5703	10000	113.47	0.9887	30000	12111	0	250	254.62	4.62	50	35.66	250.0	248.35	-1.65	50.0	49.31	60	12111		2.0		5.7608e-01	250.0	248.35	-1.65	50.0	49.31	π=0.769	0	True	0.7692	13
0.9	10000	2.0	200	0	0	0	0	0	0	0.1	10000	0	0	9844.77	0.0	0.0	155.23	0.0	0.0	0.0155	0.0	0.0	0	0.0	0.0	0.0	20000	20155.23	155.23	10000	9844.77	0.0155	10000	9844.77	0.0155	30000	12040	0	250	259.18	9.18	50	47.49	250.0	248.64	-1.36	50.0	49.35	2021	12040		2.0		3.9910e-01	250.0	248.64	-1.36	50.0	49.35	π=0.769	0	True	0.7692	13
0.9	10000	2.0	200	0	0	0	0	0	0	0.5	10000	0	0	9844.76	0.0	0.0	155.24	0.0	0.0	0.0155	0.0	0.0	0	0.0	0.0	0.0	20000	20155.24	155.24	10000	9844.76	0.0155	10000	9844.76	0.0155	30000	12040	0	250	259.18	9.18	50	47.49	250.0	248.64	-1.36	50.0	49.35	2021	12040		2.0		3.9910e-01	250.0	248.64	-1.36	50.0	49.35	π=0.769	0	True	0.7692	13
0.9	10000	2.0	200	0	0	0	0	0	0	1.0	10000	0	0	9844.72	0.0	0.0	155.28	0.0	0.0	0.0155	0.0	0.0	0	0.52	0.52	0.0	20000	20154.76	154.76	10000	9844.72	0.0155	10000	9845.24	0.0155	30000	12040	0	250	259.18	9.18	50	47.49	250.0	248.64	-1.36	50.0	49.35	2021	12040		2.0		3.9910e-01	250.0	248.64	-1.36	50.0	49.35	π=0.769	0	True	0.7692	13
0.9	10000	2.0	200	0	0	0	0	0	0	5.0	10000	0	0	9844.62	0.0	0.0	155.38	0.0	0.0	0.0155	0.0	0.0	0	7.54	7.54	0.0	20000	20147.83	147.83	10000	9844.62	0.0155	10000	9852.17	0.0148	30000	12040	0	250	259.18	9.18	50	47.49	250.0	248.64	-1.36	50.0	49.35	2021	12040		2.0		3.9910e-01	250.0	248.64	-1.36	50.0	49.35	π=0.769	0	True	0.7692	13
0.9	10000	2.0	200	50	0	0	0	0	0	0.1	3020	0	0	2619.08	0.0	0.0	400.92	0.0	0.0	0.1328	0.0	0.0	6980	0.0	6980.0	1.0	20000	27380.92	7380.92	3020	2619.08	0.1328	10000	2619.08	0.7381	30000	12036	0	250	258.77	8.77	50	49.46	250.0	248.9	-1.1	50.0	49.13	663	12036		2.0		5.2602e-01	250.0	248.9	-1.1	50.0	49.13	π=0.769	0	True	0.7692	13
0.9	10000	2.0	200	50	0	0	0	0	0	0.5	3020	0	0	2619.06	0.0	0.0	400.94	0.0	0.0	0.1328	0.0	0.0	6980	0.0	6980.0	1.0	20000	27380.94	7380.94	3020	2619.06	0.1328	10000	2619.06	0.7381	30000	12036	0	250	258.77	8.77	50	49.46	250.0	248.9	-1.1	50.0	49.13	663	12036		2.0		5.2602e-01	250.0	248.9	-1.1	50.0	49.13	π=0.769	0	True	0.7692	13
0.9	10000	2.0	200	50	0	0	0	0	0	1.0	3020	0	0	2619.04	0.0	0.0	400.96	0.0	0.0	0.1328	0.0	0.0	6980	0.0	6980.0	1.0	20000	27380.96	7380.96	3020	2619.04	0.1328	10000	2619.04	0.7381	30000	12036	0	250	258.77	8.77	50	49.46	250.0	248.9	-1.1	50.0	49.13	663	12036		2.0		5.2602e-01	250.0	248.9	-1.1	50.0	49.13	π=0.769	0	True	0.7692	13
0.9	10000	2.0	200	50	0	0	0	0	0	5.0	3020	0	0	2618.85	0.0	0.0	401.15	0.0	0.0	0.1328	0.0	0.0	6980	4.39	6975.61	0.9994	20000	27376.76	7376.76	3020	2618.85	0.1328	10000	2623.24	0.7377	30000	12036	0	250	258.77	8.77	50	49.46	250.0	248.9	-1.1	50.0	49.13	663	12036		2.0		5.2602e-01	250.0	248.9	-1.1	50.0	49.13	π=0.769	0	True	0.7692	13
0.9	10000	2.0	200	200	0	0	0	0	0	0.1	976	0	0	530.98	0.0	0.0	445.02	0.0	0.0	0.456	0.0	0.0	9024	0.0	9024.0	1.0	20000	29469.02	9469.02	976	530.98	0.456	10000	530.98	0.9469	30000	12192	0	250	258.11	8.11	50	47.25	250.0	248.79	-1.21	50.0	49.24	208	12192		2.0		5.6317e-01	250.0	248.79	-1.21	50.0	49.24	π=0.769	0	True	0.7692	13
0.9	10000	2.0	200	200	0	0	0	0	0	0.5	976	0	0	530.98	0.0	0.0	445.02	0.0	0.0	0.456	0.0	0.0	9024	0.0	9024.0	1.0	20000	29469.02	9469.02	976	530.98	0.456	10000	530.98	0.9469	30000	12192	0	250	258.11	8.11	50	47.25	250.0	248.79	-1.21	50.0	49.24	208	12192		2.0		5.6317e-01	250.0	248.79	-1.21	50.0	49.24	π=0.769	0	True	0.7692	13
0.9	10000	2.0	200	200	0	0	0	0	0	1.0	976	0	0	530.98	0.0	0.0	445.02	0.0	0.0	0.456	0.0	0.0	9024	0.0	9024.0	1.0	20000	29469.02	9469.02	976	530.98	0.456	10000	530.98	0.9469	30000	12192	0	250	258.11	8.11	50	47.25	250.0	248.79	-1.21	50.0	49.24	208	12192		2.0		5.6317e-01	250.0	248.79	-1.21	50.0	49.24	π=0.769	0	True	0.7692	13
0.9	10000	2.0	200	200	0	0	0	0	0	5.0	976	0	0	530.95	0.0	0.0	445.05	0.0	0.0	0.456	0.0	0.0	9024	0.92	9023.08	0.9999	20000	29468.13	9468.13	976	530.95	0.456	10000	531.87	0.9468	30000	12192	0	250	258.11	8.11	50	47.25	250.0	248.79	-1.21	50.0	49.24	208	12192		2.0		5.6317e-01	250.0	248.79	-1.21	50.0	49.24	π=0.769	0	True	0.7692	13
0.9	10000	2.0	1000	0	0	0	0	0	0	0.1	10000	0	0	9844.77	0.0	0.0	155.23	0.0	0.0	0.0155	0.0	0.0	0	0.0	0.0	0.0	20000	20155.23	155.23	10000	9844.77	0.0155	10000	9844.77	0.0155	30000	12040	0	250	259.18	9.18	50	47.49	250.0	248.64	-1.36	50.0	49.35	2021	12040		2.0		3.9910e-01	250.0	248.64	-1.36	50.0	49.35	π=0.769	0	True	0.7692	13
0.9	10000	2.0	1000	0	0	0	0	0	0	0.5	10000	0	0	9844.76	0.0	0.0	155.24	0.0	0.0	0.0155	0.0	0.0	0	0.0	0.0	0.0	20000	20155.24	155.24	10000	9844.76	0.0155	10000	9844.76	0.0155	30000	12040	0	250	259.18	9.18	50	47.49	250.0	248.64	-1.36	50.0	49.35	2021	12040		2.0		3.9910e-01	250.0	248.64	-1.36	50.0	49.35	π=0.769	0	True	0.7692	13
0.9	10000	2.0	1000	0	0	0	0	0	0	1.0	10000	0	0	9844.72	0.0	0.0	155.28	0.0	0.0	0.0155	0.0	0.0	0	0.52	0.52	0.0	20000	20154.76	154.76	10000	9844.72	0.0155	10000	9845.24	0.0155	30000	12040	0	250	259.18	9.18	50	47.49	250.0	248.64	-1.36	50.0	49.35	2021	12040		2.0		3.9910e-01	250.0	248.64	-1.36	50.0	49.35	π=0.769	0	True	0.7692	13
0.9	10000	2.0	1000	0	0	0	0	0	0	5.0	10000	0	0	9844.62	0.0	0.0	155.38	0.0	0.0	0.0155	0.0	0.0	0	7.54	7.54	0.0	20000	20147.83	147.83	10000	9844.62	0.0155	10000	9852.17	0.0148	30000	12040	0	250	259.18	9.18	50	47.49	250.0	248.64	-1.36	50.0	49.35	2021	12040		2.0		3.9910e-01	250.0	248.64	-1.36	50.0	49.35	π=0.769	0	True	0.7692	13
0.9	10000	2.0	1000	50	0	0	0	0	0	0.1	6839	0	0	6508.33	0.0	0.0	330.67	0.0	0.0	0.0484	0.0	0.0	3161	0.0	3161.0	1.0	20000	23491.67	3491.67	6839	6508.33	0.0484	10000	6508.33	0.3492	30000	12033	0	250	260.83	10.83	50	48.33	250.0	248.75	-1.25	50.0	49.23	1437	12033		2.0		4.5720e-01	250.0	248.75	-1.25	50.0	49.23	π=0.769	0	True	0.7692	13
0.9	10000	2.0	1000	50	0	0	0	0	0	0.5	6839	0	0	6508.32	0.0	0.0	330.68	0.0	0.0	0.0484	0.0	0.0	3161	0.0	3161.0	1.0	20000	23491.68	3491.68	6839	6508.32	0.0484	10000	6508.32	0.3492	30000	12033	0	250	260.83	10.83	50	48.33	250.0	248.75	-1.25	50.0	49.23	1437	12033		2.0		4.5720e-01	250.0	248.75	-1.25	50.0	49.23	π=0.769	0	True	0.7692	13
0.9	10000	2.0	1000	50	0	0	0	0	0	1.0	6839	0	0	6508.28	0.0	0.0	330.72	0.0	0.0	0.0484	0.0	0.0	3161	0.47	3160.53	0.9999	20000	23491.25	3491.25	6839	6508.28	0.0484	10000	6508.75	0.3491	30000	12033	0	250	260.83	10.83	50	48.33	250.0	248.75	-1.25	50.0	49.23	1437	12033		2.0		4.5720e-01	250.0	248.75	-1.25	50.0	49.23	π=0.769	0	True	0.7692	13
0.9	10000	2.0	1000	50	0	0	0	0	0	5.0	6839	0	0	6508.23	0.0	0.0	330.77	0.0	0.0	0.0484	0.0	0.0	3161	18.0	3143.0	0.9943	20000	23473.77	3473.77	6839	6508.23	0.0484	10000	6526.23	0.3474	30000	12033	0	250	260.83	10.83	50	48.33	250.0	248.75	-1.25	50.0	49.23	1437	12033		2.0		4.5720e-01	250.0	248.75	-1.25	50.0	49.23	π=0.769	0	True	0.7692	13
0.9	10000	2.0	1000	200	0	0	0	0	0	0.1	3510	0	0	3157.84	0.0	0.0	352.16	0.0	0.0	0.1003	0.0	0.0	6490	0.0	6490.0	1.0	20000	26842.16	6842.16	3510	3157.84	0.1003	10000	3157.84	0.6842	30000	12064	0	250	257.02	7.02	50	47.23	250.0	248.86	-1.14	50.0	49.4	757	12064		2.0		5.1775e-01	250.0	248.86	-1.14	50.0	49.4	π=0.769	0	True	0.7692	13
0.9	10000	2.0	1000	200	0	0	0	0	0	0.5	3510	0	0	3157.83	0.0	0.0	352.17	0.0	0.0	0.1003	0.0	0.0	6490	0.0	6490.0	1.0	20000	26842.17	6842.17	3510	3157.83	0.1003	10000	3157.83	0.6842	30000	12064	0	250	257.02	7.02	50	47.23	250.0	248.86	-1.14	50.0	49.4	757	12064		2.0		5.1775e-01	250.0	248.86	-1.14	50.0	49.4	π=0.769	0	True	0.7692	13
0.9	10000	2.0	1000	200	0	0	0	0	0	1.0	3510	0	0	3157.81	0.0	0.0	352.19	0.0	0.0	0.1003	0.0	0.0	6490	0.0	6490.0	1.0	20000	26842.19	6842.19	3510	3157.81	0.1003	10000	3157.81	0.6842	30000	12064	0	250	257.02	7.02	50	47.23	250.0	248.86	-1.14	50.0	49.4	757	12064		2.0		5.1775e-01	250.0	248.86	-1.14	50.0	49.4	π=0.769	0	True	0.7692	13
0.9	10000	2.0	1000	200	0	0	0	0	0	5.0	3510	0	0	3157.61	0.0	0.0	352.39	0.0	0.0	0.1004	0.0	0.0	6490	6.85	6483.15	0.9989	20000	26835.54	6835.54	3510	3157.61	0.1004	10000	3164.46	0.6836	30000	12064	0	250	257.02	7.02	50	47.23	250.0	248.86	-1.14	50.0	49.4	757	12064		2.0		5.1775e-01	250.0	248.86	-1.14	50.0	49.4	π=0.769	0	True	0.7692	13
