field	class	kappa_len	rho_global	rho_ref	n_regions	sum_y	sum_e	mean_rho_hat_e_weighted	mean_weight_e_weighted	n_at_floor	n_at_one	rho_q010	rho_q050	rho_q100	rho_q250	rho_q500	rho_q750	rho_q900	rho_q950	rho_q990	rho_q999	weight_q010	weight_q050	weight_q100	weight_q250	weight_q500	weight_q750	weight_q900	weight_q950	weight_q990	weight_q999
current_alpha_used_as_length__global_q950	ALL	1.0	0.0018870891827843024	0.0002132057904769226	647987	5719368.815103848	3030788829.3150067	0.0018723044254076002	0.0686548602292172	4364	147146	8.671589739758502e-11	3.7656297924724386e-10	4.415693514843602e-09	1.4816394420818624e-08	5.296278002505165e-08	2.784846688590203e-07	6.156349029136851e-06	0.0002132057904769226	0.05554876653685932	0.2875885803103244	0.00010000000000000009	0.00010000000000000009	0.00010000000000000009	0.00010000000000000009	0.0002484115459837113	0.0013061777929955583	0.028875149288232926	1.0	1.0	1.0
current_alpha_used_as_length__global_q950	INTERGENIC	1.0	0.0018870891827843024	0.0002132057904769226	33120	10370.0	1308005750.7008893	7.656172833260298e-06	0.010485848708494897	3058	2794	6.24461867739684e-11	9.493500855085596e-11	1.7577922455580957e-10	4.982387594435626e-09	1.446213206622578e-08	4.202008228093699e-08	1.1555956854973835e-07	2.537345174780936e-07	8.038862098299962e-05	0.001251326756628764	0.00010000000000000009	0.00010000000000000009	0.00010000000000000009	0.00010000000000000009	0.00010000000000000009	0.0001970869655413283	0.0005420095218391659	0.0011900920557106423	0.3770470811471736	1.0
current_alpha_used_as_length__global_q950	INTRON	1.0	0.0018870891827843024	0.0002132057904769226	296039	301315.54418251116	1541887072.7065003	0.0001723729080625876	0.09863486287678051	1306	74023	7.778290764175809e-09	1.3419723326014982e-08	1.9567130345634396e-08	4.1449704797827806e-08	1.1811269757295799e-07	5.209551487839137e-07	8.546295017754166e-05	0.00037956859370888235	0.002844985642272265	0.01900637004508968	0.00010000000000000009	0.00010000000000000009	0.00010000000000000009	0.00019441172167560913	0.0005539844734458204	0.0024434380868295497	0.4008472283345047	1.0	1.0	1.0
current_alpha_used_as_length__global_q950	EXON-INTRON	1.0	0.0018870891827843024	0.0002132057904769226	318828	5407683.270921337	180896005.90761682	0.029844580778852294	0.23371999204288357	0	70329	3.083203762434042e-06	3.083203762434042e-06	3.083203762434042e-06	3.083203762434042e-06	3.083203762434042e-06	6.156349029136851e-06	0.12418728311819935	0.1927668533311797	0.33982728397448775	0.7418234079095852	0.01446116334616046	0.01446116334616046	0.01446116334616046	0.01446116334616046	0.01446116334616046	0.028875149288232926	1.0	1.0	1.0	1.0
current_alpha_used_as_length__global_q990	ALL	1.0	0.0018870891827843024	0.05554876653685932	647987	5719368.815103848	3030788829.3150067	0.0018723044254076002	0.012793062159382175	418741	61812	8.671589739758502e-11	3.7656297924724386e-10	4.415693514843602e-09	1.4816394420818624e-08	5.296278002505165e-08	2.784846688590203e-07	6.156349029136851e-06	0.0002132057904769226	0.05554876653685932	0.2875885803103244	0.00010000000000000009	0.00010000000000000009	0.00010000000000000009	0.00010000000000000009	0.00010000000000000009	0.00010000000000000009	0.00011082782594374661	0.003838173262325282	1.0	1.0
current_alpha_used_as_length__global_q990	INTERGENIC	1.0	0.0018870891827843024	0.05554876653685932	33120	10370.0	1308005750.7008893	7.656172833260298e-06	0.0002264604640557041	28619	74	6.24461867739684e-11	9.493500855085596e-11	1.7577922455580957e-10	4.982387594435626e-09	1.446213206622578e-08	4.202008228093699e-08	1.1555956854973835e-07	2.537345174780936e-07	8.038862098299962e-05	0.001251326756628764	0.00010000000000000009	0.00010000000000000009	0.00010000000000000009	0.00010000000000000009	0.00010000000000000009	0.00010000000000000009	0.00010000000000000009	0.00010000000000000009	0.0014471720254968727	0.022526634426678904
current_alpha_used_as_length__global_q990	INTRON	1.0	0.0018870891827843024	0.05554876653685932	296039	301315.54418251116	1541887072.7065003	0.0001723729080625876	0.002708864664752707	177738	9040	7.778290764175809e-09	1.3419723326014982e-08	1.9567130345634396e-08	4.1449704797827806e-08	1.1811269757295799e-07	5.209551487839137e-07	8.546295017754166e-05	0.00037956859370888235	0.002844985642272265	0.01900637004508968	0.00010000000000000009	0.00010000000000000009	0.00010000000000000009	0.00010000000000000009	0.00010000000000000009	0.00010000000000000009	0.0015385211140706932	0.00683306970384338	0.051216000275802316	0.3421564731320907
current_alpha_used_as_length__global_q990	EXON-INTRON	1.0	0.0018870891827843024	0.05554876653685932	318828	5407683.270921337	180896005.90761682	0.029844580778852294	0.1896122289472777	212384	52698	3.083203762434042e-06	3.083203762434042e-06	3.083203762434042e-06	3.083203762434042e-06	3.083203762434042e-06	6.156349029136851e-06	0.12418728311819935	0.1927668533311797	0.33982728397448775	0.7418234079095852	0.00010000000000000009	0.00010000000000000009	0.00010000000000000009	0.00010000000000000009	0.00010000000000000009	0.00011082782594374661	1.0	1.0	1.0	1.0
current_alpha_used_as_length__exon-intron_q990	ALL	1.0	0.0018870891827843024	0.33982728397448775	647987	5719368.815103848	3030788829.3150067	0.0018723044254076002	0.00529986244983688	483306	9742	8.671589739758502e-11	3.7656297924724386e-10	4.415693514843602e-09	1.4816394420818624e-08	5.296278002505165e-08	2.784846688590203e-07	6.156349029136851e-06	0.0002132057904769226	0.05554876653685932	0.2875885803103244	0.00010000000000000009	0.00010000000000000009	0.00010000000000000009	0.00010000000000000009	0.00010000000000000009	0.00010000000000000009	0.00010000000000000009	0.0006273945634480866	0.16346176177257618	0.8462786652878492
current_alpha_used_as_length__exon-intron_q990	INTERGENIC	1.0	0.0018870891827843024	0.33982728397448775	33120	10370.0	1308005750.7008893	7.656172833260298e-06	0.0001198630509148943	29529	55	6.24461867739684e-11	9.493500855085596e-11	1.7577922455580957e-10	4.982387594435626e-09	1.446213206622578e-08	4.202008228093699e-08	1.1555956854973835e-07	2.537345174780936e-07	8.038862098299962e-05	0.001251326756628764	0.00010000000000000009	0.00010000000000000009	0.00010000000000000009	0.00010000000000000009	0.00010000000000000009	0.00010000000000000009	0.00010000000000000009	0.00010000000000000009	0.00023655728887570648	0.003682243350191699
current_alpha_used_as_length__exon-intron_q990	INTRON	1.0	0.0018870891827843024	0.33982728397448775	296039	301315.54418251116	1541887072.7065003	0.0001723729080625876	0.0005580584685364492	205278	6451	7.778290764175809e-09	1.3419723326014982e-08	1.9567130345634396e-08	4.1449704797827806e-08	1.1811269757295799e-07	5.209551487839137e-07	8.546295017754166e-05	0.00037956859370888235	0.002844985642272265	0.01900637004508968	0.00010000000000000009	0.00010000000000000009	0.00010000000000000009	0.00010000000000000009	0.00010000000000000009	0.00010000000000000009	0.0002514893718303023	0.001116945612105054	0.008371857636027392	0.05592949990006265
current_alpha_used_as_length__exon-intron_q990	EXON-INTRON	1.0	0.0018870891827843024	0.33982728397448775	318828	5407683.270921337	180896005.90761682	0.029844580778852294	0.0831722023714079	248499	3236	3.083203762434042e-06	3.083203762434042e-06	3.083203762434042e-06	3.083203762434042e-06	3.083203762434042e-06	6.156349029136851e-06	0.12418728311819935	0.1927668533311797	0.33982728397448775	0.7418234079095852	0.00010000000000000009	0.00010000000000000009	0.00010000000000000009	0.00010000000000000009	0.00010000000000000009	0.00010000000000000009	0.3654423554982201	0.5672494894366737	1.0	1.0
clipped_alpha_over_rho_global__global_q950	ALL	529.9166616622495	0.0018870891827843024	0.0008764462301425569	647987	5719368.815103848	3030788829.3150067	0.001111065399404004	0.1568582818856417	6	451614	4.5951082026273624e-08	1.9952593815626066e-07	2.3370571348596294e-06	7.818983866959019e-06	2.689953282571471e-05	0.00010766419960124607	0.000535233383871811	0.0008764462301425569	0.029899017466526456	0.15164232573520303	0.00010000000000000009	0.00022765337027441743	0.0026665151317719718	0.008921236235664144	0.03069159510371723	0.12284176244757666	0.6106859331059632	1.0	1.0	1.0
clipped_alpha_over_rho_global__global_q950	INTERGENIC	529.9166616622495	0.0018870891827843024	0.0008764462301425569	33120	10370.0	1308005750.7008893	2.749257054607997e-05	0.027812613852376638	6	4550	3.309069565801727e-08	5.030630422831072e-08	9.314375088698323e-08	2.636568306484753e-06	7.632785465116457e-06	2.1535428419721177e-05	5.31409635742952e-05	9.283243154441469e-05	0.0002817496121550223	0.0013580797511672132	0.00010000000000000009	0.00010000000000000009	0.00010627434711178247	0.0030082487844758084	0.008708789201905702	0.02457130589313888	0.060632314620888514	0.10591914067485375	0.32146822299548766	1.0
clipped_alpha_over_rho_global__global_q950	INTRON	529.9166616622495	0.0018870891827843024	0.0008764462301425569	296039	301315.54418251116	1541887072.7065003	0.00022281494711678813	0.1674112639798581	0	128236	4.112879333651353e-06	7.084687325690333e-06	1.0301662624491059e-05	2.1281986302051612e-05	5.531311429546534e-05	0.00016392833289187328	0.00042525920068328937	0.0007455128897062976	0.002650187590432817	0.012232891022160594	0.004692677305466166	0.008083424951851277	0.011753901460464327	0.02428213570910108	0.06311067626643613	0.18703752409912217	0.485208545667564	0.8506088155402727	1.0	1.0
clipped_alpha_over_rho_global__global_q950	EXON-INTRON	529.9166616622495	0.0018870891827843024	0.0008764462301425569	318828	5407683.270921337	180896005.90761682	0.01651716221825815	1.0	0	318828	0.0008764462301425569	0.0008764462301425569	0.0008764462301425569	0.0008764462301425569	0.0008764462301425569	0.0011969683416811522	0.06574137245478748	0.10082030217807829	0.17964776159693707	0.39345452811949605	1.0	1.0	1.0	1.0	1.0	1.0	1.0	1.0	1.0	1.0
clipped_alpha_over_rho_global__exon-intron_q950	ALL	529.9166616622495	0.0018870891827843024	0.10082030217807829	647987	5719368.815103848	3030788829.3150067	0.001111065399404004	0.009394465873056044	3701	15496	4.5951082026273624e-08	1.9952593815626066e-07	2.3370571348596294e-06	7.818983866959019e-06	2.689953282571471e-05	0.00010766419960124607	0.000535233383871811	0.0008764462301425569	0.029899017466526456	0.15164232573520303	0.00010000000000000009	0.00010000000000000009	0.00010000000000000009	0.00010000000000000009	0.00026680670702813647	0.001067882135594867	0.005308785753552217	0.008693152184710734	0.29655750697628347	1.0
clipped_alpha_over_rho_global__exon-intron_q950	INTERGENIC	529.9166616622495	0.0018870891827843024	0.10082030217807829	33120	10370.0	1308005750.7008893	2.749257054607997e-05	0.00030956824759985406	2678	3	3.309069565801727e-08	5.030630422831072e-08	9.314375088698323e-08	2.636568306484753e-06	7.632785465116457e-06	2.1535428419721177e-05	5.31409635742952e-05	9.283243154441469e-05	0.0002817496121550223	0.0013580797511672132	0.00010000000000000009	0.00010000000000000009	0.00010000000000000009	0.00010000000000000009	0.00010000000000000009	0.0002136021015061358	0.0005270859383106451	0.0009207712091602876	0.0027945721850482982	0.013470300344552074
clipped_alpha_over_rho_global__exon-intron_q950	INTRON	529.9166616622495	0.0018870891827843024	0.10082030217807829	296039	301315.54418251116	1541887072.7065003	0.00022281494711678813	0.0022025537240458557	1023	131	4.112879333651353e-06	7.084687325690333e-06	1.0301662624491059e-05	2.1281986302051612e-05	5.531311429546534e-05	0.00016392833289187328	0.00042525920068328937	0.0007455128897062976	0.002650187590432817	0.012232891022160594	0.00010000000000000009	0.00010000000000000009	0.00010217845415991005	0.00021108830108901438	0.0005486307132641406	0.0016259456612451688	0.004217991728810298	0.007394471883148125	0.0262862492293646	0.12133360799250248
clipped_alpha_over_rho_global__exon-intron_q950	EXON-INTRON	529.9166616622495	0.0018870891827843024	0.10082030217807829	318828	5407683.270921337	180896005.90761682	0.01651716221825815	0.13638574240216333	0	15362	0.0008764462301425569	0.0008764462301425569	0.0008764462301425569	0.0008764462301425569	0.0008764462301425569	0.0011969683416811522	0.06574137245478748	0.10082030217807829	0.17964776159693707	0.39345452811949605	0.008693152184710734	0.008693152184710734	0.008693152184710734	0.008693152184710734	0.008693152184710734	0.011872294724597771	0.6520648226055592	1.0	1.0	1.0
clipped_alpha_over_rho_global__exon-intron_q990	ALL	529.9166616622495	0.0018870891827843024	0.17964776159693707	647987	5719368.815103848	3030788829.3150067	0.001111065399404004	0.005929268311508447	8591	3093	4.5951082026273624e-08	1.9952593815626066e-07	2.3370571348596294e-06	7.818983866959019e-06	2.689953282571471e-05	0.00010766419960124607	0.000535233383871811	0.0008764462301425569	0.029899017466526456	0.15164232573520303	0.00010000000000000009	0.00010000000000000009	0.00010000000000000009	0.00010000000000000009	0.0001497348621914216	0.0005993072145413347	0.0029793490278641845	0.004878692739344993	0.16643133875282431	0.8441091855930393
clipped_alpha_over_rho_global__exon-intron_q990	INTERGENIC	529.9166616622495	0.0018870891827843024	0.17964776159693707	33120	10370.0	1308005750.7008893	2.749257054607997e-05	0.00020224306888855738	5142	0	3.309069565801727e-08	5.030630422831072e-08	9.314375088698323e-08	2.636568306484753e-06	7.632785465116457e-06	2.1535428419721177e-05	5.31409635742952e-05	9.283243154441469e-05	0.0002817496121550223	0.0013580797511672132	0.00010000000000000009	0.00010000000000000009	0.00010000000000000009	0.00010000000000000009	0.00010000000000000009	0.0001198758516570815	0.00029580643311061006	0.0005167469425680699	0.001568344685458223	0.007559680894962888
clipped_alpha_over_rho_global__exon-intron_q990	INTRON	529.9166616622495	0.0018870891827843024	0.17964776159693707	296039	301315.54418251116	1541887072.7065003	0.00022281494711678813	0.0012462036962104697	3449	44	4.112879333651353e-06	7.084687325690333e-06	1.0301662624491059e-05	2.1281986302051612e-05	5.531311429546534e-05	0.00016392833289187328	0.00042525920068328937	0.0007455128897062976	0.002650187590432817	0.012232891022160594	0.00010000000000000009	0.00010000000000000009	0.00010000000000000009	0.00011846507917978122	0.0003078975980762143	0.0009124986108074515	0.0023671834088164877	0.004149859052399173	0.014752132544678482	0.06809375699100924
clipped_alpha_over_rho_global__exon-intron_q990	EXON-INTRON	529.9166616622495	0.0018870891827843024	0.17964776159693707	318828	5407683.270921337	180896005.90761682	0.01651716221825815	0.08725631955799322	0	3049	0.0008764462301425569	0.0008764462301425569	0.0008764462301425569	0.0008764462301425569	0.0008764462301425569	0.0011969683416811522	0.06574137245478748	0.10082030217807829	0.17964776159693707	0.39345452811949605	0.004878692739344993	0.004878692739344993	0.004878692739344993	0.004878692739344993	0.004878692739344993	0.006662862543017404	0.3659459593061156	0.5612110124938915	1.0	1.0
clipped_alpha_over_rho_global__exon-intron_max	ALL	529.9166616622495	0.0018870891827843024	1.3750571779586191	647987	5719368.815103848	3030788829.3150067	0.001111065399404004	0.0008699089156519807	65761	4	4.5951082026273624e-08	1.9952593815626066e-07	2.3370571348596294e-06	7.818983866959019e-06	2.689953282571471e-05	0.00010766419960124607	0.000535233383871811	0.0008764462301425569	0.029899017466526456	0.15164232573520303	0.00010000000000000009	0.00010000000000000009	0.00010000000000000009	0.00010000000000000009	0.00010000000000000009	0.00010000000000000009	0.00038924445648609867	0.0006373889349413897	0.02174383578064289	0.11028074189636827
clipped_alpha_over_rho_global__exon-intron_max	INTERGENIC	529.9166616622495	0.0018870891827843024	1.3750571779586191	33120	10370.0	1308005750.7008893	2.749257054607997e-05	0.00010580207870968958	19983	0	3.309069565801727e-08	5.030630422831072e-08	9.314375088698323e-08	2.636568306484753e-06	7.632785465116457e-06	2.1535428419721177e-05	5.31409635742952e-05	9.283243154441469e-05	0.0002817496121550223	0.0013580797511672132	0.00010000000000000009	0.00010000000000000009	0.00010000000000000009	0.00010000000000000009	0.00010000000000000009	0.00010000000000000009	0.00010000000000000009	0.00010000000000000009	0.0002049002882725949	0.000987653293940394
clipped_alpha_over_rho_global__exon-intron_max	INTRON	529.9166616622495	0.0018870891827843024	1.3750571779586191	296039	301315.54418251116	1541887072.7065003	0.00022281494711678813	0.00021091097797598605	45778	3	4.112879333651353e-06	7.084687325690333e-06	1.0301662624491059e-05	2.1281986302051612e-05	5.531311429546534e-05	0.00016392833289187328	0.00042525920068328937	0.0007455128897062976	0.002650187590432817	0.012232891022160594	0.00010000000000000009	0.00010000000000000009	0.00010000000000000009	0.00010000000000000009	0.00010000000000000009	0.00011921564827961389	0.000309266558147509	0.0005421686469889714	0.001927329010686835	0.008896278073557121
clipped_alpha_over_rho_global__exon-intron_max	EXON-INTRON	529.9166616622495	0.0018870891827843024	1.3750571779586191	318828	5407683.270921337	180896005.90761682	0.01651716221825815	0.012011982107376204	0	1	0.0008764462301425569	0.0008764462301425569	0.0008764462301425569	0.0008764462301425569	0.0008764462301425569	0.0011969683416811522	0.06574137245478748	0.10082030217807829	0.17964776159693707	0.39345452811949605	0.0006373889349413897	0.0006373889349413897	0.0006373889349413897	0.0006373889349413897	0.0006373889349413897	0.0008704862320402898	0.04780991911360788	0.07332080715927318	0.1306474846839739	0.28613684901715164
five_prior_fragments_over_rho__exon-intron_q990	ALL	2649.583308311247	0.0018870891827843024	0.06349096364808826	647987	5719368.815103848	3030788829.3150067	0.000667182691296604	0.01023471070072304	41	3034	2.297330339096577e-07	9.972079431454032e-07	1.1627684658635986e-05	3.781620147900325e-05	0.00012016351061190152	0.00039130466989846854	0.0011366221865006345	0.0015334422503626636	0.011484641296138614	0.05428108945580659	0.00010000000000000009	0.00010000000000000009	0.00018313920581021292	0.0005956154908690203	0.0018926080769215037	0.006163155312421394	0.017902109547440436	0.024152133819579164	0.18088623382367605	0.8549419686976355
five_prior_fragments_over_rho__exon-intron_q990	INTERGENIC	2649.583308311247	0.0018870891827843024	0.06349096364808826	33120	10370.0	1308005750.7008893	9.180952630048861e-05	0.00146049270357717	41	0	1.6544187399125131e-07	2.5150470254241926e-07	4.656268240072559e-07	1.3109576750057448e-05	3.694935042356091e-05	9.952480760972099e-05	0.0002259222419508438	0.0003622469451324855	0.000792148705469887	0.001633923534564207	0.00010000000000000009	0.00010000000000000009	0.00010000000000000009	0.00020647941056179203	0.0005819623502386938	0.0015675428736813277	0.0035583369501692285	0.0057054882193994325	0.0124765582368624	0.025734741460541756
five_prior_fragments_over_rho__exon-intron_q990	INTRON	2649.583308311247	0.0018870891827843024	0.06349096364808826	296039	301315.54418251116	1541887072.7065003	0.0004178133435351504	0.006578508786123151	0	28	1.9897158196090782e-05	3.425899255129908e-05	4.877797310647329e-05	9.596988088394573e-05	0.0002256571482486386	0.000536143423528337	0.0010092091372870785	0.0013213474296759203	0.002326833744175832	0.006940115917395327	0.00031338567022505564	0.0005395884797273921	0.0007682663847541399	0.0015115518078427416	0.003554161652032717	0.008444405199140187	0.015895319259616656	0.02081158252692084	0.03664826631192413	0.10930871920392247
five_prior_fragments_over_rho__exon-intron_q990	EXON-INTRON	2649.583308311247	0.0018870891827843024	0.06349096364808826	318828	5407683.270921337	180896005.90761682	0.006953063778340824	0.10484253788645172	0	3006	0.0015334422503626636	0.0015334422503626636	0.0015334422503626636	0.0015334422503626636	0.0015334422503626636	0.0016919840320961427	0.024221472038150817	0.0364959255586314	0.06349096364808826	0.13830404305106958	0.024152133819579164	0.024152133819579164	0.024152133819579164	0.024152133819579164	0.024152133819579164	0.02664921013759237	0.38149479306068346	0.574820784905984	1.0	1.0
