kappa_label	kappa_len	reference_label	rho_ref	rho_ref_over_current	rho_ref_over_rho_global
current_alpha_used_as_length	1.0	global_q950	0.0002132057904769226	1.0	0.11298130073659185
current_alpha_used_as_length	1.0	global_q990	0.05554876653685932	260.5406092048514	29.436216922668166
current_alpha_used_as_length	1.0	global_q999	0.2875885803103244	1348.8779064912544	152.39798041023283
current_alpha_used_as_length	1.0	global_max	1086.8548118762058	5097679.614821939	575942.4736209911
current_alpha_used_as_length	1.0	intergenic_q500	1.446213206622578e-08	6.783179778501917e-05	7.663724745052935e-06
current_alpha_used_as_length	1.0	intergenic_q950	2.537345174780936e-07	0.0011900920557106438	0.00013445814845047306
current_alpha_used_as_length	1.0	intergenic_q990	8.038862098299962e-05	0.377047081147174	0.04259926966694302
current_alpha_used_as_length	1.0	intergenic_q999	0.001251326756628764	5.869103056861899	0.6630988975213647
current_alpha_used_as_length	1.0	intergenic_max	52.97305723069403	248459.74920379958	28071.305645732667
current_alpha_used_as_length	1.0	intron_q500	1.1811269757295799e-07	0.000553984473445821	6.258988639778477e-05
current_alpha_used_as_length	1.0	intron_q950	0.00037956859370888235	1.7802921433785677	0.20113972205004563
current_alpha_used_as_length	1.0	intron_q990	0.002844985642272265	13.34384791289337	1.5076052940299491
current_alpha_used_as_length	1.0	intron_q999	0.01900637004508968	89.14565595321825	10.071792164611301
current_alpha_used_as_length	1.0	intron_max	1086.8548118762058	5097679.614821939	575942.4736209911
current_alpha_used_as_length	1.0	exon-intron_q500	3.083203762434042e-06	0.01446116334616047	0.0016338410450135348
current_alpha_used_as_length	1.0	exon-intron_q950	0.1927668533311797	904.135168655491	102.15036739639523
current_alpha_used_as_length	1.0	exon-intron_q990	0.33982728397448775	1593.8933141277448	180.08013986550978
current_alpha_used_as_length	1.0	exon-intron_q999	0.7418234079095852	3479.3773951926514	393.1045838623605
current_alpha_used_as_length	1.0	exon-intron_max	2.5617037392719957	12015.169632783845	1357.4894936827175
raw_alpha_over_rho_global	498.2999075078806	global_q950	0.0008476427698662644	3.975702385803697	0.4491800268896732
raw_alpha_over_rho_global	498.2999075078806	global_q990	0.03059466993969328	143.49830682954573	16.212625359100638
raw_alpha_over_rho_global	498.2999075078806	global_q999	0.15591037014785078	731.2670532966904	82.61950286727472
raw_alpha_over_rho_global	498.2999075078806	global_max	2.333269562215097	10943.743868286965	1236.4384171671625
raw_alpha_over_rho_global	498.2999075078806	intergenic_q500	7.179118233750389e-06	0.03367224791452114	0.0038043343681075908
raw_alpha_over_rho_global	498.2999075078806	intergenic_q950	8.800953970446091e-05	0.41279150771464185	0.04663772147461912
raw_alpha_over_rho_global	498.2999075078806	intergenic_q990	0.0002711714556635137	1.2718765989278575	0.14369827252330186
raw_alpha_over_rho_global	498.2999075078806	intergenic_q999	0.0013574299641237405	6.366759369374017	0.7193247550287596
raw_alpha_over_rho_global	498.2999075078806	intergenic_max	0.12796067309984693	600.1744737495645	67.80849271312529
raw_alpha_over_rho_global	498.2999075078806	intron_q500	5.229529531432273e-05	0.24528083968705894	0.02771214831360738
raw_alpha_over_rho_global	498.2999075078806	intron_q950	0.0007267867365032952	3.408850833167041	0.3851364011482271
raw_alpha_over_rho_global	498.2999075078806	intron_q990	0.0026559469863305534	12.45719912385791	1.407430560548199
raw_alpha_over_rho_global	498.2999075078806	intron_q999	0.012462066767864786	58.450883252224244	6.603856819038967
raw_alpha_over_rho_global	498.2999075078806	intron_max	2.333269562215097	10943.743868286965	1236.4384171671625
raw_alpha_over_rho_global	498.2999075078806	exon-intron_q500	0.0008476427698662644	3.975702385803697	0.4491800268896732
raw_alpha_over_rho_global	498.2999075078806	exon-intron_q950	0.10363991207400372	486.10270782125735	54.920516221225114
raw_alpha_over_rho_global	498.2999075078806	exon-intron_q990	0.18472074011475925	866.3964505914928	97.88659794139319
raw_alpha_over_rho_global	498.2999075078806	exon-intron_q999	0.4046142528703807	1897.7639020276804	214.41183414203738
raw_alpha_over_rho_global	498.2999075078806	exon-intron_max	1.4141927104444114	6632.9939129748145	749.4042800657907
clipped_alpha_over_rho_global	529.9166616622495	global_q950	0.0008764462301425569	4.110799374548054	0.46444346040360734
clipped_alpha_over_rho_global	529.9166616622495	global_q990	0.029899017466526456	140.23548516034666	15.843987522842987
clipped_alpha_over_rho_global	529.9166616622495	global_q999	0.15164232573520303	711.2486269532947	80.35779502029821
clipped_alpha_over_rho_global	529.9166616622495	global_max	2.1941889297788477	10291.413403316299	1162.737272724671
clipped_alpha_over_rho_global	529.9166616622495	intergenic_q500	7.632785465116457e-06	0.035800085204264795	0.0040447401928586525
clipped_alpha_over_rho_global	529.9166616622495	intergenic_q950	9.283243154441469e-05	0.4354123372388559	0.04919345221800553
clipped_alpha_over_rho_global	529.9166616622495	intergenic_q990	0.0002817496121550223	1.3214913700269264	0.14930381389782293
clipped_alpha_over_rho_global	529.9166616622495	intergenic_q999	0.0013580797511672132	6.3698070682288135	0.719669088009628
clipped_alpha_over_rho_global	529.9166616622495	intergenic_max	0.12067270451790556	565.9916845971741	63.94647673188356
clipped_alpha_over_rho_global	529.9166616622495	intron_q500	5.531311429546534e-05	0.25943532852337065	0.02931134087359544
clipped_alpha_over_rho_global	529.9166616622495	intron_q950	0.0007455128897062976	3.4966821869080142	0.395059701739338
clipped_alpha_over_rho_global	529.9166616622495	intron_q990	0.002650187590432817	12.430185805482019	1.4043785607008792
clipped_alpha_over_rho_global	529.9166616622495	intron_q999	0.012232891022160594	57.37597930523694	6.482412772941444
clipped_alpha_over_rho_global	529.9166616622495	intron_max	2.1941889297788477	10291.413403316299	1162.737272724671
clipped_alpha_over_rho_global	529.9166616622495	exon-intron_q500	0.0008764462301425569	4.110799374548054	0.46444346040360734
clipped_alpha_over_rho_global	529.9166616622495	exon-intron_q950	0.10082030217807829	472.8778798763023	53.42635795798646
clipped_alpha_over_rho_global	529.9166616622495	exon-intron_q990	0.17964776159693707	842.6026384887616	95.19834210054455
clipped_alpha_over_rho_global	529.9166616622495	exon-intron_q999	0.39345452811949605	1845.4213989187294	208.498110056979
clipped_alpha_over_rho_global	529.9166616622495	exon-intron_max	1.3750571779586191	6449.436363256069	728.6657093385451
one_prior_fragment_over_rho	529.9166616622495	global_q950	0.0008764462301425569	4.110799374548054	0.46444346040360734
one_prior_fragment_over_rho	529.9166616622495	global_q990	0.029899017466526456	140.23548516034666	15.843987522842987
one_prior_fragment_over_rho	529.9166616622495	global_q999	0.15164232573520303	711.2486269532947	80.35779502029821
one_prior_fragment_over_rho	529.9166616622495	global_max	2.1941889297788477	10291.413403316299	1162.737272724671
one_prior_fragment_over_rho	529.9166616622495	intergenic_q500	7.632785465116457e-06	0.035800085204264795	0.0040447401928586525
one_prior_fragment_over_rho	529.9166616622495	intergenic_q950	9.283243154441469e-05	0.4354123372388559	0.04919345221800553
one_prior_fragment_over_rho	529.9166616622495	intergenic_q990	0.0002817496121550223	1.3214913700269264	0.14930381389782293
one_prior_fragment_over_rho	529.9166616622495	intergenic_q999	0.0013580797511672132	6.3698070682288135	0.719669088009628
one_prior_fragment_over_rho	529.9166616622495	intergenic_max	0.12067270451790556	565.9916845971741	63.94647673188356
one_prior_fragment_over_rho	529.9166616622495	intron_q500	5.531311429546534e-05	0.25943532852337065	0.02931134087359544
one_prior_fragment_over_rho	529.9166616622495	intron_q950	0.0007455128897062976	3.4966821869080142	0.395059701739338
one_prior_fragment_over_rho	529.9166616622495	intron_q990	0.002650187590432817	12.430185805482019	1.4043785607008792
one_prior_fragment_over_rho	529.9166616622495	intron_q999	0.012232891022160594	57.37597930523694	6.482412772941444
one_prior_fragment_over_rho	529.9166616622495	intron_max	2.1941889297788477	10291.413403316299	1162.737272724671
one_prior_fragment_over_rho	529.9166616622495	exon-intron_q500	0.0008764462301425569	4.110799374548054	0.46444346040360734
one_prior_fragment_over_rho	529.9166616622495	exon-intron_q950	0.10082030217807829	472.8778798763023	53.42635795798646
one_prior_fragment_over_rho	529.9166616622495	exon-intron_q990	0.17964776159693707	842.6026384887616	95.19834210054455
one_prior_fragment_over_rho	529.9166616622495	exon-intron_q999	0.39345452811949605	1845.4213989187294	208.498110056979
one_prior_fragment_over_rho	529.9166616622495	exon-intron_max	1.3750571779586191	6449.436363256069	728.6657093385451
five_prior_fragments_over_rho	2649.583308311247	global_q950	0.0015334422503626636	7.192310522769987	0.8125965981640301
five_prior_fragments_over_rho	2649.583308311247	global_q990	0.011484641296138614	53.86646052364939	6.085902776038184
five_prior_fragments_over_rho	2649.583308311247	global_q999	0.05428108945580659	254.59481815378732	28.76445371581096
five_prior_fragments_over_rho	2649.583308311247	global_max	0.48239050368674524	2262.5581725884654	255.62676533125108
five_prior_fragments_over_rho	2649.583308311247	intergenic_q500	3.694935042356091e-05	0.1733036909593706	0.01958007642704202
five_prior_fragments_over_rho	2649.583308311247	intergenic_q950	0.0003622469451324855	1.6990483434909105	0.19196069186195475
five_prior_fragments_over_rho	2649.583308311247	intergenic_q990	0.000792148705469887	3.7154183462743675	0.41977279754267505
five_prior_fragments_over_rho	2649.583308311247	intergenic_q999	0.001633923534564207	7.663598305230189	0.8658433048476476
five_prior_fragments_over_rho	2649.583308311247	intergenic_max	0.02751422776749436	129.05009618147542	14.580247726765377
five_prior_fragments_over_rho	2649.583308311247	intron_q500	0.0002256571482486386	1.05840065480334	0.11957948268014189
five_prior_fragments_over_rho	2649.583308311247	intron_q950	0.0013213474296759203	6.197521308967183	0.7002040188298576
five_prior_fragments_over_rho	2649.583308311247	intron_q990	0.002326833744175832	10.913557924345813	1.2330279699567295
five_prior_fragments_over_rho	2649.583308311247	intron_q999	0.006940115917395327	32.55125436260853	3.677683058495172
five_prior_fragments_over_rho	2649.583308311247	intron_max	0.44039315545197383	2065.5778366378	233.37167075601403
five_prior_fragments_over_rho	2649.583308311247	exon-intron_q500	0.0015334422503626636	7.192310522769987	0.8125965981640301
five_prior_fragments_over_rho	2649.583308311247	exon-intron_q950	0.0364959255586314	171.1769904419257	19.339799036303916
five_prior_fragments_over_rho	2649.583308311247	exon-intron_q990	0.06349096364808826	297.7919291313081	33.64491950211416
five_prior_fragments_over_rho	2649.583308311247	exon-intron_q999	0.13830404305106958	648.6880245686367	73.28961678801483
five_prior_fragments_over_rho	2649.583308311247	exon-intron_max	0.48239050368674524	2262.5581725884654	255.62676533125108
median_valid_E	611.0546445151376	global_q950	0.0009435445913921511	4.425511095554792	0.49999999999999994
median_valid_E	611.0546445151376	global_q990	0.02743573674253687	128.68194940280722	14.538654024849457
median_valid_E	611.0546445151376	global_q999	0.14169612229460737	664.5979078600333	75.08713609684418
median_valid_E	611.0546445151376	global_max	1.903120274080225	8926.212884852293	1008.495142382338
median_valid_E	611.0546445151376	intergenic_q500	8.796028974657072e-06	0.04125605104336579	0.004661162310134695
median_valid_E	611.0546445151376	intergenic_q950	0.00010517358180597912	0.49329608530197544	0.05573323336568595
median_valid_E	611.0546445151376	intergenic_q990	0.0003096081197892617	1.4521562434898956	0.1640665012622514
median_valid_E	611.0546445151376	intergenic_q999	0.0013662580487730869	6.408165771280825	0.724002904175013
median_valid_E	611.0546445151376	intergenic_max	0.105327288521445	494.0170165446122	55.814685115220705
median_valid_E	611.0546445151376	intron_q500	6.292353563912395e-05	0.29513051919635735	0.03334422994587014
median_valid_E	611.0546445151376	intron_q950	0.0007884980488510626	3.698295656451271	0.4178382537743524
median_valid_E	611.0546445151376	intron_q990	0.0026280039452260934	12.326137762710289	1.3926230774894324
median_valid_E	611.0546445151376	intron_q999	0.011719244175355081	54.966819377373206	6.210222750608926
median_valid_E	611.0546445151376	intron_max	1.903120274080225	8926.212884852293	1008.495142382338
median_valid_E	611.0546445151376	exon-intron_q500	0.0009435445913921511	4.425511095554792	0.49999999999999994
median_valid_E	611.0546445151376	exon-intron_q950	0.09424457199473035	442.03570542766937	49.941768971235035
median_valid_E	611.0546445151376	exon-intron_q990	0.167822547121046	787.1387861729352	88.93196392204024
median_valid_E	611.0546445151376	exon-intron_q999	0.36594170883183824	1716.377908936051	193.91860870714663
median_valid_E	611.0546445151376	exon-intron_max	1.2838900032081517	6021.83458683839	680.3547044415985
