TA1	TA2	TA3	TA4	TB	TC	NTA	gdna	strand_specificity	strand_symmetry_kappa	n_fragments	nrna_TB	nrna_TC	TA1_expected	TA2_expected	TA3_expected	TA4_expected	TB_expected	TC_expected	TA1_observed	TA2_observed	TA3_observed	TA4_observed	TB_observed	TC_observed	TA1_abs_diff	TA2_abs_diff	TA3_abs_diff	TA4_abs_diff	TB_abs_diff	TC_abs_diff	TA1_rel_err	TA2_rel_err	TA3_rel_err	TA4_rel_err	TB_rel_err	TC_rel_err	nrna_expected	nrna_observed	nrna_abs_diff	nrna_rel_err	gdna_expected	gdna_observed	gdna_abs_diff	total_mrna_expected	total_mrna_observed	total_mrna_rel_err	total_rna_expected	total_rna_observed	total_rna_rel_err	n_fragments_actual	n_intergenic	n_chimeric
100	0	0	3	0	0	0	0	1.0	2.0	50000	0	0	49086	0	0	914	0	0	49044.77	1.59	48.65	904.99	0.0	0.0	41.23	1.59	48.65	9.01	0.0	0.0	0.0008	0.0	0.0	0.0099	0.0	0.0	0	0.0	0.0	0.0	0	0.0	0.0	50000	50000.0	0.0	50000	50000.0	0.0	50000	0	0
100	0	0	3	0	0	0	0	1.0	6.0	50000	0	0	49086	0	0	914	0	0	49044.77	1.59	48.65	904.99	0.0	0.0	41.23	1.59	48.65	9.01	0.0	0.0	0.0008	0.0	0.0	0.0099	0.0	0.0	0	0.0	0.0	0.0	0	0.0	0.0	50000	50000.0	0.0	50000	50000.0	0.0	50000	0	0
100	0	0	3	0	0	0	0	0.95	2.0	50000	0	0	49051	0	0	949	0	0	49015.8	1.66	42.29	940.25	0.0	0.0	35.2	1.66	42.29	8.75	0.0	0.0	0.0007	0.0	0.0	0.0092	0.0	0.0	0	0.0	0.0	0.0	0	0.0	0.0	50000	50000.0	0.0	50000	50000.0	0.0	50000	0	0
100	0	0	3	0	0	0	0	0.95	6.0	50000	0	0	49051	0	0	949	0	0	49015.8	1.66	42.29	940.25	0.0	0.0	35.2	1.66	42.29	8.75	0.0	0.0	0.0007	0.0	0.0	0.0092	0.0	0.0	0	0.0	0.0	0.0	0	0.0	0.0	50000	50000.0	0.0	50000	50000.0	0.0	50000	0	0
100	0	0	3	0	0	0	0	0.9	2.0	50000	0	0	49051	0	0	949	0	0	49020.92	1.31	36.22	941.44	0.0	0.0	30.08	1.31	36.22	7.56	0.0	0.0	0.0006	0.0	0.0	0.008	0.0	0.0	0	0.0	0.0	0.0	0	0.11	0.11	50000	49999.89	0.0	50000	49999.89	0.0	50000	0	0
100	0	0	3	0	0	0	0	0.9	6.0	50000	0	0	49051	0	0	949	0	0	49020.9	1.31	36.25	941.43	0.0	0.0	30.1	1.31	36.25	7.57	0.0	0.0	0.0006	0.0	0.0	0.008	0.0	0.0	0	0.0	0.0	0.0	0	0.11	0.11	50000	49999.89	0.0	50000	49999.89	0.0	50000	0	0
100	0	0	3	0	0	0	10	1.0	2.0	50000	0	0	17913	0	0	341	0	0	17655.42	1.08	59.66	280.54	2.09	0.61	257.58	1.08	59.66	60.46	2.09	0.61	0.0144	0.0	0.0	0.1773	0.0	0.0	0	0.0	0.0	0.0	31746	32000.6	254.6	18254	17999.4	0.0139	18254	17999.4	0.0139	50000	18853	0
100	0	0	3	0	0	0	10	1.0	6.0	50000	0	0	17913	0	0	341	0	0	17822.77	1.1	13.32	373.99	2.09	21.49	90.23	1.1	13.32	32.99	2.09	21.49	0.005	0.0	0.0	0.0967	0.0	0.0	0	0.0	0.0	0.0	31746	31765.24	19.24	18254	18234.76	0.0011	18254	18234.76	0.0011	50000	18853	0
100	0	0	3	0	0	0	10	0.95	2.0	50000	0	0	17912	0	0	342	0	0	17449.8	0.78	20.55	289.0	2.34	0.53	462.2	0.78	20.55	53.0	2.34	0.53	0.0258	0.0	0.0	0.155	0.0	0.0	0	0.0	0.0	0.0	31746	32237.01	491.01	18254	17762.99	0.0269	18254	17762.99	0.0269	50000	18844	0
100	0	0	3	0	0	0	10	0.95	6.0	50000	0	0	17912	0	0	342	0	0	17567.25	0.8	14.17	311.48	2.34	5.95	344.75	0.8	14.17	30.52	2.34	5.95	0.0192	0.0	0.0	0.0892	0.0	0.0	0	749.72	749.72	0.0	31746	31348.3	397.7	18254	17901.98	0.0193	18254	18651.7	0.0218	50000	18844	0
100	0	0	3	0	0	0	10	0.9	2.0	50000	0	0	17912	0	0	342	0	0	17413.02	0.79	22.05	285.98	2.39	0.54	498.98	0.79	22.05	56.02	2.39	0.54	0.0279	0.0	0.0	0.1638	0.0	0.0	0	0.0	0.0	0.0	31746	32275.23	529.23	18254	17724.77	0.029	18254	17724.77	0.029	50000	18844	0
100	0	0	3	0	0	0	10	0.9	6.0	50000	0	0	17912	0	0	342	0	0	17563.62	0.81	13.48	315.33	2.39	7.01	348.38	0.81	13.48	26.67	2.39	7.01	0.0194	0.0	0.0	0.078	0.0	0.0	0	939.75	939.75	0.0	31746	31157.62	588.38	18254	17902.64	0.0192	18254	18842.38	0.0322	50000	18844	0
100	0	0	3	0	0	0	100	1.0	2.0	50000	0	0	2667	0	0	52	0	0	2329.5	0.75	7.8	33.52	2.57	0.6	337.5	0.75	7.8	18.48	2.57	0.6	0.1265	0.0	0.0	0.3553	0.0	0.0	0	0.0	0.0	0.0	47281	47625.25	344.25	2719	2374.75	0.1266	2719	2374.75	0.1266	50000	28315	0
100	0	0	3	0	0	0	100	1.0	6.0	50000	0	0	2667	0	0	52	0	0	2512.3	0.94	2.57	96.22	2.57	37.25	154.7	0.94	2.57	44.22	2.57	37.25	0.058	0.0	0.0	0.8504	0.0	0.0	0	0.0	0.0	0.0	47281	47348.16	67.16	2719	2651.84	0.0247	2719	2651.84	0.0247	50000	28315	0
100	0	0	3	0	0	0	100	0.95	2.0	50000	0	0	2662	0	0	57	0	0	2269.75	0.57	10.36	15.91	2.67	0.69	392.25	0.57	10.36	41.09	2.67	0.69	0.1474	0.0	0.0	0.7209	0.0	0.0	0	0.0	0.0	0.0	47281	47700.05	419.05	2719	2299.95	0.1541	2719	2299.95	0.1541	50000	28152	0
100	0	0	3	0	0	0	100	0.95	6.0	50000	0	0	2662	0	0	57	0	0	2335.0	0.63	6.29	22.29	2.67	84.1	327.0	0.63	6.29	34.71	2.67	84.1	0.1228	0.0	0.0	0.609	0.0	0.0	0	1143.8	1143.8	0.0	47281	46405.23	875.77	2719	2450.97	0.0986	2719	3594.77	0.3221	50000	28152	0
100	0	0	3	0	0	0	100	0.9	2.0	50000	0	0	2662	0	0	57	0	0	2219.27	0.54	12.27	13.19	2.65	0.68	442.73	0.54	12.27	43.81	2.65	0.68	0.1663	0.0	0.0	0.7685	0.0	0.0	0	0.0	0.0	0.0	47281	47751.4	470.4	2719	2248.6	0.173	2719	2248.6	0.173	50000	28152	0
100	0	0	3	0	0	0	100	0.9	6.0	50000	0	0	2662	0	0	57	0	0	2304.44	0.61	6.82	20.94	2.65	91.23	357.56	0.61	6.82	36.06	2.65	91.23	0.1343	0.0	0.0	0.6326	0.0	0.0	0	1295.22	1295.22	0.0	47281	46278.09	1002.91	2719	2426.7	0.1075	2719	3721.91	0.3689	50000	28152	0
100	0	0	3	0	0	0	1000	1.0	2.0	50000	0	0	280	0	0	6	0	0	161.38	0.29	0.52	0.36	2.85	0.55	118.62	0.29	0.52	5.64	2.85	0.55	0.4237	0.0	0.0	0.9396	0.0	0.0	0	0.0	0.0	0.0	49714	49834.06	120.06	286	165.94	0.4198	286	165.94	0.4198	50000	29685	0
100	0	0	3	0	0	0	1000	1.0	6.0	50000	0	0	280	0	0	6	0	0	216.8	0.79	0.96	1.15	2.85	16.77	63.2	0.79	0.96	4.85	2.85	16.77	0.2257	0.0	0.0	0.8085	0.0	0.0	0	0.0	0.0	0.0	49714	49760.69	46.69	286	239.31	0.1632	286	239.31	0.1632	50000	29685	0
100	0	0	3	0	0	0	1000	0.95	2.0	50000	0	0	278	0	0	8	0	0	168.98	0.29	0.65	0.31	2.57	0.53	109.02	0.29	0.65	7.69	2.57	0.53	0.3922	0.0	0.0	0.9617	0.0	0.0	0	0.0	0.0	0.0	49714	49826.68	112.68	286	173.32	0.394	286	173.32	0.394	50000	29787	0
100	0	0	3	0	0	0	1000	0.95	6.0	50000	0	0	278	0	0	8	0	0	232.83	0.83	1.29	0.8	2.57	22.01	45.17	0.83	1.29	7.2	2.57	22.01	0.1625	0.0	0.0	0.9002	0.0	0.0	0	0.0	0.0	0.0	49714	49739.68	25.68	286	260.32	0.0898	286	260.32	0.0898	50000	29787	0
100	0	0	3	0	0	0	1000	0.9	2.0	50000	0	0	278	0	0	8	0	0	167.79	0.29	0.66	0.31	2.56	0.53	110.21	0.29	0.66	7.69	2.56	0.53	0.3964	0.0	0.0	0.9613	0.0	0.0	0	0.0	0.0	0.0	49714	49827.86	113.86	286	172.14	0.3981	286	172.14	0.3981	50000	29787	0
100	0	0	3	0	0	0	1000	0.9	6.0	50000	0	0	278	0	0	8	0	0	234.02	0.88	1.38	0.85	2.56	24.25	43.98	0.88	1.38	7.15	2.56	24.25	0.1582	0.0	0.0	0.8937	0.0	0.0	0	0.0	0.0	0.0	49714	49736.07	22.07	286	263.93	0.0772	286	263.93	0.0772	50000	29787	0
100	0	0	3	0	0	10	0	1.0	2.0	50000	0	0	37512	0	0	707	0	0	37402.79	1.02	24.3	766.15	0.0	0.0	109.21	1.02	24.3	59.15	0.0	0.0	0.0029	0.0	0.0	0.0837	0.0	0.0	11781	11805.74	24.74	0.0021	0	0.0	0.0	38219	38194.26	0.0006	50000	50000.0	0.0	50000	0	0
100	0	0	3	0	0	10	0	1.0	6.0	50000	0	0	37512	0	0	707	0	0	37402.79	1.02	24.3	766.15	0.0	0.0	109.21	1.02	24.3	59.15	0.0	0.0	0.0029	0.0	0.0	0.0837	0.0	0.0	11781	11805.74	24.74	0.0021	0	0.0	0.0	38219	38194.26	0.0006	50000	50000.0	0.0	50000	0	0
100	0	0	3	0	0	10	0	0.95	2.0	50000	0	0	37434	0	0	785	0	0	37404.48	0.97	52.13	722.24	0.0	0.0	29.52	0.97	52.13	62.76	0.0	0.0	0.0008	0.0	0.0	0.0799	0.0	0.0	11781	11820.19	39.19	0.0033	0	0.0	0.0	38219	38179.81	0.001	50000	50000.0	0.0	50000	0	0
100	0	0	3	0	0	10	0	0.95	6.0	50000	0	0	37434	0	0	785	0	0	37404.48	0.97	52.13	722.24	0.0	0.0	29.52	0.97	52.13	62.76	0.0	0.0	0.0008	0.0	0.0	0.0799	0.0	0.0	11781	11820.19	39.19	0.0033	0	0.0	0.0	38219	38179.81	0.001	50000	50000.0	0.0	50000	0	0
100	0	0	3	0	0	10	0	0.9	2.0	50000	0	0	37434	0	0	785	0	0	37404.47	0.97	52.13	722.24	0.0	0.0	29.53	0.97	52.13	62.76	0.0	0.0	0.0008	0.0	0.0	0.08	0.0	0.0	11781	11820.19	39.19	0.0033	0	0.0	0.0	38219	38179.81	0.001	50000	50000.0	0.0	50000	0	0
100	0	0	3	0	0	10	0	0.9	6.0	50000	0	0	37434	0	0	785	0	0	37404.47	0.97	52.13	722.24	0.0	0.0	29.53	0.97	52.13	62.76	0.0	0.0	0.0008	0.0	0.0	0.08	0.0	0.0	11781	11820.19	39.19	0.0033	0	0.0	0.0	38219	38179.81	0.001	50000	50000.0	0.0	50000	0	0
100	0	0	3	0	0	10	10	1.0	2.0	50000	0	0	16105	0	0	303	0	0	15920.1	0.76	12.28	274.82	3.31	0.51	184.9	0.76	12.28	28.18	3.31	0.51	0.0115	0.0	0.0	0.093	0.0	0.0	5058	4953.48	104.52	0.0207	28534	28834.73	300.73	16408	16211.79	0.012	21466	21165.27	0.014	50000	16935	0
100	0	0	3	0	0	10	10	1.0	6.0	50000	0	0	16105	0	0	303	0	0	15920.97	0.76	12.18	274.9	3.31	2.3	184.03	0.76	12.18	28.1	3.31	2.3	0.0114	0.0	0.0	0.0928	0.0	0.0	5058	5686.27	628.27	0.1242	28534	28099.3	434.7	16408	16214.43	0.0118	21466	21900.7	0.0203	50000	16935	0
100	0	0	3	0	0	10	10	0.95	2.0	50000	0	0	16119	0	0	289	0	0	15688.62	0.82	35.01	270.05	2.6	0.45	430.38	0.82	35.01	18.95	2.6	0.45	0.0267	0.0	0.0	0.0656	0.0	0.0	5058	4486.84	571.16	0.1129	28534	29515.62	981.62	16408	15997.55	0.025	21466	20484.38	0.0457	50000	16921	0
100	0	0	3	0	0	10	10	0.95	6.0	50000	0	0	16119	0	0	289	0	0	15765.46	0.83	34.54	273.86	2.6	4.68	353.54	0.83	34.54	15.14	2.6	4.68	0.0219	0.0	0.0	0.0524	0.0	0.0	5058	5831.33	773.33	0.1529	28534	28086.7	447.3	16408	16081.98	0.0199	21466	21913.3	0.0208	50000	16921	0
100	0	0	3	0	0	10	10	0.9	2.0	50000	0	0	16119	0	0	289	0	0	15620.06	0.82	36.42	267.59	2.61	0.45	498.94	0.82	36.42	21.41	2.61	0.45	0.031	0.0	0.0	0.0741	0.0	0.0	5058	4188.87	869.13	0.1718	28534	29883.17	1349.17	16408	15927.97	0.0293	21466	20116.83	0.0629	50000	16921	0
100	0	0	3	0	0	10	10	0.9	6.0	50000	0	0	16119	0	0	289	0	0	15722.04	0.84	34.11	274.24	2.61	5.04	396.96	0.84	34.11	14.76	2.61	5.04	0.0246	0.0	0.0	0.0511	0.0	0.0	5058	6047.06	989.06	0.1955	28534	27914.06	619.94	16408	16038.88	0.0225	21466	22085.94	0.0289	50000	16921	0
100	0	0	3	0	0	10	100	1.0	2.0	50000	0	0	2622	0	0	52	0	0	2339.63	0.66	32.85	11.99	2.91	0.7	282.37	0.66	32.85	40.01	2.91	0.7	0.1077	0.0	0.0	0.7695	0.0	0.0	824	412.55	411.45	0.4993	46502	47198.7	696.7	2674	2388.74	0.1067	3498	2801.3	0.1992	50000	27827	0
100	0	0	3	0	0	10	100	1.0	6.0	50000	0	0	2622	0	0	52	0	0	2339.71	0.66	33.28	11.64	2.91	69.06	282.29	0.66	33.28	40.36	2.91	69.06	0.1077	0.0	0.0	0.7762	0.0	0.0	824	1663.67	839.67	1.019	46502	45879.07	622.93	2674	2457.26	0.0811	3498	4120.93	0.1781	50000	27827	0
100	0	0	3	0	0	10	100	0.95	2.0	50000	0	0	2626	0	0	48	0	0	2261.88	0.6	14.85	48.19	2.55	0.53	364.12	0.6	14.85	0.19	2.55	0.53	0.1387	0.0	0.0	0.0039	0.0	0.0	824	0.0	824.0	1.0	46502	47671.41	1169.41	2674	2328.59	0.1292	3498	2328.59	0.3343	50000	27756	0
100	0	0	3	0	0	10	100	0.95	6.0	50000	0	0	2626	0	0	48	0	0	2261.98	0.61	19.89	43.48	2.55	13.11	364.02	0.61	19.89	4.52	2.55	13.11	0.1386	0.0	0.0	0.0943	0.0	0.0	824	1630.99	806.99	0.9794	46502	46027.4	474.6	2674	2341.61	0.1243	3498	3972.6	0.1357	50000	27756	0
100	0	0	3	0	0	10	100	0.9	2.0	50000	0	0	2626	0	0	48	0	0	2217.14	0.59	22.13	40.55	2.54	0.53	408.86	0.59	22.13	7.45	2.54	0.53	0.1557	0.0	0.0	0.1552	0.0	0.0	824	0.0	824.0	1.0	46502	47716.51	1214.51	2674	2283.49	0.146	3498	2283.49	0.3472	50000	27756	0
100	0	0	3	0	0	10	100	0.9	6.0	50000	0	0	2626	0	0	48	0	0	2252.89	0.62	23.67	41.2	2.54	14.39	373.11	0.62	23.67	6.8	2.54	14.39	0.1421	0.0	0.0	0.1416	0.0	0.0	824	1874.17	1050.17	1.2745	46502	45790.5	711.5	2674	2335.32	0.1267	3498	4209.5	0.2034	50000	27756	0
100	0	0	3	0	0	10	1000	1.0	2.0	50000	0	0	277	0	0	8	0	0	159.15	0.36	8.66	13.2	2.96	0.56	117.85	0.36	8.66	5.2	2.96	0.56	0.4255	0.0	0.0	0.6498	0.0	0.0	88	0.0	88.0	1.0	49627	49815.12	188.12	285	184.88	0.3513	373	184.88	0.5043	50000	29667	0
100	0	0	3	0	0	10	1000	1.0	6.0	50000	0	0	277	0	0	8	0	0	225.16	1.26	3.71	45.55	2.96	19.95	51.84	1.26	3.71	37.55	2.96	19.95	0.1872	0.0	0.0	4.6942	0.0	0.0	88	0.0	88.0	1.0	49627	49701.42	74.42	285	298.58	0.0477	373	298.58	0.1995	50000	29667	0
100	0	0	3	0	0	10	1000	0.95	2.0	50000	0	0	279	0	0	6	0	0	159.52	0.3	0.47	0.34	2.73	0.52	119.48	0.3	0.47	5.66	2.73	0.52	0.4282	0.0	0.0	0.9431	0.0	0.0	88	0.0	88.0	1.0	49627	49836.12	209.12	285	163.88	0.425	373	163.88	0.5606	50000	29616	0
100	0	0	3	0	0	10	1000	0.95	6.0	50000	0	0	279	0	0	6	0	0	224.91	1.05	0.96	1.12	2.73	39.12	54.09	1.05	0.96	4.88	2.73	39.12	0.1939	0.0	0.0	0.8132	0.0	0.0	88	0.0	88.0	1.0	49627	49730.11	103.11	285	269.89	0.053	373	269.89	0.2764	50000	29616	0
100	0	0	3	0	0	10	1000	0.9	2.0	50000	0	0	279	0	0	6	0	0	157.69	0.29	0.46	0.33	2.71	0.51	121.31	0.29	0.46	5.67	2.71	0.51	0.4348	0.0	0.0	0.9445	0.0	0.0	88	0.0	88.0	1.0	49627	49838.0	211.0	285	162.0	0.4316	373	162.0	0.5657	50000	29616	0
100	0	0	3	0	0	10	1000	0.9	6.0	50000	0	0	279	0	0	6	0	0	224.75	1.08	0.97	1.11	2.71	43.19	54.25	1.08	0.97	4.89	2.71	43.19	0.1945	0.0	0.0	0.8154	0.0	0.0	88	0.0	88.0	1.0	49627	49726.2	99.2	285	273.8	0.0393	373	273.8	0.266	50000	29616	0
100	0	0	3	0	0	100	0	1.0	2.0	50000	0	0	12015	0	0	232	0	0	12023.07	0.68	12.85	182.01	0.0	0.0	8.07	0.68	12.85	49.99	0.0	0.0	0.0007	0.0	0.0	0.2155	0.0	0.0	37753	37781.39	28.39	0.0008	0	0.0	0.0	12247	12218.61	0.0023	50000	50000.0	0.0	50000	0	0
100	0	0	3	0	0	100	0	1.0	6.0	50000	0	0	12015	0	0	232	0	0	12023.07	0.68	12.85	182.01	0.0	0.0	8.07	0.68	12.85	49.99	0.0	0.0	0.0007	0.0	0.0	0.2155	0.0	0.0	37753	37781.39	28.39	0.0008	0	0.0	0.0	12247	12218.61	0.0023	50000	50000.0	0.0	50000	0	0
100	0	0	3	0	0	100	0	0.95	2.0	50000	0	0	12005	0	0	242	0	0	11891.22	0.55	80.75	229.32	0.0	0.0	113.78	0.55	80.75	12.68	0.0	0.0	0.0095	0.0	0.0	0.0524	0.0	0.0	37753	37531.86	221.14	0.0059	0	266.3	266.3	12247	12201.84	0.0037	50000	49733.7	0.0053	50000	0	0
100	0	0	3	0	0	100	0	0.95	6.0	50000	0	0	12005	0	0	242	0	0	11892.42	0.55	82.15	228.15	0.0	0.0	112.58	0.55	82.15	13.85	0.0	0.0	0.0094	0.0	0.0	0.0572	0.0	0.0	37753	37770.73	17.73	0.0005	0	26.0	26.0	12247	12203.27	0.0036	50000	49974.0	0.0005	50000	0	0
100	0	0	3	0	0	100	0	0.9	2.0	50000	0	0	12005	0	0	242	0	0	11890.56	0.55	83.17	227.21	0.0	0.0	114.44	0.55	83.17	14.79	0.0	0.0	0.0095	0.0	0.0	0.0611	0.0	0.0	37753	37282.72	470.28	0.0125	0	515.78	515.78	12247	12201.5	0.0037	50000	49484.22	0.0103	50000	0	0
100	0	0	3	0	0	100	0	0.9	6.0	50000	0	0	12005	0	0	242	0	0	11892.27	0.55	82.69	227.73	0.0	0.0	112.73	0.55	82.69	14.27	0.0	0.0	0.0094	0.0	0.0	0.059	0.0	0.0	37753	37771.83	18.83	0.0005	0	24.93	24.93	12247	12203.24	0.0036	50000	49975.07	0.0005	50000	0	0
100	0	0	3	0	0	100	10	1.0	2.0	50000	0	0	8423	0	0	166	0	0	8325.99	0.61	21.32	104.09	2.9	0.49	97.01	0.61	21.32	61.91	2.9	0.49	0.0115	0.0	0.0	0.373	0.0	0.0	26475	26553.95	78.95	0.003	14936	14990.65	54.65	8589	8455.4	0.0156	35064	35009.35	0.0016	50000	8897	0
100	0	0	3	0	0	100	10	1.0	6.0	50000	0	0	8423	0	0	166	0	0	8325.98	0.61	22.09	103.52	2.9	1.96	97.02	0.61	22.09	62.48	2.9	1.96	0.0115	0.0	0.0	0.3764	0.0	0.0	26475	26952.67	477.67	0.018	14936	14590.27	345.73	8589	8457.06	0.0154	35064	35409.73	0.0099	50000	8897	0
100	0	0	3	0	0	100	10	0.95	2.0	50000	0	0	8434	0	0	155	0	0	8313.21	0.51	39.48	64.27	2.99	0.64	120.79	0.51	39.48	90.73	2.99	0.64	0.0143	0.0	0.0	0.5854	0.0	0.0	26475	25988.3	486.7	0.0184	14936	15590.6	654.6	8589	8421.11	0.0195	35064	34409.4	0.0187	50000	8820	0
100	0	0	3	0	0	100	10	0.95	6.0	50000	0	0	8434	0	0	155	0	0	8321.38	0.51	44.16	60.59	2.99	11.43	112.62	0.51	44.16	94.41	2.99	11.43	0.0134	0.0	0.0	0.6091	0.0	0.0	26475	27380.07	905.07	0.0342	14936	14178.88	757.12	8589	8441.05	0.0172	35064	35821.12	0.0216	50000	8820	0
100	0	0	3	0	0	100	10	0.9	2.0	50000	0	0	8434	0	0	155	0	0	8298.68	0.51	45.85	58.81	2.99	0.65	135.32	0.51	45.85	96.19	2.99	0.65	0.016	0.0	0.0	0.6206	0.0	0.0	26475	25809.85	665.15	0.0251	14936	15782.66	846.66	8589	8407.49	0.0211	35064	34217.34	0.0241	50000	8820	0
100	0	0	3	0	0	100	10	0.9	6.0	50000	0	0	8434	0	0	155	0	0	8302.11	0.51	50.08	55.47	2.99	13.57	131.89	0.51	50.08	99.53	2.99	13.57	0.0156	0.0	0.0	0.6421	0.0	0.0	26475	27926.74	1451.74	0.0548	14936	13648.52	1287.48	8589	8424.74	0.0191	35064	36351.48	0.0367	50000	8820	0
100	0	0	3	0	0	100	100	1.0	2.0	50000	0	0	2286	0	0	42	0	0	2127.8	0.52	24.38	26.69	2.41	0.54	158.2	0.52	24.38	15.31	2.41	0.54	0.0692	0.0	0.0	0.3645	0.0	0.0	7178	6848.01	329.99	0.046	40494	40969.64	475.64	2328	2182.35	0.0626	9506	9030.36	0.05	50000	24286	0
100	0	0	3	0	0	100	100	1.0	6.0	50000	0	0	2286	0	0	42	0	0	2128.0	0.52	24.55	26.57	2.41	14.89	158.0	0.52	24.55	15.43	2.41	14.89	0.0691	0.0	0.0	0.3674	0.0	0.0	7178	7947.32	769.32	0.1072	40494	39855.73	638.27	2328	2196.95	0.0563	9506	10144.27	0.0671	50000	24286	0
100	0	0	3	0	0	100	100	0.95	2.0	50000	0	0	2288	0	0	40	0	0	1973.58	0.5	28.83	11.02	2.34	0.55	314.42	0.5	28.83	28.98	2.34	0.55	0.1374	0.0	0.0	0.7244	0.0	0.0	7178	6902.24	275.76	0.0384	40494	41080.94	586.94	2328	2016.82	0.1337	9506	8919.06	0.0617	50000	24196	0
100	0	0	3	0	0	100	100	0.95	6.0	50000	0	0	2288	0	0	40	0	0	1977.76	0.51	29.41	10.87	2.34	3.95	310.24	0.51	29.41	29.13	2.34	3.95	0.1356	0.0	0.0	0.7283	0.0	0.0	7178	8491.95	1313.95	0.1831	40494	39483.22	1010.78	2328	2024.84	0.1302	9506	10516.78	0.1063	50000	24196	0
100	0	0	3	0	0	100	100	0.9	2.0	50000	0	0	2288	0	0	40	0	0	1941.89	0.48	23.89	14.19	2.36	0.56	346.11	0.48	23.89	25.81	2.36	0.56	0.1513	0.0	0.0	0.6452	0.0	0.0	7178	6375.31	802.69	0.1118	40494	41641.33	1147.33	2328	1983.36	0.148	9506	8358.67	0.1207	50000	24196	0
100	0	0	3	0	0	100	100	0.9	6.0	50000	0	0	2288	0	0	40	0	0	1950.42	0.49	25.19	13.63	2.36	4.12	337.58	0.49	25.19	26.37	2.36	4.12	0.1475	0.0	0.0	0.6593	0.0	0.0	7178	8388.99	1210.99	0.1687	40494	39614.8	879.2	2328	1996.21	0.1425	9506	10385.2	0.0925	50000	24196	0
100	0	0	3	0	0	100	1000	1.0	2.0	50000	0	0	274	0	0	7	0	0	183.23	0.29	3.17	2.41	2.23	0.54	90.77	0.29	3.17	4.59	2.23	0.54	0.3313	0.0	0.0	0.6559	0.0	0.0	866	295.58	570.42	0.6587	48853	49512.55	659.55	281	191.87	0.3172	1147	487.45	0.575	50000	29209	0
100	0	0	3	0	0	100	1000	1.0	6.0	50000	0	0	274	0	0	7	0	0	183.99	0.3	3.35	2.28	2.23	14.95	90.01	0.3	3.35	4.72	2.23	14.95	0.3285	0.0	0.0	0.6746	0.0	0.0	866	1679.73	813.73	0.9396	48853	48113.18	739.82	281	207.09	0.263	1147	1886.82	0.645	50000	29209	0
100	0	0	3	0	0	100	1000	0.95	2.0	50000	0	0	273	0	0	8	0	0	185.87	0.33	0.54	0.32	2.87	0.51	87.13	0.33	0.54	7.68	2.87	0.51	0.3192	0.0	0.0	0.96	0.0	0.0	866	0.0	866.0	1.0	48853	49809.57	956.57	281	190.43	0.3223	1147	190.43	0.834	50000	29232	0
100	0	0	3	0	0	100	1000	0.95	6.0	50000	0	0	273	0	0	8	0	0	193.88	0.37	0.59	0.34	2.87	7.46	79.12	0.37	0.59	7.66	2.87	7.46	0.2898	0.0	0.0	0.9576	0.0	0.0	866	1911.03	1045.03	1.2067	48853	47883.46	969.54	281	205.51	0.2687	1147	2116.54	0.8453	50000	29232	0
100	0	0	3	0	0	100	1000	0.9	2.0	50000	0	0	273	0	0	8	0	0	181.19	0.31	0.51	0.3	2.84	0.52	91.81	0.31	0.51	7.7	2.84	0.52	0.3363	0.0	0.0	0.9623	0.0	0.0	866	0.0	866.0	1.0	48853	49814.33	961.33	281	185.67	0.3393	1147	185.67	0.8381	50000	29232	0
100	0	0	3	0	0	100	1000	0.9	6.0	50000	0	0	273	0	0	8	0	0	192.55	0.37	0.58	0.34	2.84	7.9	80.45	0.37	0.58	7.66	2.84	7.9	0.2947	0.0	0.0	0.9579	0.0	0.0	866	2025.67	1159.67	1.3391	48853	47769.74	1083.26	281	204.59	0.2719	1147	2230.26	0.9444	50000	29232	0
100	0	0	3	0	0	1000	0	1.0	2.0	50000	0	0	1541	0	0	30	0	0	1602.87	0.5	15.97	21.77	0.0	0.0	61.87	0.5	15.97	8.23	0.0	0.0	0.0402	0.0	0.0	0.2742	0.0	0.0	48429	48358.88	70.12	0.0014	0	0.0	0.0	1571	1641.12	0.0446	50000	50000.0	0.0	50000	0	0
100	0	0	3	0	0	1000	0	1.0	6.0	50000	0	0	1541	0	0	30	0	0	1602.87	0.5	15.97	21.77	0.0	0.0	61.87	0.5	15.97	8.23	0.0	0.0	0.0402	0.0	0.0	0.2742	0.0	0.0	48429	48358.88	70.12	0.0014	0	0.0	0.0	1571	1641.12	0.0446	50000	50000.0	0.0	50000	0	0
100	0	0	3	0	0	1000	0	0.95	2.0	50000	0	0	1545	0	0	26	0	0	1706.43	0.53	10.58	18.81	0.0	0.0	161.43	0.53	10.58	7.19	0.0	0.0	0.1045	0.0	0.0	0.2764	0.0	0.0	48429	48263.64	165.36	0.0034	0	0.0	0.0	1571	1736.36	0.1053	50000	50000.0	0.0	50000	0	0
100	0	0	3	0	0	1000	0	0.95	6.0	50000	0	0	1545	0	0	26	0	0	1706.43	0.53	10.58	18.81	0.0	0.0	161.43	0.53	10.58	7.19	0.0	0.0	0.1045	0.0	0.0	0.2764	0.0	0.0	48429	48263.64	165.36	0.0034	0	0.0	0.0	1571	1736.36	0.1053	50000	50000.0	0.0	50000	0	0
100	0	0	3	0	0	1000	0	0.9	2.0	50000	0	0	1545	0	0	26	0	0	1706.19	0.45	11.25	18.01	0.0	0.0	161.19	0.45	11.25	7.99	0.0	0.0	0.1043	0.0	0.0	0.3071	0.0	0.0	48429	47502.57	926.43	0.0191	0	761.53	761.53	1571	1735.9	0.105	50000	49238.47	0.0152	50000	0	0
100	0	0	3	0	0	1000	0	0.9	6.0	50000	0	0	1545	0	0	26	0	0	1706.65	0.45	10.17	18.9	0.0	0.0	161.65	0.45	10.17	7.1	0.0	0.0	0.1046	0.0	0.0	0.2732	0.0	0.0	48429	48234.87	194.13	0.004	0	28.96	28.96	1571	1736.18	0.1051	50000	49971.04	0.0006	50000	0	0
100	0	0	3	0	0	1000	10	1.0	2.0	50000	0	0	1457	0	0	32	0	0	1543.79	0.47	20.24	3.73	3.1	0.21	86.79	0.47	20.24	28.27	3.1	0.21	0.0596	0.0	0.0	0.8835	0.0	0.0	45920	46013.26	93.26	0.002	2591	2415.2	175.8	1489	1571.54	0.0554	47409	47584.8	0.0037	50000	1560	0
100	0	0	3	0	0	1000	10	1.0	6.0	50000	0	0	1457	0	0	32	0	0	1542.88	0.47	19.98	3.89	3.1	0.42	85.88	0.47	19.98	28.11	3.1	0.42	0.0589	0.0	0.0	0.8785	0.0	0.0	45920	46113.26	193.26	0.0042	2591	2316.0	275.0	1489	1570.74	0.0549	47409	47684.0	0.0058	50000	1560	0
100	0	0	3	0	0	1000	10	0.95	2.0	50000	0	0	1458	0	0	31	0	0	1481.26	0.38	11.24	18.85	2.81	0.46	23.26	0.38	11.24	12.15	2.81	0.46	0.016	0.0	0.0	0.3918	0.0	0.0	45920	45503.02	416.98	0.0091	2591	2981.97	390.97	1489	1515.01	0.0175	47409	47018.03	0.0082	50000	1546	0
100	0	0	3	0	0	1000	10	0.95	6.0	50000	0	0	1458	0	0	31	0	0	1479.83	0.38	11.36	18.7	2.81	3.24	21.83	0.38	11.36	12.3	2.81	3.24	0.015	0.0	0.0	0.3969	0.0	0.0	45920	46110.97	190.97	0.0042	2591	2372.71	218.29	1489	1516.32	0.0183	47409	47627.29	0.0046	50000	1546	0
100	0	0	3	0	0	1000	10	0.9	2.0	50000	0	0	1458	0	0	31	0	0	1482.33	0.38	10.63	19.53	2.82	0.47	24.33	0.38	10.63	11.47	2.82	0.47	0.0167	0.0	0.0	0.3701	0.0	0.0	45920	43589.57	2330.43	0.0507	2591	4894.27	2303.27	1489	1516.16	0.0182	47409	45105.73	0.0486	50000	1546	0
100	0	0	3	0	0	1000	10	0.9	6.0	50000	0	0	1458	0	0	31	0	0	1479.97	0.38	11.34	18.74	2.82	3.5	21.97	0.38	11.34	12.26	2.82	3.5	0.0151	0.0	0.0	0.3955	0.0	0.0	45920	45927.28	7.28	0.0002	2591	2555.97	35.03	1489	1516.75	0.0186	47409	47444.03	0.0007	50000	1546	0
100	0	0	3	0	0	1000	100	1.0	2.0	50000	0	0	990	0	0	26	0	0	956.82	0.43	15.27	7.46	2.46	0.63	33.18	0.43	15.27	18.54	2.46	0.63	0.0335	0.0	0.0	0.7131	0.0	0.0	31317	31312.02	4.98	0.0002	17667	17704.91	37.91	1016	983.06	0.0324	32333	32295.09	0.0012	50000	10523	0
100	0	0	3	0	0	1000	100	1.0	6.0	50000	0	0	990	0	0	26	0	0	956.44	0.43	14.92	7.73	2.46	10.86	33.56	0.43	14.92	18.27	2.46	10.86	0.0339	0.0	0.0	0.7027	0.0	0.0	31317	31806.41	489.41	0.0156	17667	17200.74	466.26	1016	992.84	0.0228	32333	32799.26	0.0144	50000	10523	0
100	0	0	3	0	0	1000	100	0.95	2.0	50000	0	0	990	0	0	26	0	0	975.93	0.36	31.21	4.26	2.99	0.9	14.07	0.36	31.21	21.74	2.99	0.9	0.0142	0.0	0.0	0.8363	0.0	0.0	31317	30999.27	317.73	0.0101	17667	17985.07	318.07	1016	1015.66	0.0003	32333	32014.93	0.0098	50000	10534	0
100	0	0	3	0	0	1000	100	0.95	6.0	50000	0	0	990	0	0	26	0	0	972.4	0.36	31.23	4.12	2.99	40.69	17.6	0.36	31.23	21.88	2.99	40.69	0.0178	0.0	0.0	0.8414	0.0	0.0	31317	32500.31	1183.31	0.0378	17667	16447.89	1219.11	1016	1051.8	0.0352	32333	33552.11	0.0377	50000	10534	0
100	0	0	3	0	0	1000	100	0.9	2.0	50000	0	0	990	0	0	26	0	0	969.26	0.36	31.14	4.05	3.01	0.88	20.74	0.36	31.14	21.95	3.01	0.88	0.0209	0.0	0.0	0.8443	0.0	0.0	31317	31046.18	270.82	0.0086	17667	17945.12	278.12	1016	1008.71	0.0072	32333	32054.88	0.0086	50000	10534	0
100	0	0	3	0	0	1000	100	0.9	6.0	50000	0	0	990	0	0	26	0	0	966.94	0.36	31.22	3.93	3.01	46.67	23.06	0.36	31.22	22.07	3.01	46.67	0.0233	0.0	0.0	0.8489	0.0	0.0	31317	33076.16	1759.16	0.0562	17667	15871.72	1795.28	1016	1052.12	0.0356	32333	34128.28	0.0555	50000	10534	0
100	0	0	3	0	0	1000	1000	1.0	2.0	50000	0	0	235	0	0	8	0	0	178.33	0.37	7.93	1.73	2.15	0.59	56.67	0.37	7.93	6.27	2.15	0.59	0.2412	0.0	0.0	0.7838	0.0	0.0	7492	7227.99	264.01	0.0352	42265	42580.92	315.92	243	191.09	0.2136	7735	7419.08	0.0408	50000	25261	0
100	0	0	3	0	0	1000	1000	1.0	6.0	50000	0	0	235	0	0	8	0	0	177.98	0.37	7.93	1.73	2.15	34.48	57.02	0.37	7.93	6.27	2.15	34.48	0.2426	0.0	0.0	0.7841	0.0	0.0	7492	8487.0	995.0	0.1328	42265	41288.37	976.63	243	224.63	0.0756	7735	8711.63	0.1263	50000	25261	0
100	0	0	3	0	0	1000	1000	0.95	2.0	50000	0	0	237	0	0	6	0	0	181.15	0.43	0.83	0.55	2.89	0.57	55.85	0.43	0.83	5.45	2.89	0.57	0.2357	0.0	0.0	0.9075	0.0	0.0	7492	7063.15	428.85	0.0572	42265	42750.42	485.42	243	186.43	0.2328	7735	7249.58	0.0628	50000	25110	0
100	0	0	3	0	0	1000	1000	0.95	6.0	50000	0	0	237	0	0	6	0	0	179.46	0.42	0.82	0.55	2.89	15.76	57.54	0.42	0.82	5.45	2.89	15.76	0.2428	0.0	0.0	0.909	0.0	0.0	7492	8929.29	1437.29	0.1918	42265	40870.81	1394.19	243	199.9	0.1774	7735	9129.19	0.1802	50000	25110	0
100	0	0	3	0	0	1000	1000	0.9	2.0	50000	0	0	237	0	0	6	0	0	177.48	0.41	0.81	0.55	2.85	0.58	59.52	0.41	0.81	5.45	2.85	0.58	0.2511	0.0	0.0	0.909	0.0	0.0	7492	6828.12	663.88	0.0886	42265	42989.2	724.2	243	182.68	0.2482	7735	7010.8	0.0936	50000	25110	0
100	0	0	3	0	0	1000	1000	0.9	6.0	50000	0	0	237	0	0	6	0	0	175.16	0.4	0.79	0.53	2.85	18.4	61.84	0.4	0.79	5.47	2.85	18.4	0.2609	0.0	0.0	0.9117	0.0	0.0	7492	9549.07	2057.07	0.2746	42265	40252.8	2012.2	243	198.13	0.1846	7735	9747.2	0.2601	50000	25110	0
0	100	0	3	0	0	0	0	1.0	2.0	50000	0	0	0	48568	0	1432	0	0	0.63	48564.14	3.11	1432.12	0.0	0.0	0.63	3.86	3.11	0.12	0.0	0.0	0.0	0.0001	0.0	0.0001	0.0	0.0	0	0.0	0.0	0.0	0	0.0	0.0	50000	50000.0	0.0	50000	50000.0	0.0	50000	0	0
0	100	0	3	0	0	0	0	1.0	6.0	50000	0	0	0	48568	0	1432	0	0	0.63	48564.14	3.11	1432.12	0.0	0.0	0.63	3.86	3.11	0.12	0.0	0.0	0.0	0.0001	0.0	0.0001	0.0	0.0	0	0.0	0.0	0.0	0	0.0	0.0	50000	50000.0	0.0	50000	50000.0	0.0	50000	0	0
0	100	0	3	0	0	0	0	0.95	2.0	50000	0	0	0	48506	0	1494	0	0	0.49	48519.01	2.46	1477.94	0.0	0.0	0.49	13.01	2.46	16.06	0.0	0.0	0.0	0.0003	0.0	0.0107	0.0	0.0	0	0.0	0.0	0.0	0	0.09	0.09	50000	49999.91	0.0	50000	49999.91	0.0	50000	0	0
0	100	0	3	0	0	0	0	0.95	6.0	50000	0	0	0	48506	0	1494	0	0	0.49	48519.01	2.46	1477.94	0.0	0.0	0.49	13.01	2.46	16.06	0.0	0.0	0.0	0.0003	0.0	0.0107	0.0	0.0	0	0.0	0.0	0.0	0	0.09	0.09	50000	49999.91	0.0	50000	49999.91	0.0	50000	0	0
0	100	0	3	0	0	0	0	0.9	2.0	50000	0	0	0	48506	0	1494	0	0	0.49	48519.01	2.46	1477.95	0.0	0.0	0.49	13.01	2.46	16.05	0.0	0.0	0.0	0.0003	0.0	0.0107	0.0	0.0	0	0.0	0.0	0.0	0	0.08	0.08	50000	49999.92	0.0	50000	49999.92	0.0	50000	0	0
0	100	0	3	0	0	0	0	0.9	6.0	50000	0	0	0	48506	0	1494	0	0	0.49	48519.01	2.46	1477.95	0.0	0.0	0.49	13.01	2.46	16.05	0.0	0.0	0.0	0.0003	0.0	0.0107	0.0	0.0	0	0.0	0.0	0.0	0	0.08	0.08	50000	49999.92	0.0	50000	49999.92	0.0	50000	0	0
0	100	0	3	0	0	0	10	1.0	2.0	50000	0	0	0	13206	0	394	0	0	0.38	13069.47	1.31	308.73	2.6	0.68	0.38	136.53	1.31	85.27	2.6	0.68	0.0	0.0103	0.0	0.2164	0.0	0.0	0	0.0	0.0	0.0	36400	36616.83	216.83	13600	13383.17	0.0159	13600	13383.17	0.0159	50000	21617	0
0	100	0	3	0	0	0	10	1.0	6.0	50000	0	0	0	13206	0	394	0	0	0.39	13097.51	1.26	326.7	2.6	31.08	0.39	108.49	1.26	67.3	2.6	31.08	0.0	0.0082	0.0	0.1708	0.0	0.0	0	699.25	699.25	0.0	36400	35841.21	558.79	13600	13459.54	0.0103	13600	14158.79	0.0411	50000	21617	0
0	100	0	3	0	0	0	10	0.95	2.0	50000	0	0	0	13229	0	371	0	0	0.35	13016.36	1.32	288.3	2.37	0.72	0.35	212.64	1.32	82.7	2.37	0.72	0.0	0.0161	0.0	0.2229	0.0	0.0	0	0.0	0.0	0.0	36400	36690.58	290.58	13600	13309.42	0.0214	13600	13309.42	0.0214	50000	21523	0
0	100	0	3	0	0	0	10	0.95	6.0	50000	0	0	0	13229	0	371	0	0	0.36	13120.06	1.23	313.56	2.37	62.6	0.36	108.94	1.23	57.44	2.37	62.6	0.0	0.0082	0.0	0.1548	0.0	0.0	0	784.04	784.04	0.0	36400	35715.78	684.22	13600	13500.18	0.0073	13600	14284.22	0.0503	50000	21523	0
0	100	0	3	0	0	0	10	0.9	2.0	50000	0	0	0	13229	0	371	0	0	0.34	12948.75	1.32	282.87	2.41	0.72	0.34	280.25	1.32	88.13	2.41	0.72	0.0	0.0212	0.0	0.2375	0.0	0.0	0	0.0	0.0	0.0	36400	36763.58	363.58	13600	13236.42	0.0267	13600	13236.42	0.0267	50000	21523	0
0	100	0	3	0	0	0	10	0.9	6.0	50000	0	0	0	13229	0	371	0	0	0.36	13079.99	1.21	314.26	2.41	70.49	0.36	149.01	1.21	56.74	2.41	70.49	0.0	0.0113	0.0	0.1529	0.0	0.0	0	866.62	866.62	0.0	36400	35664.67	735.33	13600	13468.71	0.0097	13600	14335.33	0.0541	50000	21523	0
0	100	0	3	0	0	0	100	1.0	2.0	50000	0	0	0	1746	0	55	0	0	0.24	1601.54	1.09	36.3	2.36	0.54	0.24	144.46	1.09	18.7	2.36	0.54	0.0	0.0827	0.0	0.34	0.0	0.0	0	0.0	0.0	0.0	48199	48357.92	158.92	1801	1642.08	0.0882	1801	1642.08	0.0882	50000	28842	0
0	100	0	3	0	0	0	100	1.0	6.0	50000	0	0	0	1746	0	55	0	0	0.25	1648.87	0.96	40.48	2.36	30.61	0.25	97.13	0.96	14.52	2.36	30.61	0.0	0.0556	0.0	0.264	0.0	0.0	0	812.04	812.04	0.0	48199	47464.43	734.57	1801	1723.53	0.043	1801	2535.57	0.4079	50000	28842	0
0	100	0	3	0	0	0	100	0.95	2.0	50000	0	0	0	1754	0	47	0	0	0.23	1591.72	0.9	8.49	2.64	0.69	0.23	162.28	0.9	38.51	2.64	0.69	0.0	0.0925	0.0	0.8194	0.0	0.0	0	0.0	0.0	0.0	48199	48395.34	196.34	1801	1604.66	0.109	1801	1604.66	0.109	50000	28781	0
0	100	0	3	0	0	0	100	0.95	6.0	50000	0	0	0	1754	0	47	0	0	0.24	1661.76	0.81	9.62	2.64	78.0	0.24	92.24	0.81	37.38	2.64	78.0	0.0	0.0526	0.0	0.7953	0.0	0.0	0	1288.09	1288.09	0.0	48199	46958.85	1240.15	1801	1753.06	0.0266	1801	3041.15	0.6886	50000	28781	0
0	100	0	3	0	0	0	100	0.9	2.0	50000	0	0	0	1754	0	47	0	0	0.23	1572.22	0.91	8.4	2.64	0.67	0.23	181.78	0.91	38.6	2.64	0.67	0.0	0.1036	0.0	0.8212	0.0	0.0	0	0.0	0.0	0.0	48199	48414.93	215.93	1801	1585.07	0.1199	1801	1585.07	0.1199	50000	28781	0
0	100	0	3	0	0	0	100	0.9	6.0	50000	0	0	0	1754	0	47	0	0	0.24	1649.38	0.81	9.59	2.64	86.94	0.24	104.62	0.81	37.41	2.64	86.94	0.0	0.0596	0.0	0.796	0.0	0.0	0	1717.07	1717.07	0.0	48199	46533.33	1665.67	1801	1749.6	0.0285	1801	3466.67	0.9249	50000	28781	0
0	100	0	3	0	0	0	1000	1.0	2.0	50000	0	0	0	183	0	3	0	0	0.17	132.13	0.18	0.25	2.2	0.57	0.17	50.87	0.18	2.75	2.2	0.57	0.0	0.278	0.0	0.9157	0.0	0.0	0	0.0	0.0	0.0	49814	49864.49	50.49	186	135.51	0.2715	186	135.51	0.2715	50000	29794	0
0	100	0	3	0	0	0	1000	1.0	6.0	50000	0	0	0	183	0	3	0	0	0.2	163.72	0.21	0.32	2.21	33.15	0.2	19.28	0.21	2.68	2.21	33.15	0.0	0.1053	0.0	0.8946	0.0	0.0	0	813.13	813.13	0.0	49814	48987.06	826.94	186	199.81	0.0743	186	1012.94	4.4459	50000	29794	0
0	100	0	3	0	0	0	1000	0.95	2.0	50000	0	0	0	181	0	5	0	0	0.16	113.84	0.16	0.28	2.53	0.54	0.16	67.16	0.16	4.72	2.53	0.54	0.0	0.3711	0.0	0.943	0.0	0.0	0	0.0	0.0	0.0	49814	49882.49	68.49	186	117.51	0.3682	186	117.51	0.3682	50000	29820	0
0	100	0	3	0	0	0	1000	0.95	6.0	50000	0	0	0	181	0	5	0	0	0.19	149.52	0.2	0.39	2.53	20.01	0.19	31.48	0.2	4.61	2.53	20.01	0.0	0.1739	0.0	0.9225	0.0	0.0	0	906.82	906.82	0.0	49814	48920.34	893.66	186	172.84	0.0708	186	1079.66	4.8046	50000	29820	0
0	100	0	3	0	0	0	1000	0.9	2.0	50000	0	0	0	181	0	5	0	0	0.15	111.46	0.16	0.28	2.56	0.54	0.15	69.54	0.16	4.72	2.56	0.54	0.0	0.3842	0.0	0.944	0.0	0.0	0	0.0	0.0	0.0	49814	49884.84	70.84	186	115.16	0.3809	186	115.16	0.3809	50000	29820	0
0	100	0	3	0	0	0	1000	0.9	6.0	50000	0	0	0	181	0	5	0	0	0.19	148.14	0.2	0.38	2.56	24.12	0.19	32.86	0.2	4.62	2.56	24.12	0.0	0.1816	0.0	0.9235	0.0	0.0	0	1253.52	1253.52	0.0	49814	48570.89	1243.11	186	175.59	0.056	186	1429.11	6.6834	50000	29820	0
0	100	0	3	0	0	10	0	1.0	2.0	50000	0	0	0	32920	0	991	0	0	0.71	32845.58	1.75	1005.43	0.0	0.0	0.71	74.42	1.75	14.43	0.0	0.0	0.0	0.0023	0.0	0.0146	0.0	0.0	16089	16146.51	57.51	0.0036	0	0.0	0.0	33911	33853.49	0.0017	50000	50000.0	0.0	50000	0	0
0	100	0	3	0	0	10	0	1.0	6.0	50000	0	0	0	32920	0	991	0	0	0.71	32845.58	1.75	1005.43	0.0	0.0	0.71	74.42	1.75	14.43	0.0	0.0	0.0	0.0023	0.0	0.0146	0.0	0.0	16089	16146.51	57.51	0.0036	0	0.0	0.0	33911	33853.49	0.0017	50000	50000.0	0.0	50000	0	0
0	100	0	3	0	0	10	0	0.95	2.0	50000	0	0	0	32898	0	1013	0	0	0.68	32869.13	1.95	1006.89	0.0	0.0	0.68	28.87	1.95	6.11	0.0	0.0	0.0	0.0009	0.0	0.006	0.0	0.0	16089	16121.35	32.35	0.002	0	0.0	0.0	33911	33878.65	0.001	50000	50000.0	0.0	50000	0	0
0	100	0	3	0	0	10	0	0.95	6.0	50000	0	0	0	32898	0	1013	0	0	0.68	32869.13	1.95	1006.89	0.0	0.0	0.68	28.87	1.95	6.11	0.0	0.0	0.0	0.0009	0.0	0.006	0.0	0.0	16089	16121.35	32.35	0.002	0	0.0	0.0	33911	33878.65	0.001	50000	50000.0	0.0	50000	0	0
0	100	0	3	0	0	10	0	0.9	2.0	50000	0	0	0	32898	0	1013	0	0	0.56	32868.3	1.62	1005.64	0.0	0.0	0.56	29.7	1.62	7.36	0.0	0.0	0.0	0.0009	0.0	0.0073	0.0	0.0	16089	15786.37	302.63	0.0188	0	337.52	337.52	33911	33876.12	0.001	50000	49662.48	0.0068	50000	0	0
0	100	0	3	0	0	10	0	0.9	6.0	50000	0	0	0	32898	0	1013	0	0	0.56	32869.49	1.62	1006.96	0.0	0.0	0.56	28.51	1.62	6.04	0.0	0.0	0.0	0.0009	0.0	0.006	0.0	0.0	16089	16093.9	4.9	0.0003	0	27.47	27.47	33911	33878.62	0.001	50000	49972.53	0.0005	50000	0	0
0	100	0	3	0	0	10	10	1.0	2.0	50000	0	0	0	11730	0	315	0	0	0.41	11657.36	1.04	265.35	2.58	0.49	0.41	72.64	1.04	49.65	2.58	0.49	0.0	0.0062	0.0	0.1576	0.0	0.0	5715	5353.94	361.06	0.0632	32240	32718.83	478.83	12045	11927.23	0.0098	17760	17281.17	0.027	50000	19133	0
0	100	0	3	0	0	10	10	1.0	6.0	50000	0	0	0	11730	0	315	0	0	0.41	11659.35	1.04	265.35	2.58	2.48	0.41	70.65	1.04	49.65	2.58	2.48	0.0	0.006	0.0	0.1576	0.0	0.0	5715	6258.41	543.41	0.0951	32240	31810.37	429.63	12045	11931.22	0.0094	17760	18189.63	0.0242	50000	19133	0
0	100	0	3	0	0	10	10	0.95	2.0	50000	0	0	0	11702	0	343	0	0	0.44	11461.94	1.04	322.24	2.58	0.86	0.44	240.06	1.04	20.76	2.58	0.86	0.0	0.0205	0.0	0.0605	0.0	0.0	5715	5083.99	631.01	0.1104	32240	33126.92	886.92	12045	11789.09	0.0212	17760	16873.08	0.0499	50000	19123	0
0	100	0	3	0	0	10	10	0.95	6.0	50000	0	0	0	11702	0	343	0	0	0.44	11528.54	1.04	322.11	2.58	89.87	0.44	173.46	1.04	20.89	2.58	89.87	0.0	0.0148	0.0	0.0609	0.0	0.0	5715	6436.2	721.2	0.1262	32240	31619.22	620.78	12045	11944.58	0.0083	17760	18380.78	0.035	50000	19123	0
0	100	0	3	0	0	10	10	0.9	2.0	50000	0	0	0	11702	0	343	0	0	0.43	11410.75	1.02	319.12	2.6	0.83	0.43	291.25	1.02	23.88	2.6	0.83	0.0	0.0249	0.0	0.0696	0.0	0.0	5715	4680.1	1034.9	0.1811	32240	33585.15	1345.15	12045	11734.75	0.0258	17760	16414.85	0.0757	50000	19123	0
0	100	0	3	0	0	10	10	0.9	6.0	50000	0	0	0	11702	0	343	0	0	0.43	11505.79	1.02	318.47	2.6	95.79	0.43	196.21	1.02	24.53	2.6	95.79	0.0	0.0168	0.0	0.0715	0.0	0.0	5715	6573.77	858.77	0.1503	32240	31502.13	737.87	12045	11924.1	0.01	17760	18497.87	0.0415	50000	19123	0
0	100	0	3	0	0	10	100	1.0	2.0	50000	0	0	0	1714	0	57	0	0	0.29	1603.15	0.78	46.21	2.38	0.62	0.29	110.85	0.78	10.79	2.38	0.62	0.0	0.0647	0.0	0.1893	0.0	0.0	840	341.8	498.2	0.5931	47389	48004.77	615.77	1771	1653.43	0.0664	2611	1995.23	0.2358	50000	28307	0
0	100	0	3	0	0	10	100	1.0	6.0	50000	0	0	0	1714	0	57	0	0	0.29	1605.1	0.79	46.04	2.38	24.88	0.29	108.9	0.79	10.96	2.38	24.88	0.0	0.0635	0.0	0.1923	0.0	0.0	840	1683.49	843.49	1.0042	47389	46637.04	751.96	1771	1679.47	0.0517	2611	3362.96	0.288	50000	28307	0
0	100	0	3	0	0	10	100	0.95	2.0	50000	0	0	0	1721	0	50	0	0	0.26	1528.57	0.7	30.85	2.82	0.69	0.26	192.43	0.7	19.15	2.82	0.69	0.0	0.1118	0.0	0.3831	0.0	0.0	840	127.18	712.82	0.8486	47389	48308.93	919.93	1771	1563.89	0.1169	2611	1691.07	0.3523	50000	28120	0
0	100	0	3	0	0	10	100	0.95	6.0	50000	0	0	0	1721	0	50	0	0	0.26	1540.03	0.71	30.5	2.82	80.3	0.26	180.97	0.71	19.5	2.82	80.3	0.0	0.1052	0.0	0.39	0.0	0.0	840	1767.24	927.24	1.1039	47389	46578.15	810.85	1771	1654.61	0.0657	2611	3421.85	0.3106	50000	28120	0
0	100	0	3	0	0	10	100	0.9	2.0	50000	0	0	0	1721	0	50	0	0	0.25	1484.33	0.69	29.8	2.8	0.69	0.25	236.67	0.69	20.2	2.8	0.69	0.0	0.1375	0.0	0.404	0.0	0.0	840	0.0	840.0	1.0	47389	48481.43	1092.43	1771	1518.57	0.1425	2611	1518.57	0.4184	50000	28120	0
0	100	0	3	0	0	10	100	0.9	6.0	50000	0	0	0	1721	0	50	0	0	0.25	1510.43	0.7	29.83	2.8	85.41	0.25	210.57	0.7	20.17	2.8	85.41	0.0	0.1224	0.0	0.4034	0.0	0.0	840	1819.5	979.5	1.1661	47389	46551.07	837.93	1771	1629.43	0.0799	2611	3448.93	0.3209	50000	28120	0
0	100	0	3	0	0	10	1000	1.0	2.0	50000	0	0	0	183	0	3	0	0	0.21	125.34	0.19	0.37	2.85	0.57	0.21	57.66	0.19	2.63	2.85	0.57	0.0	0.3151	0.0	0.878	0.0	0.0	88	0.0	88.0	1.0	49726	49870.48	144.48	186	129.52	0.3037	274	129.52	0.5273	50000	29619	0
0	100	0	3	0	0	10	1000	1.0	6.0	50000	0	0	0	183	0	3	0	0	0.29	207.46	0.29	1.01	2.85	19.74	0.29	24.46	0.29	1.99	2.85	19.74	0.0	0.1336	0.0	0.663	0.0	0.0	88	0.0	88.0	1.0	49726	49768.37	42.37	186	231.63	0.2453	274	231.63	0.1546	50000	29619	0
0	100	0	3	0	0	10	1000	0.95	2.0	50000	0	0	0	181	0	5	0	0	0.17	114.52	0.16	0.24	2.67	0.67	0.17	66.48	0.16	4.76	2.67	0.67	0.0	0.3673	0.0	0.9524	0.0	0.0	88	0.0	88.0	1.0	49726	49881.58	155.58	186	118.42	0.3633	274	118.42	0.5678	50000	29714	0
0	100	0	3	0	0	10	1000	0.95	6.0	50000	0	0	0	181	0	5	0	0	0.21	148.73	0.19	0.31	2.67	86.88	0.21	32.27	0.19	4.69	2.67	86.88	0.0	0.1783	0.0	0.939	0.0	0.0	88	947.13	859.13	9.7628	49726	48813.89	912.11	186	238.98	0.2848	274	1186.11	3.3289	50000	29714	0
0	100	0	3	0	0	10	1000	0.9	2.0	50000	0	0	0	181	0	5	0	0	0.17	111.83	0.15	0.24	2.66	0.65	0.17	69.17	0.15	4.76	2.66	0.65	0.0	0.3821	0.0	0.9528	0.0	0.0	88	0.0	88.0	1.0	49726	49884.3	158.3	186	115.7	0.378	274	115.7	0.5778	50000	29714	0
0	100	0	3	0	0	10	1000	0.9	6.0	50000	0	0	0	181	0	5	0	0	0.2	147.09	0.19	0.31	2.66	98.98	0.2	33.91	0.19	4.69	2.66	98.98	0.0	0.1873	0.0	0.9388	0.0	0.0	88	1297.18	1209.18	13.7407	49726	48453.39	1272.61	186	249.43	0.341	274	1546.61	4.6446	50000	29714	0
0	100	0	3	0	0	100	0	1.0	2.0	50000	0	0	0	8463	0	241	0	0	0.48	8573.16	1.08	317.33	0.0	0.0	0.48	110.16	1.08	76.33	0.0	0.0	0.0	0.013	0.0	0.3167	0.0	0.0	41296	41107.95	188.05	0.0046	0	0.0	0.0	8704	8892.05	0.0216	50000	50000.0	0.0	50000	0	0
0	100	0	3	0	0	100	0	1.0	6.0	50000	0	0	0	8463	0	241	0	0	0.48	8573.16	1.08	317.33	0.0	0.0	0.48	110.16	1.08	76.33	0.0	0.0	0.0	0.013	0.0	0.3167	0.0	0.0	41296	41107.95	188.05	0.0046	0	0.0	0.0	8704	8892.05	0.0216	50000	50000.0	0.0	50000	0	0
0	100	0	3	0	0	100	0	0.95	2.0	50000	0	0	0	8463	0	241	0	0	0.49	8533.28	0.98	238.45	0.0	0.0	0.49	70.28	0.98	2.55	0.0	0.0	0.0	0.0083	0.0	0.0106	0.0	0.0	41296	41226.8	69.2	0.0017	0	0.0	0.0	8704	8773.2	0.008	50000	50000.0	0.0	50000	0	0
0	100	0	3	0	0	100	0	0.95	6.0	50000	0	0	0	8463	0	241	0	0	0.49	8533.28	0.98	238.45	0.0	0.0	0.49	70.28	0.98	2.55	0.0	0.0	0.0	0.0083	0.0	0.0106	0.0	0.0	41296	41226.8	69.2	0.0017	0	0.0	0.0	8704	8773.2	0.008	50000	50000.0	0.0	50000	0	0
0	100	0	3	0	0	100	0	0.9	2.0	50000	0	0	0	8463	0	241	0	0	0.49	8533.28	0.98	238.45	0.0	0.0	0.49	70.28	0.98	2.55	0.0	0.0	0.0	0.0083	0.0	0.0106	0.0	0.0	41296	41226.8	69.2	0.0017	0	0.0	0.0	8704	8773.2	0.0079	50000	50000.0	0.0	50000	0	0
0	100	0	3	0	0	100	0	0.9	6.0	50000	0	0	0	8463	0	241	0	0	0.49	8533.28	0.98	238.45	0.0	0.0	0.49	70.28	0.98	2.55	0.0	0.0	0.0	0.0083	0.0	0.0106	0.0	0.0	41296	41226.8	69.2	0.0017	0	0.0	0.0	8704	8773.2	0.0079	50000	50000.0	0.0	50000	0	0
0	100	0	3	0	0	100	10	1.0	2.0	50000	0	0	0	5768	0	170	0	0	0.38	5668.88	0.77	282.29	2.52	0.67	0.38	99.12	0.77	112.29	2.52	0.67	0.0	0.0172	0.0	0.6605	0.0	0.0	28170	27963.74	206.26	0.0073	15892	16080.74	188.74	5938	5955.52	0.003	34108	33919.26	0.0055	50000	9471	0
0	100	0	3	0	0	100	10	1.0	6.0	50000	0	0	0	5768	0	170	0	0	0.38	5670.48	0.77	282.24	2.52	21.97	0.38	97.52	0.77	112.24	2.52	21.97	0.0	0.0169	0.0	0.6602	0.0	0.0	28170	28415.75	245.75	0.0087	15892	15605.89	286.11	5938	5978.36	0.0068	34108	34394.11	0.0084	50000	9471	0
0	100	0	3	0	0	100	10	0.95	2.0	50000	0	0	0	5764	0	174	0	0	0.38	5742.93	0.79	157.73	2.86	0.56	0.38	21.07	0.79	16.27	2.86	0.56	0.0	0.0037	0.0	0.0935	0.0	0.0	28170	27751.61	418.39	0.0149	15892	16343.14	451.14	5938	5905.25	0.0055	34108	33656.86	0.0132	50000	9355	0
0	100	0	3	0	0	100	10	0.95	6.0	50000	0	0	0	5764	0	174	0	0	0.38	5755.86	0.79	156.85	2.86	9.43	0.38	8.14	0.79	17.15	2.86	9.43	0.0	0.0014	0.0	0.0985	0.0	0.0	28170	29158.19	988.19	0.0351	15892	14915.63	976.37	5938	5926.18	0.002	34108	35084.37	0.0286	50000	9355	0
0	100	0	3	0	0	100	10	0.9	2.0	50000	0	0	0	5764	0	174	0	0	0.38	5720.21	0.8	156.3	2.86	0.56	0.38	43.79	0.8	17.7	2.86	0.56	0.0	0.0076	0.0	0.1017	0.0	0.0	28170	26738.74	1431.26	0.0508	15892	17380.15	1488.15	5938	5881.11	0.0096	34108	32619.85	0.0436	50000	9355	0
0	100	0	3	0	0	100	10	0.9	6.0	50000	0	0	0	5764	0	174	0	0	0.38	5744.85	0.8	155.62	2.86	10.75	0.38	19.15	0.8	18.38	2.86	10.75	0.0	0.0033	0.0	0.1056	0.0	0.0	28170	29103.21	933.21	0.0331	15892	14981.54	910.46	5938	5915.25	0.0038	34108	35018.46	0.0267	50000	9355	0
0	100	0	3	0	0	100	100	1.0	2.0	50000	0	0	0	1493	0	45	0	0	0.32	1454.79	0.83	79.35	2.67	0.66	0.32	38.21	0.83	34.35	2.67	0.66	0.0	0.0256	0.0	0.7633	0.0	0.0	7297	6794.41	502.59	0.0689	41165	41666.98	501.98	1538	1538.61	0.0004	8835	8333.02	0.0568	50000	24611	0
0	100	0	3	0	0	100	100	1.0	6.0	50000	0	0	0	1493	0	45	0	0	0.32	1455.97	0.83	79.31	2.67	41.71	0.32	37.03	0.83	34.31	2.67	41.71	0.0	0.0248	0.0	0.7624	0.0	0.0	7297	7922.72	625.72	0.0857	41165	40496.48	668.52	1538	1580.8	0.0278	8835	9503.52	0.0757	50000	24611	0
0	100	0	3	0	0	100	100	0.95	2.0	50000	0	0	0	1481	0	57	0	0	0.34	1392.22	0.83	37.11	2.73	0.54	0.34	88.78	0.83	19.89	2.73	0.54	0.0	0.0599	0.0	0.349	0.0	0.0	7297	6704.16	592.84	0.0812	41165	41862.09	697.09	1538	1433.75	0.0678	8835	8137.91	0.0789	50000	24516	0
0	100	0	3	0	0	100	100	0.95	6.0	50000	0	0	0	1481	0	57	0	0	0.33	1399.46	0.83	37.14	2.73	9.16	0.33	81.54	0.83	19.86	2.73	9.16	0.0	0.0551	0.0	0.3484	0.0	0.0	7297	8316.26	1019.26	0.1397	41165	40234.09	930.91	1538	1449.65	0.0574	8835	9765.91	0.1054	50000	24516	0
0	100	0	3	0	0	100	100	0.9	2.0	50000	0	0	0	1481	0	57	0	0	0.33	1370.96	0.81	36.57	2.71	0.54	0.33	110.04	0.81	20.43	2.71	0.54	0.0	0.0743	0.0	0.3585	0.0	0.0	7297	6336.83	960.17	0.1316	41165	42251.25	1086.25	1538	1411.92	0.082	8835	7748.75	0.1229	50000	24516	0
0	100	0	3	0	0	100	100	0.9	6.0	50000	0	0	0	1481	0	57	0	0	0.33	1382.65	0.8	36.64	2.71	10.17	0.33	98.35	0.8	20.36	2.71	10.17	0.0	0.0664	0.0	0.3572	0.0	0.0	7297	8523.99	1226.99	0.1682	41165	40042.71	1122.29	1538	1433.3	0.0681	8835	9957.29	0.127	50000	24516	0
0	100	0	3	0	0	100	1000	1.0	2.0	50000	0	0	0	178	0	5	0	0	0.2	143.32	0.47	5.23	2.49	0.63	0.2	34.68	0.47	0.23	2.49	0.63	0.0	0.1948	0.0	0.0465	0.0	0.0	868	181.64	686.36	0.7907	48949	49666.01	717.01	183	152.35	0.1675	1051	333.99	0.6822	50000	29350	0
0	100	0	3	0	0	100	1000	1.0	6.0	50000	0	0	0	178	0	5	0	0	0.2	144.63	0.49	5.09	2.49	38.62	0.2	33.37	0.49	0.09	2.49	38.62	0.0	0.1875	0.0	0.017	0.0	0.0	868	1726.38	858.38	0.9889	48949	48082.1	866.9	183	191.52	0.0466	1051	1917.9	0.8248	50000	29350	0
0	100	0	3	0	0	100	1000	0.95	2.0	50000	0	0	0	175	0	8	0	0	0.19	108.91	0.53	4.51	2.67	0.57	0.19	66.09	0.53	3.49	2.67	0.57	0.0	0.3776	0.0	0.436	0.0	0.0	868	0.0	868.0	1.0	48949	49882.62	933.62	183	117.38	0.3586	1051	117.38	0.8883	50000	29264	0
0	100	0	3	0	0	100	1000	0.95	6.0	50000	0	0	0	175	0	8	0	0	0.21	128.07	0.62	4.72	2.67	46.47	0.21	46.93	0.62	3.28	2.67	46.47	0.0	0.2682	0.0	0.4103	0.0	0.0	868	2649.24	1781.24	2.0521	48949	47168.01	1780.99	183	182.76	0.0013	1051	2831.99	1.6946	50000	29264	0
0	100	0	3	0	0	100	1000	0.9	2.0	50000	0	0	0	175	0	8	0	0	0.17	94.58	0.5	3.97	2.66	0.56	0.17	80.42	0.5	4.03	2.66	0.56	0.0	0.4595	0.0	0.504	0.0	0.0	868	0.0	868.0	1.0	48949	49897.56	948.56	183	102.44	0.4402	1051	102.44	0.9025	50000	29264	0
0	100	0	3	0	0	100	1000	0.9	6.0	50000	0	0	0	175	0	8	0	0	0.21	122.07	0.61	4.53	2.66	58.21	0.21	52.93	0.61	3.47	2.66	58.21	0.0	0.3024	0.0	0.434	0.0	0.0	868	4378.69	3510.69	4.0446	48949	45433.02	3515.98	183	188.29	0.0289	1051	4566.98	3.3454	50000	29264	0
0	100	0	3	0	0	1000	0	1.0	2.0	50000	0	0	0	1003	0	29	0	0	0.41	1044.83	0.72	16.73	0.0	0.0	0.41	41.83	0.72	12.27	0.0	0.0	0.0	0.0417	0.0	0.423	0.0	0.0	48968	48937.3	30.7	0.0006	0	0.0	0.0	1032	1062.7	0.0297	50000	50000.0	0.0	50000	0	0
0	100	0	3	0	0	1000	0	1.0	6.0	50000	0	0	0	1003	0	29	0	0	0.41	1044.83	0.72	16.73	0.0	0.0	0.41	41.83	0.72	12.27	0.0	0.0	0.0	0.0417	0.0	0.423	0.0	0.0	48968	48937.3	30.7	0.0006	0	0.0	0.0	1032	1062.7	0.0297	50000	50000.0	0.0	50000	0	0
0	100	0	3	0	0	1000	0	0.95	2.0	50000	0	0	0	1003	0	29	0	0	0.43	1019.76	0.95	32.46	0.0	0.0	0.43	16.76	0.95	3.46	0.0	0.0	0.0	0.0167	0.0	0.1195	0.0	0.0	48968	48946.4	21.6	0.0004	0	0.0	0.0	1032	1053.6	0.0209	50000	50000.0	0.0	50000	0	0
0	100	0	3	0	0	1000	0	0.95	6.0	50000	0	0	0	1003	0	29	0	0	0.43	1019.76	0.95	32.46	0.0	0.0	0.43	16.76	0.95	3.46	0.0	0.0	0.0	0.0167	0.0	0.1195	0.0	0.0	48968	48946.4	21.6	0.0004	0	0.0	0.0	1032	1053.6	0.0209	50000	50000.0	0.0	50000	0	0
0	100	0	3	0	0	1000	0	0.9	2.0	50000	0	0	0	1003	0	29	0	0	0.43	1019.75	0.95	32.46	0.0	0.0	0.43	16.75	0.95	3.46	0.0	0.0	0.0	0.0167	0.0	0.1195	0.0	0.0	48968	48946.4	21.6	0.0004	0	0.0	0.0	1032	1053.6	0.0209	50000	50000.0	0.0	50000	0	0
0	100	0	3	0	0	1000	0	0.9	6.0	50000	0	0	0	1003	0	29	0	0	0.43	1019.75	0.95	32.46	0.0	0.0	0.43	16.75	0.95	3.46	0.0	0.0	0.0	0.0167	0.0	0.1195	0.0	0.0	48968	48946.4	21.6	0.0004	0	0.0	0.0	1032	1053.6	0.0209	50000	50000.0	0.0	50000	0	0
0	100	0	3	0	0	1000	10	1.0	2.0	50000	0	0	0	943	0	35	0	0	0.34	927.83	0.61	20.2	6.28	0.34	0.34	15.17	0.61	14.8	6.28	0.34	0.0	0.0161	0.0	0.4228	0.0	0.0	46404	46825.27	421.27	0.0091	2618	2219.13	398.87	978	955.6	0.0229	47382	47780.87	0.0084	50000	1570	0
0	100	0	3	0	0	1000	10	1.0	6.0	50000	0	0	0	943	0	35	0	0	0.33	927.7	0.61	20.2	6.33	0.62	0.33	15.3	0.61	14.8	6.33	0.62	0.0	0.0162	0.0	0.4229	0.0	0.0	46404	46845.64	441.64	0.0095	2618	2198.57	419.43	978	955.79	0.0227	47382	47801.43	0.0089	50000	1570	0
0	100	0	3	0	0	1000	10	0.95	2.0	50000	0	0	0	952	0	26	0	0	0.34	1015.94	0.66	27.92	1.65	0.81	0.34	63.94	0.66	1.92	1.65	0.81	0.0	0.0672	0.0	0.0738	0.0	0.0	46404	45704.12	699.88	0.0151	2618	3248.56	630.56	978	1047.32	0.0709	47382	46751.44	0.0133	50000	1561	0
0	100	0	3	0	0	1000	10	0.95	6.0	50000	0	0	0	952	0	26	0	0	0.34	1013.76	0.66	27.98	1.66	13.13	0.34	61.76	0.66	1.98	1.66	13.13	0.0	0.0649	0.0	0.0763	0.0	0.0	46404	46491.59	87.59	0.0019	2618	2450.86	167.14	978	1057.54	0.0813	47382	47549.14	0.0035	50000	1561	0
0	100	0	3	0	0	1000	10	0.9	2.0	50000	0	0	0	952	0	26	0	0	0.34	1013.91	0.66	28.03	1.76	0.76	0.34	61.91	0.66	2.03	1.76	0.76	0.0	0.065	0.0	0.0783	0.0	0.0	46404	45800.23	603.77	0.013	2618	3154.3	536.3	978	1045.47	0.069	47382	46845.7	0.0113	50000	1561	0
0	100	0	3	0	0	1000	10	0.9	6.0	50000	0	0	0	952	0	26	0	0	0.34	1012.96	0.66	28.02	1.77	14.57	0.34	60.96	0.66	2.02	1.77	14.57	0.0	0.064	0.0	0.0777	0.0	0.0	46404	46571.31	167.31	0.0036	2618	2370.38	247.62	978	1058.32	0.0821	47382	47629.62	0.0052	50000	1561	0
0	100	0	3	0	0	1000	100	1.0	2.0	50000	0	0	0	643	0	22	0	0	0.32	582.17	0.6	17.19	2.34	0.53	0.32	60.83	0.6	4.81	2.34	0.53	0.0	0.0946	0.0	0.2185	0.0	0.0	31541	32069.93	528.93	0.0168	17794	17326.92	467.08	665	603.15	0.093	32206	32673.08	0.0145	50000	10567	0
0	100	0	3	0	0	1000	100	1.0	6.0	50000	0	0	0	643	0	22	0	0	0.32	581.62	0.6	17.17	2.34	12.42	0.32	61.38	0.6	4.83	2.34	12.42	0.0	0.0955	0.0	0.2194	0.0	0.0	31541	32652.78	1111.78	0.0352	17794	16732.75	1061.25	665	614.47	0.076	32206	33267.25	0.033	50000	10567	0
0	100	0	3	0	0	1000	100	0.95	2.0	50000	0	0	0	641	0	24	0	0	0.34	672.5	0.67	28.44	2.67	1.0	0.34	31.5	0.67	4.44	2.67	1.0	0.0	0.0491	0.0	0.185	0.0	0.0	31541	29316.11	2224.89	0.0705	17794	19978.27	2184.27	665	705.62	0.0611	32206	30021.73	0.0678	50000	10543	0
0	100	0	3	0	0	1000	100	0.95	6.0	50000	0	0	0	641	0	24	0	0	0.33	673.61	0.67	28.39	2.67	40.77	0.33	32.61	0.67	4.39	2.67	40.77	0.0	0.0509	0.0	0.1831	0.0	0.0	31541	30769.49	771.51	0.0245	17794	18484.06	690.06	665	746.44	0.1225	32206	31515.94	0.0214	50000	10543	0
0	100	0	3	0	0	1000	100	0.9	2.0	50000	0	0	0	641	0	24	0	0	0.33	676.12	0.67	28.24	2.66	0.97	0.33	35.12	0.67	4.24	2.66	0.97	0.0	0.0548	0.0	0.1766	0.0	0.0	31541	28002.68	3538.32	0.1122	17794	21288.33	3494.33	665	709.0	0.0662	32206	28711.67	0.1085	50000	10543	0
0	100	0	3	0	0	1000	100	0.9	6.0	50000	0	0	0	641	0	24	0	0	0.33	676.58	0.67	28.18	2.66	42.65	0.33	35.58	0.67	4.18	2.66	42.65	0.0	0.0555	0.0	0.1743	0.0	0.0	31541	30711.98	829.02	0.0263	17794	18536.95	742.95	665	751.07	0.1294	32206	31463.05	0.0231	50000	10543	0
0	100	0	3	0	0	1000	1000	1.0	2.0	50000	0	0	0	154	0	4	0	0	0.27	148.24	0.55	7.28	2.2	0.64	0.27	5.76	0.55	3.28	2.2	0.64	0.0	0.0374	0.0	0.8196	0.0	0.0	7505	7409.47	95.53	0.0127	42337	42431.35	94.35	158	159.18	0.0074	7663	7568.65	0.0123	50000	25315	0
0	100	0	3	0	0	1000	1000	1.0	6.0	50000	0	0	0	154	0	4	0	0	0.27	147.86	0.55	7.2	2.2	42.92	0.27	6.14	0.55	3.2	2.2	42.92	0.0	0.0399	0.0	0.7995	0.0	0.0	7505	8901.78	1396.78	0.1861	42337	40897.23	1439.77	158	200.99	0.2721	7663	9102.77	0.1879	50000	25315	0
0	100	0	3	0	0	1000	1000	0.95	2.0	50000	0	0	0	151	0	7	0	0	0.27	149.84	0.57	6.7	3.06	0.64	0.27	1.16	0.57	0.3	3.06	0.64	0.0	0.0077	0.0	0.0429	0.0	0.0	7505	6634.15	870.85	0.116	42337	43204.76	867.76	158	161.09	0.0195	7663	6795.24	0.1132	50000	25286	0
0	100	0	3	0	0	1000	1000	0.95	6.0	50000	0	0	0	151	0	7	0	0	0.27	149.72	0.57	6.68	3.06	24.36	0.27	1.28	0.57	0.32	3.06	24.36	0.0	0.0085	0.0	0.0461	0.0	0.0	7505	8128.25	623.25	0.083	42337	41687.09	649.91	158	184.66	0.1687	7663	8312.91	0.0848	50000	25286	0
0	100	0	3	0	0	1000	1000	0.9	2.0	50000	0	0	0	151	0	7	0	0	0.27	150.17	0.58	6.52	2.97	0.64	0.27	0.83	0.58	0.48	2.97	0.64	0.0	0.0055	0.0	0.0687	0.0	0.0	7505	6748.06	756.94	0.1009	42337	43090.79	753.79	158	161.14	0.0199	7663	6909.21	0.0984	50000	25286	0
0	100	0	3	0	0	1000	1000	0.9	6.0	50000	0	0	0	151	0	7	0	0	0.26	149.39	0.57	6.46	2.97	28.16	0.26	1.61	0.57	0.54	2.97	28.16	0.0	0.0106	0.0	0.0767	0.0	0.0	7505	9264.12	1759.12	0.2344	42337	40548.06	1788.94	158	187.81	0.1887	7663	9451.94	0.2335	50000	25286	0
0	0	100	3	0	0	0	0	1.0	2.0	50000	0	0	0	0	48885	1115	0	0	0.89	1.65	48847.27	1150.19	0.0	0.0	0.89	1.65	37.73	35.19	0.0	0.0	0.0	0.0	0.0008	0.0316	0.0	0.0	0	0.0	0.0	0.0	0	0.0	0.0	50000	50000.0	0.0	50000	50000.0	0.0	50000	0	0
0	0	100	3	0	0	0	0	1.0	6.0	50000	0	0	0	0	48885	1115	0	0	0.89	1.65	48847.27	1150.19	0.0	0.0	0.89	1.65	37.73	35.19	0.0	0.0	0.0	0.0	0.0008	0.0316	0.0	0.0	0	0.0	0.0	0.0	0	0.0	0.0	50000	50000.0	0.0	50000	50000.0	0.0	50000	0	0
0	0	100	3	0	0	0	0	0.95	2.0	50000	0	0	0	0	48835	1165	0	0	0.9	1.71	48769.29	1228.11	0.0	0.0	0.9	1.71	65.71	63.11	0.0	0.0	0.0	0.0	0.0013	0.0542	0.0	0.0	0	0.0	0.0	0.0	0	0.0	0.0	50000	50000.0	0.0	50000	50000.0	0.0	50000	0	0
0	0	100	3	0	0	0	0	0.95	6.0	50000	0	0	0	0	48835	1165	0	0	0.9	1.71	48769.29	1228.11	0.0	0.0	0.9	1.71	65.71	63.11	0.0	0.0	0.0	0.0	0.0013	0.0542	0.0	0.0	0	0.0	0.0	0.0	0	0.0	0.0	50000	50000.0	0.0	50000	50000.0	0.0	50000	0	0
0	0	100	3	0	0	0	0	0.9	2.0	50000	0	0	0	0	48835	1165	0	0	0.9	1.71	48769.29	1228.11	0.0	0.0	0.9	1.71	65.71	63.11	0.0	0.0	0.0	0.0	0.0013	0.0542	0.0	0.0	0	0.0	0.0	0.0	0	0.0	0.0	50000	50000.0	0.0	50000	50000.0	0.0	50000	0	0
0	0	100	3	0	0	0	0	0.9	6.0	50000	0	0	0	0	48835	1165	0	0	0.9	1.71	48769.29	1228.11	0.0	0.0	0.9	1.71	65.71	63.11	0.0	0.0	0.0	0.0	0.0013	0.0542	0.0	0.0	0	0.0	0.0	0.0	0	0.0	0.0	50000	50000.0	0.0	50000	50000.0	0.0	50000	0	0
0	0	100	3	0	0	0	10	1.0	2.0	50000	0	0	0	0	15726	360	0	0	0.76	0.97	15470.36	405.7	2.08	0.57	0.76	0.97	255.64	45.7	2.08	0.57	0.0	0.0	0.0163	0.127	0.0	0.0	0	0.0	0.0	0.0	33914	34119.55	205.55	16086	15880.45	0.0128	16086	15880.45	0.0128	50000	20155	0
0	0	100	3	0	0	0	10	1.0	6.0	50000	0	0	0	0	15726	360	0	0	0.77	0.97	15479.47	421.98	2.08	18.84	0.77	0.97	246.53	61.98	2.08	18.84	0.0	0.0	0.0157	0.1722	0.0	0.0	0	769.01	769.01	0.0	33914	33306.87	607.13	16086	15924.12	0.0101	16086	16693.13	0.0377	50000	20155	0
0	0	100	3	0	0	0	10	0.95	2.0	50000	0	0	0	0	15706	380	0	0	0.71	0.95	15350.24	315.69	2.53	0.6	0.71	0.95	355.76	64.31	2.53	0.6	0.0	0.0	0.0227	0.1692	0.0	0.0	0	0.0	0.0	0.0	33914	34329.28	415.28	16086	15670.72	0.0258	16086	15670.72	0.0258	50000	20118	0
0	0	100	3	0	0	0	10	0.95	6.0	50000	0	0	0	0	15706	380	0	0	0.72	0.96	15437.09	359.21	2.53	14.02	0.72	0.96	268.91	20.79	2.53	14.02	0.0	0.0	0.0171	0.0547	0.0	0.0	0	717.53	717.53	0.0	33914	33467.94	446.06	16086	15814.53	0.0169	16086	16532.06	0.0277	50000	20118	0
0	0	100	3	0	0	0	10	0.9	2.0	50000	0	0	0	0	15706	380	0	0	0.7	0.95	15308.04	326.37	2.56	0.61	0.7	0.95	397.96	53.63	2.56	0.61	0.0	0.0	0.0253	0.1411	0.0	0.0	0	0.0	0.0	0.0	33914	34360.77	446.77	16086	15639.23	0.0278	16086	15639.23	0.0278	50000	20118	0
0	0	100	3	0	0	0	10	0.9	6.0	50000	0	0	0	0	15706	380	0	0	0.72	0.97	15418.42	384.26	2.56	16.35	0.72	0.97	287.58	4.26	2.56	16.35	0.0	0.0	0.0183	0.0112	0.0	0.0	0	885.12	885.12	0.0	33914	33291.59	622.41	16086	15823.29	0.0163	16086	16708.41	0.0387	50000	20118	0
0	0	100	3	0	0	0	100	1.0	2.0	50000	0	0	0	0	2210	54	0	0	0.6	0.62	1968.55	3.09	2.95	0.51	0.6	0.62	241.45	50.91	2.95	0.51	0.0	0.0	0.1093	0.9427	0.0	0.0	0	0.0	0.0	0.0	47736	48023.66	287.66	2264	1976.34	0.1271	2264	1976.34	0.1271	50000	28449	0
0	0	100	3	0	0	0	100	1.0	6.0	50000	0	0	0	0	2210	54	0	0	0.68	0.74	2104.84	57.58	2.95	3.3	0.68	0.74	105.16	3.58	2.95	3.3	0.0	0.0	0.0476	0.0664	0.0	0.0	0	0.0	0.0	0.0	47736	47829.9	93.9	2264	2170.1	0.0415	2264	2170.1	0.0415	50000	28449	0
0	0	100	3	0	0	0	100	0.95	2.0	50000	0	0	0	0	2218	46	0	0	0.55	0.66	1938.26	6.71	2.9	0.63	0.55	0.66	279.74	39.29	2.9	0.63	0.0	0.0	0.1261	0.8542	0.0	0.0	0	0.0	0.0	0.0	47736	48050.29	314.29	2264	1949.71	0.1388	2264	1949.71	0.1388	50000	28601	0
0	0	100	3	0	0	0	100	0.95	6.0	50000	0	0	0	0	2218	46	0	0	0.62	0.83	2063.54	105.08	2.9	30.47	0.62	0.83	154.46	59.08	2.9	30.47	0.0	0.0	0.0696	1.2844	0.0	0.0	0	0.0	0.0	0.0	47736	47796.56	60.56	2264	2203.44	0.0267	2264	2203.44	0.0267	50000	28601	0
0	0	100	3	0	0	0	100	0.9	2.0	50000	0	0	0	0	2218	46	0	0	0.55	0.66	1911.03	5.55	2.84	0.63	0.55	0.66	306.97	40.45	2.84	0.63	0.0	0.0	0.1384	0.8792	0.0	0.0	0	0.0	0.0	0.0	47736	48078.73	342.73	2264	1921.27	0.1514	2264	1921.27	0.1514	50000	28601	0
0	0	100	3	0	0	0	100	0.9	6.0	50000	0	0	0	0	2218	46	0	0	0.62	0.86	2062.38	107.59	2.84	35.25	0.62	0.86	155.62	61.59	2.84	35.25	0.0	0.0	0.0702	1.339	0.0	0.0	0	0.0	0.0	0.0	47736	47790.45	54.45	2264	2209.55	0.024	2264	2209.55	0.024	50000	28601	0
0	0	100	3	0	0	0	1000	1.0	2.0	50000	0	0	0	0	222	14	0	0	0.31	0.22	111.79	27.18	2.52	0.63	0.31	0.22	110.21	13.18	2.52	0.63	0.0	0.0	0.4964	0.9416	0.0	0.0	0	0.0	0.0	0.0	49764	49857.33	93.33	236	142.67	0.3955	236	142.67	0.3955	50000	29700	0
0	0	100	3	0	0	0	1000	1.0	6.0	50000	0	0	0	0	222	14	0	0	0.37	0.32	128.3	40.81	2.52	42.69	0.37	0.32	93.7	26.81	2.52	42.69	0.0	0.0	0.4221	1.9153	0.0	0.0	0	616.15	616.15	0.0	49764	49168.83	595.17	236	215.02	0.0889	236	831.17	2.5219	50000	29700	0
0	0	100	3	0	0	0	1000	0.95	2.0	50000	0	0	0	0	223	13	0	0	0.31	0.23	116.11	1.34	2.91	0.64	0.31	0.23	106.89	11.66	2.91	0.64	0.0	0.0	0.4793	0.8969	0.0	0.0	0	0.0	0.0	0.0	49764	49878.46	114.46	236	121.54	0.485	236	121.54	0.485	50000	29768	0
0	0	100	3	0	0	0	1000	0.95	6.0	50000	0	0	0	0	223	13	0	0	0.35	0.34	138.95	1.84	2.91	45.7	0.35	0.34	84.05	11.16	2.91	45.7	0.0	0.0	0.3769	0.8587	0.0	0.0	0	819.4	819.4	0.0	49764	48990.5	773.5	236	190.09	0.1945	236	1009.5	3.2775	50000	29768	0
0	0	100	3	0	0	0	1000	0.9	2.0	50000	0	0	0	0	223	13	0	0	0.3	0.22	114.6	1.35	2.88	0.63	0.3	0.22	108.4	11.65	2.88	0.63	0.0	0.0	0.4861	0.8965	0.0	0.0	0	0.0	0.0	0.0	49764	49880.01	116.01	236	119.99	0.4916	236	119.99	0.4916	50000	29768	0
0	0	100	3	0	0	0	1000	0.9	6.0	50000	0	0	0	0	223	13	0	0	0.35	0.34	137.68	1.83	2.88	48.07	0.35	0.34	85.32	11.17	2.88	48.07	0.0	0.0	0.3826	0.859	0.0	0.0	0	985.5	985.5	0.0	49764	48823.36	940.64	236	191.14	0.1901	236	1176.64	3.9858	50000	29768	0
0	0	100	3	0	0	10	0	1.0	2.0	50000	0	0	0	0	35548	850	0	0	1.34	1.08	35336.56	1022.14	0.0	0.0	1.34	1.08	211.44	172.14	0.0	0.0	0.0	0.0	0.0059	0.2025	0.0	0.0	13602	13638.89	36.89	0.0027	0	0.0	0.0	36398	36361.11	0.001	50000	50000.0	0.0	50000	0	0
0	0	100	3	0	0	10	0	1.0	6.0	50000	0	0	0	0	35548	850	0	0	1.34	1.08	35336.56	1022.14	0.0	0.0	1.34	1.08	211.44	172.14	0.0	0.0	0.0	0.0	0.0059	0.2025	0.0	0.0	13602	13638.89	36.89	0.0027	0	0.0	0.0	36398	36361.11	0.001	50000	50000.0	0.0	50000	0	0
0	0	100	3	0	0	10	0	0.95	2.0	50000	0	0	0	0	35585	813	0	0	1.3	1.07	35691.15	710.63	0.0	0.0	1.3	1.07	106.15	102.37	0.0	0.0	0.0	0.0	0.003	0.1259	0.0	0.0	13602	13595.86	6.14	0.0005	0	0.0	0.0	36398	36404.14	0.0002	50000	50000.0	0.0	50000	0	0
0	0	100	3	0	0	10	0	0.95	6.0	50000	0	0	0	0	35585	813	0	0	1.3	1.07	35691.15	710.63	0.0	0.0	1.3	1.07	106.15	102.37	0.0	0.0	0.0	0.0	0.003	0.1259	0.0	0.0	13602	13595.86	6.14	0.0005	0	0.0	0.0	36398	36404.14	0.0002	50000	50000.0	0.0	50000	0	0
0	0	100	3	0	0	10	0	0.9	2.0	50000	0	0	0	0	35585	813	0	0	1.1	0.89	35692.04	709.67	0.0	0.0	1.1	0.89	107.04	103.33	0.0	0.0	0.0	0.0	0.003	0.1271	0.0	0.0	13602	13557.19	44.81	0.0033	0	39.11	39.11	36398	36403.7	0.0002	50000	49960.89	0.0008	50000	0	0
0	0	100	3	0	0	10	0	0.9	6.0	50000	0	0	0	0	35585	813	0	0	1.1	0.89	35691.84	710.11	0.0	0.0	1.1	0.89	106.84	102.89	0.0	0.0	0.0	0.0	0.003	0.1266	0.0	0.0	13602	13583.14	18.86	0.0014	0	12.92	12.92	36398	36403.94	0.0002	50000	49987.08	0.0003	50000	0	0
0	0	100	3	0	0	10	10	1.0	2.0	50000	0	0	0	0	14045	315	0	0	0.82	0.86	13821.76	395.67	3.03	0.49	0.82	0.86	223.24	80.67	3.03	0.49	0.0	0.0	0.0159	0.2561	0.0	0.0	5366	5137.43	228.57	0.0426	30274	30639.94	365.94	14360	14222.63	0.0096	19726	19360.06	0.0186	50000	18015	0
0	0	100	3	0	0	10	10	1.0	6.0	50000	0	0	0	0	14045	315	0	0	0.82	0.86	13822.99	395.66	3.03	7.15	0.82	0.86	222.01	80.66	3.03	7.15	0.0	0.0	0.0158	0.2561	0.0	0.0	5366	5969.4	603.4	0.1124	30274	29800.1	473.9	14360	14230.5	0.009	19726	20199.9	0.024	50000	18015	0
0	0	100	3	0	0	10	10	0.95	2.0	50000	0	0	0	0	14017	343	0	0	0.81	0.83	13818.25	265.65	2.56	0.53	0.81	0.83	198.75	77.35	2.56	0.53	0.0	0.0	0.0142	0.2255	0.0	0.0	5366	4956.97	409.03	0.0762	30274	30954.41	680.41	14360	14088.63	0.0189	19726	19045.59	0.0345	50000	18000	0
0	0	100	3	0	0	10	10	0.95	6.0	50000	0	0	0	0	14017	343	0	0	0.8	0.84	13880.26	271.83	2.56	18.04	0.8	0.84	136.74	71.17	2.56	18.04	0.0	0.0	0.0098	0.2075	0.0	0.0	5366	6285.37	919.37	0.1713	30274	29540.3	733.7	14360	14174.33	0.0129	19726	20459.7	0.0372	50000	18000	0
0	0	100	3	0	0	10	10	0.9	2.0	50000	0	0	0	0	14017	343	0	0	0.8	0.83	13783.27	268.17	2.59	0.53	0.8	0.83	233.73	74.83	2.59	0.53	0.0	0.0	0.0167	0.2182	0.0	0.0	5366	4790.3	575.7	0.1073	30274	31153.53	879.53	14360	14056.18	0.0212	19726	18846.47	0.0446	50000	18000	0
0	0	100	3	0	0	10	10	0.9	6.0	50000	0	0	0	0	14017	343	0	0	0.79	0.84	13851.43	278.97	2.59	20.15	0.79	0.84	165.57	64.03	2.59	20.15	0.0	0.0	0.0118	0.1867	0.0	0.0	5366	6784.16	1418.16	0.2643	30274	29061.07	1212.93	14360	14154.76	0.0143	19726	20938.93	0.0615	50000	18000	0
0	0	100	3	0	0	10	100	1.0	2.0	50000	0	0	0	0	2183	44	0	0	0.53	0.65	1988.0	86.25	2.56	0.53	0.53	0.65	195.0	42.25	2.56	0.53	0.0	0.0	0.0893	0.9603	0.0	0.0	832	275.0	557.0	0.6695	46941	47646.48	705.48	2227	2078.52	0.0667	3059	2353.52	0.2306	50000	28033	0
0	0	100	3	0	0	10	100	1.0	6.0	50000	0	0	0	0	2183	44	0	0	0.53	0.65	1989.39	84.83	2.56	13.51	0.53	0.65	193.61	40.83	2.56	13.51	0.0	0.0	0.0887	0.928	0.0	0.0	832	1546.43	714.43	0.8587	46941	46362.09	578.91	2227	2091.47	0.0609	3059	3637.91	0.1892	50000	28033	0
0	0	100	3	0	0	10	100	0.95	2.0	50000	0	0	0	0	2172	55	0	0	0.52	0.62	1883.17	111.18	2.21	0.55	0.52	0.62	288.83	56.18	2.21	0.55	0.0	0.0	0.133	1.0214	0.0	0.0	832	331.07	500.93	0.6021	46941	47670.68	729.68	2227	1998.25	0.1027	3059	2329.32	0.2385	50000	28071	0
0	0	100	3	0	0	10	100	0.95	6.0	50000	0	0	0	0	2172	55	0	0	0.52	0.63	1898.37	106.87	2.21	12.42	0.52	0.63	273.63	51.87	2.21	12.42	0.0	0.0	0.126	0.9432	0.0	0.0	832	1964.29	1132.29	1.3609	46941	46014.68	926.32	2227	2021.02	0.0925	3059	3985.32	0.3028	50000	28071	0
0	0	100	3	0	0	10	100	0.9	2.0	50000	0	0	0	0	2172	55	0	0	0.51	0.61	1842.75	115.08	2.24	0.55	0.51	0.61	329.25	60.08	2.24	0.55	0.0	0.0	0.1516	1.0923	0.0	0.0	832	0.0	832.0	1.0	46941	48038.26	1097.26	2227	1961.74	0.1191	3059	1961.74	0.3587	50000	28071	0
0	0	100	3	0	0	10	100	0.9	6.0	50000	0	0	0	0	2172	55	0	0	0.51	0.62	1864.63	101.4	2.24	13.53	0.51	0.62	307.37	46.4	2.24	13.53	0.0	0.0	0.1415	0.8437	0.0	0.0	832	2018.8	1186.8	1.4264	46941	45998.27	942.73	2227	1982.93	0.1096	3059	4001.73	0.3082	50000	28071	0
0	0	100	3	0	0	10	1000	1.0	2.0	50000	0	0	0	0	222	14	0	0	0.3	0.23	130.29	9.51	2.48	0.56	0.3	0.23	91.71	4.49	2.48	0.56	0.0	0.0	0.4131	0.321	0.0	0.0	88	0.0	88.0	1.0	49676	49856.63	180.63	236	143.37	0.3925	324	143.37	0.5575	50000	29616	0
0	0	100	3	0	0	10	1000	1.0	6.0	50000	0	0	0	0	222	14	0	0	0.34	0.32	150.17	15.19	2.48	6.59	0.34	0.32	71.83	1.19	2.48	6.59	0.0	0.0	0.3236	0.0851	0.0	0.0	88	837.51	749.51	8.5172	49676	48987.4	688.6	236	175.09	0.2581	324	1012.6	2.1253	50000	29616	0
0	0	100	3	0	0	10	1000	0.95	2.0	50000	0	0	0	0	223	13	0	0	0.33	0.24	121.06	1.53	2.76	0.54	0.33	0.24	101.94	11.47	2.76	0.54	0.0	0.0	0.4571	0.8826	0.0	0.0	88	0.0	88.0	1.0	49676	49873.54	197.54	236	126.46	0.4642	324	126.46	0.6097	50000	29665	0
0	0	100	3	0	0	10	1000	0.95	6.0	50000	0	0	0	0	223	13	0	0	0.38	0.34	142.43	1.97	2.76	15.12	0.38	0.34	80.57	11.03	2.76	15.12	0.0	0.0	0.3613	0.8488	0.0	0.0	88	1031.27	943.27	10.719	49676	48805.73	870.27	236	163.0	0.3093	324	1194.27	2.686	50000	29665	0
0	0	100	3	0	0	10	1000	0.9	2.0	50000	0	0	0	0	223	13	0	0	0.33	0.24	118.9	1.49	2.74	0.54	0.33	0.24	104.1	11.51	2.74	0.54	0.0	0.0	0.4668	0.8857	0.0	0.0	88	0.0	88.0	1.0	49676	49875.77	199.77	236	124.23	0.4736	324	124.23	0.6166	50000	29665	0
0	0	100	3	0	0	10	1000	0.9	6.0	50000	0	0	0	0	223	13	0	0	0.37	0.34	141.12	1.91	2.74	17.1	0.37	0.34	81.88	11.09	2.74	17.1	0.0	0.0	0.3672	0.8528	0.0	0.0	88	1215.69	1127.69	12.8147	49676	48620.73	1055.27	236	163.58	0.3069	324	1379.27	3.257	50000	29665	0
0	0	100	3	0	0	100	0	1.0	2.0	50000	0	0	0	0	10315	240	0	0	0.88	0.69	10079.0	403.01	0.0	0.0	0.88	0.69	236.0	163.01	0.0	0.0	0.0	0.0	0.0229	0.6792	0.0	0.0	39445	39516.43	71.43	0.0018	0	0.0	0.0	10555	10483.57	0.0068	50000	50000.0	0.0	50000	0	0
0	0	100	3	0	0	100	0	1.0	6.0	50000	0	0	0	0	10315	240	0	0	0.88	0.69	10079.0	403.01	0.0	0.0	0.88	0.69	236.0	163.01	0.0	0.0	0.0	0.0	0.0229	0.6792	0.0	0.0	39445	39516.43	71.43	0.0018	0	0.0	0.0	10555	10483.57	0.0068	50000	50000.0	0.0	50000	0	0
0	0	100	3	0	0	100	0	0.95	2.0	50000	0	0	0	0	10314	241	0	0	0.69	0.55	10244.5	330.46	0.0	0.0	0.69	0.55	69.5	89.46	0.0	0.0	0.0	0.0	0.0067	0.3712	0.0	0.0	39445	39136.86	308.14	0.0078	0	286.94	286.94	10555	10576.2	0.002	50000	49713.06	0.0057	50000	0	0
0	0	100	3	0	0	100	0	0.95	6.0	50000	0	0	0	0	10314	241	0	0	0.69	0.55	10246.07	330.68	0.0	0.0	0.69	0.55	67.93	89.68	0.0	0.0	0.0	0.0	0.0066	0.3721	0.0	0.0	39445	39394.18	50.82	0.0013	0	27.82	27.82	10555	10578.0	0.0022	50000	49972.18	0.0006	50000	0	0
0	0	100	3	0	0	100	0	0.9	2.0	50000	0	0	0	0	10314	241	0	0	0.69	0.55	10245.81	331.03	0.0	0.0	0.69	0.55	68.19	90.03	0.0	0.0	0.0	0.0	0.0066	0.3736	0.0	0.0	39445	39320.57	124.43	0.0032	0	101.35	101.35	10555	10578.08	0.0022	50000	49898.65	0.002	50000	0	0
0	0	100	3	0	0	100	0	0.9	6.0	50000	0	0	0	0	10314	241	0	0	0.69	0.55	10246.11	330.76	0.0	0.0	0.69	0.55	67.89	89.76	0.0	0.0	0.0	0.0	0.0066	0.3725	0.0	0.0	39445	39405.29	39.71	0.001	0	16.59	16.59	10555	10578.12	0.0022	50000	49983.41	0.0003	50000	0	0
0	0	100	3	0	0	100	10	1.0	2.0	50000	0	0	0	0	7113	192	0	0	0.63	0.57	7201.86	211.5	2.59	0.48	0.63	0.57	88.86	19.5	2.59	0.48	0.0	0.0	0.0125	0.1015	0.0	0.0	27296	27075.68	220.32	0.0081	15399	15506.69	107.69	7305	7417.62	0.0154	34601	34493.31	0.0031	50000	9174	0
0	0	100	3	0	0	100	10	1.0	6.0	50000	0	0	0	0	7113	192	0	0	0.63	0.57	7202.78	211.25	2.59	3.59	0.63	0.57	89.78	19.25	2.59	3.59	0.0	0.0	0.0126	0.1002	0.0	0.0	27296	27493.78	197.78	0.0072	15399	15084.82	314.18	7305	7421.4	0.0159	34601	34915.18	0.0091	50000	9174	0
0	0	100	3	0	0	100	10	0.95	2.0	50000	0	0	0	0	7133	172	0	0	0.65	0.54	6954.38	227.67	2.92	0.8	0.65	0.54	178.62	55.67	2.92	0.8	0.0	0.0	0.025	0.3237	0.0	0.0	27296	27467.77	171.77	0.0063	15399	15345.28	53.72	7305	7186.96	0.0162	34601	34654.72	0.0016	50000	9168	0
0	0	100	3	0	0	100	10	0.95	6.0	50000	0	0	0	0	7133	172	0	0	0.65	0.54	6950.19	227.91	2.92	26.83	0.65	0.54	182.81	55.91	2.92	26.83	0.0	0.0	0.0256	0.325	0.0	0.0	27296	28859.74	1563.74	0.0573	15399	13931.22	1467.78	7305	7209.04	0.0131	34601	36068.78	0.0424	50000	9168	0
0	0	100	3	0	0	100	10	0.9	2.0	50000	0	0	0	0	7133	172	0	0	0.65	0.54	6937.29	240.73	2.93	0.79	0.65	0.54	195.71	68.73	2.93	0.79	0.0	0.0	0.0274	0.3996	0.0	0.0	27296	26950.06	345.94	0.0127	15399	15867.0	468.0	7305	7182.94	0.0167	34601	34133.0	0.0135	50000	9168	0
0	0	100	3	0	0	100	10	0.9	6.0	50000	0	0	0	0	7133	172	0	0	0.65	0.54	6936.54	232.37	2.93	30.18	0.65	0.54	196.46	60.37	2.93	30.18	0.0	0.0	0.0275	0.351	0.0	0.0	27296	29041.06	1745.06	0.0639	15399	13755.73	1643.27	7305	7203.21	0.0139	34601	36244.27	0.0475	50000	9168	0
0	0	100	3	0	0	100	100	1.0	2.0	50000	0	0	0	0	1895	41	0	0	0.53	0.6	1734.32	66.47	2.23	0.69	0.53	0.6	160.68	25.47	2.23	0.69	0.0	0.0	0.0848	0.6213	0.0	0.0	7237	6763.56	473.44	0.0654	40827	41431.6	604.6	1936	1804.84	0.0677	9173	8568.4	0.0659	50000	24422	0
0	0	100	3	0	0	100	100	1.0	6.0	50000	0	0	0	0	1895	41	0	0	0.53	0.6	1734.87	66.26	2.23	35.87	0.53	0.6	160.13	25.26	2.23	35.87	0.0	0.0	0.0845	0.6161	0.0	0.0	7237	7916.84	679.84	0.0939	40827	40242.81	584.19	1936	1840.36	0.0494	9173	9757.19	0.0637	50000	24422	0
0	0	100	3	0	0	100	100	0.95	2.0	50000	0	0	0	0	1905	31	0	0	0.5	0.44	1640.25	83.51	2.64	0.59	0.5	0.44	264.75	52.51	2.64	0.59	0.0	0.0	0.139	1.694	0.0	0.0	7237	6454.5	782.5	0.1081	40827	41817.57	990.57	1936	1727.93	0.1075	9173	8182.43	0.108	50000	24171	0
0	0	100	3	0	0	100	100	0.95	6.0	50000	0	0	0	0	1905	31	0	0	0.5	0.45	1644.78	83.48	2.64	19.64	0.5	0.45	260.22	52.48	2.64	19.64	0.0	0.0	0.1366	1.6931	0.0	0.0	7237	8058.73	821.73	0.1135	40827	40189.78	637.22	1936	1751.49	0.0953	9173	9810.22	0.0695	50000	24171	0
0	0	100	3	0	0	100	100	0.9	2.0	50000	0	0	0	0	1905	31	0	0	0.49	0.44	1613.2	82.18	2.65	0.58	0.49	0.44	291.8	51.18	2.65	0.58	0.0	0.0	0.1532	1.651	0.0	0.0	7237	6122.92	1114.08	0.1539	40827	42177.53	1350.53	1936	1699.54	0.1221	9173	7822.47	0.1472	50000	24171	0
0	0	100	3	0	0	100	100	0.9	6.0	50000	0	0	0	0	1905	31	0	0	0.49	0.44	1621.84	81.73	2.65	20.79	0.49	0.44	283.16	50.73	2.65	20.79	0.0	0.0	0.1486	1.6363	0.0	0.0	7237	8322.94	1085.94	0.1501	40827	39949.12	877.88	1936	1727.94	0.1075	9173	10050.88	0.0957	50000	24171	0
0	0	100	3	0	0	100	1000	1.0	2.0	50000	0	0	0	0	224	8	0	0	0.42	0.37	159.33	1.91	2.89	0.62	0.42	0.37	64.67	6.09	2.89	0.62	0.0	0.0	0.2887	0.7608	0.0	0.0	867	161.95	705.05	0.8132	48901	49672.5	771.5	232	165.55	0.2864	1099	327.5	0.702	50000	29194	0
0	0	100	3	0	0	100	1000	1.0	6.0	50000	0	0	0	0	224	8	0	0	0.42	0.38	160.63	1.69	2.89	25.09	0.42	0.38	63.37	6.31	2.89	25.09	0.0	0.0	0.2829	0.7892	0.0	0.0	867	1625.06	758.06	0.8744	48901	48183.83	717.17	232	191.1	0.1763	1099	1816.17	0.6526	50000	29194	0
0	0	100	3	0	0	100	1000	0.95	2.0	50000	0	0	0	0	225	7	0	0	0.36	0.38	174.52	4.42	2.41	0.61	0.36	0.38	50.48	2.58	2.41	0.61	0.0	0.0	0.2244	0.3686	0.0	0.0	867	0.0	867.0	1.0	48901	49817.3	916.3	232	182.7	0.2125	1099	182.7	0.8338	50000	29246	0
0	0	100	3	0	0	100	1000	0.95	6.0	50000	0	0	0	0	225	7	0	0	0.37	0.41	181.28	3.04	2.41	31.15	0.37	0.41	43.72	3.96	2.41	31.15	0.0	0.0	0.1943	0.5657	0.0	0.0	867	2114.72	1247.72	1.4391	48901	47666.62	1234.38	232	218.65	0.0575	1099	2333.38	1.1232	50000	29246	0
0	0	100	3	0	0	100	1000	0.9	2.0	50000	0	0	0	0	225	7	0	0	0.34	0.33	164.03	3.4	2.43	0.62	0.34	0.33	60.97	3.6	2.43	0.62	0.0	0.0	0.271	0.5141	0.0	0.0	867	0.0	867.0	1.0	48901	49828.85	927.85	232	171.15	0.2623	1099	171.15	0.8443	50000	29246	0
0	0	100	3	0	0	100	1000	0.9	6.0	50000	0	0	0	0	225	7	0	0	0.36	0.38	176.4	2.91	2.43	40.63	0.36	0.38	48.6	4.09	2.43	40.63	0.0	0.0	0.216	0.584	0.0	0.0	867	2780.79	1913.79	2.2074	48901	46996.1	1904.9	232	223.11	0.0383	1099	3003.9	1.7333	50000	29246	0
0	0	100	3	0	0	1000	0	1.0	2.0	50000	0	0	0	0	1271	32	0	0	0.77	0.58	1148.7	6.54	0.0	0.0	0.77	0.58	122.3	25.46	0.0	0.0	0.0	0.0	0.0962	0.7956	0.0	0.0	48697	48843.42	146.42	0.003	0	0.0	0.0	1303	1156.58	0.1124	50000	50000.0	0.0	50000	0	0
0	0	100	3	0	0	1000	0	1.0	6.0	50000	0	0	0	0	1271	32	0	0	0.77	0.58	1148.7	6.54	0.0	0.0	0.77	0.58	122.3	25.46	0.0	0.0	0.0	0.0	0.0962	0.7956	0.0	0.0	48697	48843.42	146.42	0.003	0	0.0	0.0	1303	1156.58	0.1124	50000	50000.0	0.0	50000	0	0
0	0	100	3	0	0	1000	0	0.95	2.0	50000	0	0	0	0	1268	35	0	0	0.68	0.46	1258.77	67.2	0.0	0.0	0.68	0.46	9.23	32.2	0.0	0.0	0.0	0.0	0.0073	0.92	0.0	0.0	48697	48672.89	24.11	0.0005	0	0.0	0.0	1303	1327.11	0.0185	50000	50000.0	0.0	50000	0	0
0	0	100	3	0	0	1000	0	0.95	6.0	50000	0	0	0	0	1268	35	0	0	0.68	0.46	1258.77	67.2	0.0	0.0	0.68	0.46	9.23	32.2	0.0	0.0	0.0	0.0	0.0073	0.92	0.0	0.0	48697	48672.89	24.11	0.0005	0	0.0	0.0	1303	1327.11	0.0185	50000	50000.0	0.0	50000	0	0
0	0	100	3	0	0	1000	0	0.9	2.0	50000	0	0	0	0	1268	35	0	0	0.68	0.46	1258.77	67.2	0.0	0.0	0.68	0.46	9.23	32.2	0.0	0.0	0.0	0.0	0.0073	0.9201	0.0	0.0	48697	48672.89	24.11	0.0005	0	0.0	0.0	1303	1327.11	0.0185	50000	50000.0	0.0	50000	0	0
0	0	100	3	0	0	1000	0	0.9	6.0	50000	0	0	0	0	1268	35	0	0	0.68	0.46	1258.77	67.2	0.0	0.0	0.68	0.46	9.23	32.2	0.0	0.0	0.0	0.0	0.0073	0.9201	0.0	0.0	48697	48672.89	24.11	0.0005	0	0.0	0.0	1303	1327.11	0.0185	50000	50000.0	0.0	50000	0	0
0	0	100	3	0	0	1000	10	1.0	2.0	50000	0	0	0	0	1207	28	0	0	0.57	0.47	1058.2	38.32	4.75	0.25	0.57	0.47	148.8	10.32	4.75	0.25	0.0	0.0	0.1233	0.3685	0.0	0.0	46161	46600.83	439.83	0.0095	2604	2296.6	307.4	1235	1102.57	0.1072	47396	47703.4	0.0065	50000	1554	0
0	0	100	3	0	0	1000	10	1.0	6.0	50000	0	0	0	0	1207	28	0	0	0.57	0.47	1057.94	38.29	4.75	0.45	0.57	0.47	149.06	10.29	4.75	0.45	0.0	0.0	0.1235	0.3674	0.0	0.0	46161	46639.96	478.96	0.0104	2604	2257.56	346.44	1235	1102.48	0.1073	47396	47742.44	0.0073	50000	1554	0
0	0	100	3	0	0	1000	10	0.95	2.0	50000	0	0	0	0	1207	28	0	0	0.55	0.39	1112.95	61.22	4.19	0.33	0.55	0.39	94.05	33.22	4.19	0.33	0.0	0.0	0.0779	1.1865	0.0	0.0	46161	45988.89	172.11	0.0037	2604	2831.48	227.48	1235	1179.63	0.0448	47396	47168.52	0.0048	50000	1570	0
0	0	100	3	0	0	1000	10	0.95	6.0	50000	0	0	0	0	1207	28	0	0	0.55	0.39	1112.41	61.15	4.19	0.93	0.55	0.39	94.59	33.15	4.19	0.93	0.0	0.0	0.0784	1.1839	0.0	0.0	46161	46462.24	301.24	0.0065	2604	2358.13	245.87	1235	1179.63	0.0448	47396	47641.87	0.0052	50000	1570	0
0	0	100	3	0	0	1000	10	0.9	2.0	50000	0	0	0	0	1207	28	0	0	0.55	0.39	1114.68	60.63	4.1	0.34	0.55	0.39	92.32	32.63	4.1	0.34	0.0	0.0	0.0765	1.1653	0.0	0.0	46161	45635.25	525.75	0.0114	2604	3184.06	580.06	1235	1180.7	0.044	47396	46815.94	0.0122	50000	1570	0
0	0	100	3	0	0	1000	10	0.9	6.0	50000	0	0	0	0	1207	28	0	0	0.55	0.39	1112.76	60.92	4.11	1.03	0.55	0.39	94.24	32.92	4.11	1.03	0.0	0.0	0.0781	1.1757	0.0	0.0	46161	46456.22	295.22	0.0064	2604	2364.02	239.98	1235	1179.76	0.0447	47396	47635.98	0.0051	50000	1570	0
0	0	100	3	0	0	1000	100	1.0	2.0	50000	0	0	0	0	817	24	0	0	0.57	0.49	834.44	26.29	2.62	0.52	0.57	0.49	17.44	2.29	2.62	0.52	0.0	0.0	0.0213	0.0953	0.0	0.0	31429	31550.98	121.98	0.0039	17730	17584.1	145.9	841	864.92	0.0284	32270	32415.9	0.0045	50000	10504	0
0	0	100	3	0	0	1000	100	1.0	6.0	50000	0	0	0	0	817	24	0	0	0.57	0.49	833.17	26.71	2.62	5.71	0.57	0.49	16.17	2.71	2.62	5.71	0.0	0.0	0.0198	0.1127	0.0	0.0	31429	32142.92	713.92	0.0227	17730	16987.81	742.19	841	869.26	0.0336	32270	33012.19	0.023	50000	10504	0
0	0	100	3	0	0	1000	100	0.95	2.0	50000	0	0	0	0	820	21	0	0	0.56	0.43	747.73	10.88	2.56	0.62	0.56	0.43	72.27	10.12	2.56	0.62	0.0	0.0	0.0881	0.4819	0.0	0.0	31429	30925.73	503.27	0.016	17730	18311.49	581.49	841	762.78	0.093	32270	31688.51	0.018	50000	10535	0
0	0	100	3	0	0	1000	100	0.95	6.0	50000	0	0	0	0	820	21	0	0	0.56	0.42	745.41	9.86	2.56	7.43	0.56	0.42	74.59	11.14	2.56	7.43	0.0	0.0	0.091	0.5304	0.0	0.0	31429	32493.87	1064.87	0.0339	17730	16739.88	990.12	841	766.24	0.0889	32270	33260.12	0.0307	50000	10535	0
0	0	100	3	0	0	1000	100	0.9	2.0	50000	0	0	0	0	820	21	0	0	0.56	0.42	743.48	9.43	2.57	0.63	0.56	0.42	76.52	11.57	2.57	0.63	0.0	0.0	0.0933	0.5508	0.0	0.0	31429	30432.07	996.93	0.0317	17730	18810.84	1080.84	841	757.09	0.0998	32270	31189.16	0.0335	50000	10535	0
0	0	100	3	0	0	1000	100	0.9	6.0	50000	0	0	0	0	820	21	0	0	0.56	0.42	741.58	8.6	2.57	8.53	0.56	0.42	78.42	12.4	2.57	8.53	0.0	0.0	0.0956	0.5905	0.0	0.0	31429	32905.21	1476.21	0.047	17730	16332.54	1397.46	841	762.25	0.0936	32270	33667.46	0.0433	50000	10535	0
0	0	100	3	0	0	1000	1000	1.0	2.0	50000	0	0	0	0	194	7	0	0	0.49	0.47	178.94	3.64	2.43	0.57	0.49	0.47	15.06	3.36	2.43	0.57	0.0	0.0	0.0776	0.4795	0.0	0.0	7498	7186.27	311.73	0.0416	42301	42627.18	326.18	201	186.55	0.0719	7699	7372.82	0.0424	50000	25190	0
0	0	100	3	0	0	1000	1000	1.0	6.0	50000	0	0	0	0	194	7	0	0	0.49	0.47	178.38	3.64	2.43	10.74	0.49	0.47	15.62	3.36	2.43	10.74	0.0	0.0	0.0805	0.4801	0.0	0.0	7498	8528.07	1030.07	0.1374	42301	41275.77	1025.23	201	196.16	0.0241	7699	8724.23	0.1332	50000	25190	0
0	0	100	3	0	0	1000	1000	0.95	2.0	50000	0	0	0	0	195	6	0	0	0.46	0.48	140.4	18.8	2.41	0.55	0.46	0.48	54.6	12.8	2.41	0.55	0.0	0.0	0.28	2.1327	0.0	0.0	7498	6844.56	653.44	0.0871	42301	42992.34	691.34	201	163.1	0.1886	7699	7007.66	0.0898	50000	25294	0
0	0	100	3	0	0	1000	1000	0.95	6.0	50000	0	0	0	0	195	6	0	0	0.46	0.48	139.11	18.97	2.41	22.06	0.46	0.48	55.89	12.97	2.41	22.06	0.0	0.0	0.2866	2.1619	0.0	0.0	7498	8643.13	1145.13	0.1527	42301	41173.39	1127.61	201	183.48	0.0872	7699	8826.61	0.1465	50000	25294	0
0	0	100	3	0	0	1000	1000	0.9	2.0	50000	0	0	0	0	195	6	0	0	0.46	0.48	140.5	17.68	2.41	0.55	0.46	0.48	54.5	11.68	2.41	0.55	0.0	0.0	0.2795	1.9461	0.0	0.0	7498	6296.78	1201.22	0.1602	42301	43541.16	1240.16	201	162.07	0.1937	7699	6458.84	0.1611	50000	25294	0
0	0	100	3	0	0	1000	1000	0.9	6.0	50000	0	0	0	0	195	6	0	0	0.45	0.47	138.72	17.9	2.41	22.83	0.45	0.47	56.28	11.9	2.41	22.83	0.0	0.0	0.2886	1.9835	0.0	0.0	7498	8580.52	1082.52	0.1444	42301	41236.69	1064.31	201	182.79	0.0906	7699	8763.31	0.1382	50000	25294	0
0	0	0	100	0	0	0	0	1.0	2.0	50000	0	0	0	0	0	50000	0	0	0.12	0.1	0.3	49999.49	0.0	0.0	0.12	0.1	0.3	0.51	0.0	0.0	0.0	0.0	0.0	0.0	0.0	0.0	0	0.0	0.0	0.0	0	0.0	0.0	50000	50000.0	0.0	50000	50000.0	0.0	50000	0	0
0	0	0	100	0	0	0	0	1.0	6.0	50000	0	0	0	0	0	50000	0	0	0.12	0.1	0.3	49999.49	0.0	0.0	0.12	0.1	0.3	0.51	0.0	0.0	0.0	0.0	0.0	0.0	0.0	0.0	0	0.0	0.0	0.0	0	0.0	0.0	50000	50000.0	0.0	50000	50000.0	0.0	50000	0	0
0	0	0	100	0	0	0	0	0.95	2.0	50000	0	0	0	0	0	50000	0	0	0.12	0.1	0.3	49999.49	0.0	0.0	0.12	0.1	0.3	0.51	0.0	0.0	0.0	0.0	0.0	0.0	0.0	0.0	0	0.0	0.0	0.0	0	0.0	0.0	50000	50000.0	0.0	50000	50000.0	0.0	50000	0	0
0	0	0	100	0	0	0	0	0.95	6.0	50000	0	0	0	0	0	50000	0	0	0.12	0.1	0.3	49999.49	0.0	0.0	0.12	0.1	0.3	0.51	0.0	0.0	0.0	0.0	0.0	0.0	0.0	0.0	0	0.0	0.0	0.0	0	0.0	0.0	50000	50000.0	0.0	50000	50000.0	0.0	50000	0	0
0	0	0	100	0	0	0	0	0.9	2.0	50000	0	0	0	0	0	50000	0	0	0.09	0.08	0.25	49999.51	0.0	0.0	0.09	0.08	0.25	0.49	0.0	0.0	0.0	0.0	0.0	0.0	0.0	0.0	0	0.0	0.0	0.0	0	0.06	0.06	50000	49999.94	0.0	50000	49999.94	0.0	50000	0	0
0	0	0	100	0	0	0	0	0.9	6.0	50000	0	0	0	0	0	50000	0	0	0.09	0.08	0.25	49999.51	0.0	0.0	0.09	0.08	0.25	0.49	0.0	0.0	0.0	0.0	0.0	0.0	0.0	0.0	0	0.0	0.0	0.0	0	0.06	0.06	50000	49999.94	0.0	50000	49999.94	0.0	50000	0	0
0	0	0	100	0	0	0	10	1.0	2.0	50000	0	0	0	0	0	13309	0	0	0.29	0.39	0.88	13185.53	2.32	0.75	0.29	0.39	0.88	123.47	2.32	0.75	0.0	0.0	0.0	0.0093	0.0	0.0	0	0.0	0.0	0.0	36691	36809.84	118.84	13309	13190.16	0.0089	13309	13190.16	0.0089	50000	21856	0
0	0	0	100	0	0	0	10	1.0	6.0	50000	0	0	0	0	0	13309	0	0	0.44	0.98	2.0	13327.72	2.32	41.63	0.44	0.98	2.0	18.72	2.32	41.63	0.0	0.0	0.0	0.0014	0.0	0.0	0	0.0	0.0	0.0	36691	36624.92	66.08	13309	13375.08	0.005	13309	13375.08	0.005	50000	21856	0
0	0	0	100	0	0	0	10	0.95	2.0	50000	0	0	0	0	0	13309	0	0	0.28	0.43	1.2	13140.34	3.09	0.66	0.28	0.43	1.2	168.66	3.09	0.66	0.0	0.0	0.0	0.0127	0.0	0.0	0	0.0	0.0	0.0	36691	36854.01	163.01	13309	13145.99	0.0122	13309	13145.99	0.0122	50000	21766	0
0	0	0	100	0	0	0	10	0.95	6.0	50000	0	0	0	0	0	13309	0	0	0.48	1.39	17.49	13246.88	3.09	40.11	0.48	1.39	17.49	62.12	3.09	40.11	0.0	0.0	0.0	0.0047	0.0	0.0	0	840.89	840.89	0.0	36691	35849.67	841.33	13309	13309.44	0.0	13309	14150.33	0.0632	50000	21766	0
0	0	0	100	0	0	0	10	0.9	2.0	50000	0	0	0	0	0	13309	0	0	0.28	0.42	1.18	13058.8	3.04	0.66	0.28	0.42	1.18	250.2	3.04	0.66	0.0	0.0	0.0	0.0188	0.0	0.0	0	0.0	0.0	0.0	36691	36935.63	244.63	13309	13064.37	0.0184	13309	13064.37	0.0184	50000	21766	0
0	0	0	100	0	0	0	10	0.9	6.0	50000	0	0	0	0	0	13309	0	0	0.48	1.41	17.81	13198.83	3.04	43.9	0.48	1.41	17.81	110.17	3.04	43.9	0.0	0.0	0.0	0.0083	0.0	0.0	0	895.27	895.27	0.0	36691	35839.25	851.75	13309	13265.47	0.0033	13309	14160.75	0.064	50000	21766	0
0	0	0	100	0	0	0	100	1.0	2.0	50000	0	0	0	0	0	1750	0	0	0.27	0.32	0.57	1523.09	2.49	0.56	0.27	0.32	0.57	226.91	2.49	0.56	0.0	0.0	0.0	0.1297	0.0	0.0	0	0.0	0.0	0.0	48250	48472.69	222.69	1750	1527.31	0.1273	1750	1527.31	0.1273	50000	28953	0
0	0	0	100	0	0	0	100	1.0	6.0	50000	0	0	0	0	0	1750	0	0	0.39	0.7	1.06	1681.34	2.49	23.45	0.39	0.7	1.06	68.66	2.49	23.45	0.0	0.0	0.0	0.0392	0.0	0.0	0	0.0	0.0	0.0	48250	48290.55	40.55	1750	1709.45	0.0232	1750	1709.45	0.0232	50000	28953	0
0	0	0	100	0	0	0	100	0.95	2.0	50000	0	0	0	0	0	1750	0	0	0.27	0.56	1.19	1558.95	2.55	0.67	0.27	0.56	1.19	191.05	2.55	0.67	0.0	0.0	0.0	0.1092	0.0	0.0	0	0.0	0.0	0.0	48250	48435.8	185.8	1750	1564.2	0.1062	1750	1564.2	0.1062	50000	28861	0
0	0	0	100	0	0	0	100	0.95	6.0	50000	0	0	0	0	0	1750	0	0	0.41	2.09	16.96	1606.8	2.55	40.13	0.41	2.09	16.96	143.2	2.55	40.13	0.0	0.0	0.0	0.0818	0.0	0.0	0	921.43	921.43	0.0	48250	47409.62	840.38	1750	1668.95	0.0463	1750	2590.38	0.4802	50000	28861	0
0	0	0	100	0	0	0	100	0.9	2.0	50000	0	0	0	0	0	1750	0	0	0.26	0.55	1.17	1514.97	2.55	0.67	0.26	0.55	1.17	235.03	2.55	0.67	0.0	0.0	0.0	0.1343	0.0	0.0	0	0.0	0.0	0.0	48250	48479.83	229.83	1750	1520.17	0.1313	1750	1520.17	0.1313	50000	28861	0
0	0	0	100	0	0	0	100	0.9	6.0	50000	0	0	0	0	0	1750	0	0	0.41	2.14	16.88	1574.58	2.55	41.88	0.41	2.14	16.88	175.42	2.55	41.88	0.0	0.0	0.0	0.1002	0.0	0.0	0	923.06	923.06	0.0	48250	47438.49	811.51	1750	1638.45	0.0637	1750	2561.51	0.4637	50000	28861	0
0	0	0	100	0	0	0	1000	1.0	2.0	50000	0	0	0	0	0	181	0	0	0.2	0.38	1.8	100.33	2.31	0.55	0.2	0.38	1.8	80.67	2.31	0.55	0.0	0.0	0.0	0.4457	0.0	0.0	0	0.0	0.0	0.0	49819	49894.42	75.42	181	105.58	0.4167	181	105.58	0.4167	50000	29826	0
0	0	0	100	0	0	0	1000	1.0	6.0	50000	0	0	0	0	0	181	0	0	0.3	1.04	21.33	105.5	2.31	22.69	0.3	1.04	21.33	75.5	2.31	22.69	0.0	0.0	0.0	0.4171	0.0	0.0	0	792.2	792.2	0.0	49819	49054.63	764.37	181	153.16	0.1538	181	945.37	4.223	50000	29826	0
0	0	0	100	0	0	0	1000	0.95	2.0	50000	0	0	0	0	0	181	0	0	0.19	0.38	1.61	91.25	2.48	0.54	0.19	0.38	1.61	89.75	2.48	0.54	0.0	0.0	0.0	0.4959	0.0	0.0	0	0.0	0.0	0.0	49819	49903.55	84.55	181	96.45	0.4671	181	96.45	0.4671	50000	29923	0
0	0	0	100	0	0	0	1000	0.95	6.0	50000	0	0	0	0	0	181	0	0	0.3	1.27	20.33	97.17	2.48	8.56	0.3	1.27	20.33	83.83	2.48	8.56	0.0	0.0	0.0	0.4631	0.0	0.0	0	888.26	888.26	0.0	49819	48981.63	837.37	181	130.11	0.2811	181	1018.37	4.6264	50000	29923	0
0	0	0	100	0	0	0	1000	0.9	2.0	50000	0	0	0	0	0	181	0	0	0.19	0.37	1.62	89.21	2.49	0.55	0.19	0.37	1.62	91.79	2.49	0.55	0.0	0.0	0.0	0.5071	0.0	0.0	0	0.0	0.0	0.0	49819	49905.56	86.56	181	94.44	0.4783	181	94.44	0.4783	50000	29923	0
0	0	0	100	0	0	0	1000	0.9	6.0	50000	0	0	0	0	0	181	0	0	0.3	1.21	20.58	94.89	2.49	10.0	0.3	1.21	20.58	86.11	2.49	10.0	0.0	0.0	0.0	0.4757	0.0	0.0	0	1037.15	1037.15	0.0	49819	48833.38	985.62	181	129.47	0.2847	181	1166.62	5.4454	50000	29923	0
0	0	0	100	0	0	10	0	1.0	2.0	50000	0	0	0	0	0	33587	0	0	0.88	2.31	24.98	33569.48	0.0	0.0	0.88	2.31	24.98	17.52	0.0	0.0	0.0	0.0	0.0	0.0005	0.0	0.0	16413	16402.35	10.65	0.0006	0	0.0	0.0	33587	33597.65	0.0003	50000	50000.0	0.0	50000	0	0
0	0	0	100	0	0	10	0	1.0	6.0	50000	0	0	0	0	0	33587	0	0	0.88	2.31	24.98	33569.48	0.0	0.0	0.88	2.31	24.98	17.52	0.0	0.0	0.0	0.0	0.0	0.0005	0.0	0.0	16413	16402.35	10.65	0.0006	0	0.0	0.0	33587	33597.65	0.0003	50000	50000.0	0.0	50000	0	0
0	0	0	100	0	0	10	0	0.95	2.0	50000	0	0	0	0	0	33587	0	0	0.72	2.24	33.18	33565.13	0.0	0.0	0.72	2.24	33.18	21.87	0.0	0.0	0.0	0.0	0.0	0.0007	0.0	0.0	16413	16161.64	251.36	0.0153	0	237.11	237.11	33587	33601.26	0.0004	50000	49762.89	0.0047	50000	0	0
0	0	0	100	0	0	10	0	0.95	6.0	50000	0	0	0	0	0	33587	0	0	0.72	2.19	33.39	33566.42	0.0	0.0	0.72	2.19	33.39	20.58	0.0	0.0	0.0	0.0	0.0	0.0006	0.0	0.0	16413	16362.69	50.31	0.0031	0	34.59	34.59	33587	33602.72	0.0005	50000	49965.41	0.0007	50000	0	0
0	0	0	100	0	0	10	0	0.9	2.0	50000	0	0	0	0	0	33587	0	0	0.72	2.23	33.38	33565.1	0.0	0.0	0.72	2.23	33.38	21.9	0.0	0.0	0.0	0.0	0.0	0.0007	0.0	0.0	16413	16027.43	385.57	0.0235	0	371.15	371.15	33587	33601.42	0.0004	50000	49628.85	0.0074	50000	0	0
0	0	0	100	0	0	10	0	0.9	6.0	50000	0	0	0	0	0	33587	0	0	0.71	2.23	33.48	33566.33	0.0	0.0	0.71	2.23	33.48	20.67	0.0	0.0	0.0	0.0	0.0	0.0006	0.0	0.0	16413	16369.31	43.69	0.0027	0	27.94	27.94	33587	33602.75	0.0005	50000	49972.06	0.0006	50000	0	0
0	0	0	100	0	0	10	10	1.0	2.0	50000	0	0	0	0	0	11777	0	0	0.57	1.67	18.35	11601.07	2.34	0.57	0.57	1.67	18.35	175.93	2.34	0.57	0.0	0.0	0.0	0.0149	0.0	0.0	5755	5416.35	338.65	0.0588	32468	32959.08	491.08	11777	11624.57	0.0129	17532	17040.92	0.028	50000	19219	0
0	0	0	100	0	0	10	10	1.0	6.0	50000	0	0	0	0	0	11777	0	0	0.57	1.64	18.39	11603.11	2.34	6.36	0.57	1.64	18.39	173.89	2.34	6.36	0.0	0.0	0.0	0.0148	0.0	0.0	5755	6327.71	572.71	0.0995	32468	32039.87	428.13	11777	11632.42	0.0123	17532	17960.13	0.0244	50000	19219	0
0	0	0	100	0	0	10	10	0.95	2.0	50000	0	0	0	0	0	11777	0	0	0.57	1.53	20.03	11629.95	2.2	0.62	0.57	1.53	20.03	147.05	2.2	0.62	0.0	0.0	0.0	0.0125	0.0	0.0	5755	5341.38	413.62	0.0719	32468	33003.72	535.72	11777	11654.9	0.0104	17532	16996.28	0.0306	50000	19290	0
0	0	0	100	0	0	10	10	0.95	6.0	50000	0	0	0	0	0	11777	0	0	0.57	1.56	19.92	11697.65	2.2	46.63	0.57	1.56	19.92	79.35	2.2	46.63	0.0	0.0	0.0	0.0067	0.0	0.0	5755	6802.17	1047.17	0.182	32468	31429.3	1038.7	11777	11768.53	0.0007	17532	18570.7	0.0592	50000	19290	0
0	0	0	100	0	0	10	10	0.9	2.0	50000	0	0	0	0	0	11777	0	0	0.57	1.54	20.87	11582.38	2.23	0.62	0.57	1.54	20.87	194.62	2.23	0.62	0.0	0.0	0.0	0.0165	0.0	0.0	5755	5037.03	717.97	0.1248	32468	33354.77	886.77	11777	11608.21	0.0143	17532	16645.23	0.0506	50000	19290	0
0	0	0	100	0	0	10	10	0.9	6.0	50000	0	0	0	0	0	11777	0	0	0.56	1.57	20.72	11668.93	2.23	50.82	0.56	1.57	20.72	108.07	2.23	50.82	0.0	0.0	0.0	0.0092	0.0	0.0	5755	7074.16	1319.16	0.2292	32468	31181.01	1286.99	11777	11744.83	0.0027	17532	18818.99	0.0734	50000	19290	0
0	0	0	100	0	0	10	100	1.0	2.0	50000	0	0	0	0	0	1721	0	0	0.33	0.82	2.0	1629.26	2.42	0.58	0.33	0.82	2.0	91.74	2.42	0.58	0.0	0.0	0.0	0.0533	0.0	0.0	841	0.29	840.71	0.9997	47438	48364.3	926.3	1721	1635.41	0.0497	2562	1635.7	0.3616	50000	28215	0
0	0	0	100	0	0	10	100	1.0	6.0	50000	0	0	0	0	0	1721	0	0	0.39	1.42	16.82	1599.84	2.42	26.1	0.39	1.42	16.82	121.16	2.42	26.1	0.0	0.0	0.0	0.0704	0.0	0.0	841	1557.19	716.19	0.8516	47438	46795.82	642.18	1721	1646.99	0.043	2562	3204.18	0.2507	50000	28215	0
0	0	0	100	0	0	10	100	0.95	2.0	50000	0	0	0	0	0	1721	0	0	0.32	0.74	1.73	1580.87	2.29	0.59	0.32	0.74	1.73	140.13	2.29	0.59	0.0	0.0	0.0	0.0814	0.0	0.0	841	0.0	841.0	1.0	47438	48413.47	975.47	1721	1586.53	0.0781	2562	1586.53	0.3807	50000	28429	0
0	0	0	100	0	0	10	100	0.95	6.0	50000	0	0	0	0	0	1721	0	0	0.42	1.65	18.6	1575.51	2.29	16.29	0.42	1.65	18.6	145.49	2.29	16.29	0.0	0.0	0.0	0.0845	0.0	0.0	841	1668.05	827.05	0.9834	47438	46717.2	720.8	1721	1614.75	0.0617	2562	3282.8	0.2813	50000	28429	0
0	0	0	100	0	0	10	100	0.9	2.0	50000	0	0	0	0	0	1721	0	0	0.3	0.67	1.61	1564.93	2.33	0.59	0.3	0.67	1.61	156.07	2.33	0.59	0.0	0.0	0.0	0.0907	0.0	0.0	841	0.0	841.0	1.0	47438	48429.56	991.56	1721	1570.44	0.0875	2562	1570.44	0.387	50000	28429	0
0	0	0	100	0	0	10	100	0.9	6.0	50000	0	0	0	0	0	1721	0	0	0.42	1.74	19.36	1586.14	2.33	19.21	0.42	1.74	19.36	134.86	2.33	19.21	0.0	0.0	0.0	0.0784	0.0	0.0	841	2046.65	1205.65	1.4336	47438	46324.16	1113.84	1721	1629.2	0.0533	2562	3675.84	0.4348	50000	28429	0
0	0	0	100	0	0	10	1000	1.0	2.0	50000	0	0	0	0	0	181	0	0	0.2	0.42	1.2	115.17	2.9	0.59	0.2	0.42	1.2	65.83	2.9	0.59	0.0	0.0	0.0	0.3637	0.0	0.0	88	0.0	88.0	1.0	49731	49879.51	148.51	181	120.49	0.3343	269	120.49	0.5521	50000	29648	0
0	0	0	100	0	0	10	1000	1.0	6.0	50000	0	0	0	0	0	181	0	0	0.32	1.92	15.92	127.82	2.9	32.28	0.32	1.92	15.92	53.18	2.9	32.28	0.0	0.0	0.0	0.2938	0.0	0.0	88	768.23	680.23	7.7299	49731	49050.6	680.4	181	181.17	0.001	269	949.4	2.5294	50000	29648	0
0	0	0	100	0	0	10	1000	0.95	2.0	50000	0	0	0	0	0	181	0	0	0.21	0.41	1.54	94.51	2.41	0.59	0.21	0.41	1.54	86.49	2.41	0.59	0.0	0.0	0.0	0.4779	0.0	0.0	88	0.0	88.0	1.0	49731	49900.33	169.33	181	99.67	0.4493	269	99.67	0.6295	50000	29713	0
0	0	0	100	0	0	10	1000	0.95	6.0	50000	0	0	0	0	0	181	0	0	0.34	1.62	19.8	102.64	2.41	56.49	0.34	1.62	19.8	78.36	2.41	56.49	0.0	0.0	0.0	0.4329	0.0	0.0	88	899.3	811.3	9.2193	49731	48917.4	813.6	181	183.3	0.0127	269	1082.6	3.0245	50000	29713	0
0	0	0	100	0	0	10	1000	0.9	2.0	50000	0	0	0	0	0	181	0	0	0.21	0.26	0.5	93.54	2.42	0.58	0.21	0.26	0.5	87.46	2.42	0.58	0.0	0.0	0.0	0.4832	0.0	0.0	88	0.0	88.0	1.0	49731	49902.48	171.48	181	97.52	0.4612	269	97.52	0.6375	50000	29713	0
0	0	0	100	0	0	10	1000	0.9	6.0	50000	0	0	0	0	0	181	0	0	0.36	0.82	0.7	177.49	2.42	59.69	0.36	0.82	0.7	3.51	2.42	59.69	0.0	0.0	0.0	0.0194	0.0	0.0	88	0.0	88.0	1.0	49731	49758.52	27.52	181	241.48	0.3342	269	241.48	0.1023	50000	29713	0
0	0	0	100	0	0	100	0	1.0	2.0	50000	0	0	0	0	0	8494	0	0	0.76	2.44	19.27	8508.54	0.0	0.0	0.76	2.44	19.27	14.54	0.0	0.0	0.0	0.0	0.0	0.0017	0.0	0.0	41506	41468.99	37.01	0.0009	0	0.0	0.0	8494	8531.01	0.0044	50000	50000.0	0.0	50000	0	0
0	0	0	100	0	0	100	0	1.0	6.0	50000	0	0	0	0	0	8494	0	0	0.76	2.44	19.27	8508.54	0.0	0.0	0.76	2.44	19.27	14.54	0.0	0.0	0.0	0.0	0.0	0.0017	0.0	0.0	41506	41468.99	37.01	0.0009	0	0.0	0.0	8494	8531.01	0.0044	50000	50000.0	0.0	50000	0	0
0	0	0	100	0	0	100	0	0.95	2.0	50000	0	0	0	0	0	8494	0	0	0.73	2.49	20.91	8432.71	0.0	0.0	0.73	2.49	20.91	61.29	0.0	0.0	0.0	0.0	0.0	0.0072	0.0	0.0	41506	41543.16	37.16	0.0009	0	0.0	0.0	8494	8456.84	0.0044	50000	50000.0	0.0	50000	0	0
0	0	0	100	0	0	100	0	0.95	6.0	50000	0	0	0	0	0	8494	0	0	0.73	2.49	20.91	8432.71	0.0	0.0	0.73	2.49	20.91	61.29	0.0	0.0	0.0	0.0	0.0	0.0072	0.0	0.0	41506	41543.16	37.16	0.0009	0	0.0	0.0	8494	8456.84	0.0044	50000	50000.0	0.0	50000	0	0
0	0	0	100	0	0	100	0	0.9	2.0	50000	0	0	0	0	0	8494	0	0	0.73	2.49	20.91	8432.71	0.0	0.0	0.73	2.49	20.91	61.29	0.0	0.0	0.0	0.0	0.0	0.0072	0.0	0.0	41506	41543.16	37.16	0.0009	0	0.0	0.0	8494	8456.84	0.0044	50000	50000.0	0.0	50000	0	0
0	0	0	100	0	0	100	0	0.9	6.0	50000	0	0	0	0	0	8494	0	0	0.73	2.49	20.91	8432.71	0.0	0.0	0.73	2.49	20.91	61.29	0.0	0.0	0.0	0.0	0.0	0.0072	0.0	0.0	41506	41543.16	37.16	0.0009	0	0.0	0.0	8494	8456.84	0.0044	50000	50000.0	0.0	50000	0	0
0	0	0	100	0	0	100	10	1.0	2.0	50000	0	0	0	0	0	5785	0	0	0.57	2.27	19.77	5734.81	2.66	0.51	0.57	2.27	19.77	50.19	2.66	0.51	0.0	0.0	0.0	0.0087	0.0	0.0	28268	28330.69	62.69	0.0022	15947	15908.74	38.26	5785	5760.58	0.0042	34053	34091.26	0.0011	50000	9440	0
0	0	0	100	0	0	100	10	1.0	6.0	50000	0	0	0	0	0	5785	0	0	0.57	2.35	19.63	5736.56	2.66	6.65	0.57	2.35	19.63	48.44	2.66	6.65	0.0	0.0	0.0	0.0084	0.0	0.0	28268	28762.88	494.88	0.0175	15947	15468.7	478.3	5785	5768.42	0.0029	34053	34531.3	0.014	50000	9440	0
0	0	0	100	0	0	100	10	0.95	2.0	50000	0	0	0	0	0	5785	0	0	0.58	2.44	16.12	5743.37	3.18	0.76	0.58	2.44	16.12	41.63	3.18	0.76	0.0	0.0	0.0	0.0072	0.0	0.0	28268	26896.28	1371.72	0.0485	15947	17337.27	1390.27	5785	5766.45	0.0032	34053	32662.73	0.0408	50000	9537	0
0	0	0	100	0	0	100	10	0.95	6.0	50000	0	0	0	0	0	5785	0	0	0.58	2.5	16.06	5762.76	3.18	31.51	0.58	2.5	16.06	22.24	3.18	31.51	0.0	0.0	0.0	0.0038	0.0	0.0	28268	28344.18	76.18	0.0027	15947	15839.22	107.78	5785	5816.6	0.0055	34053	34160.78	0.0032	50000	9537	0
0	0	0	100	0	0	100	10	0.9	2.0	50000	0	0	0	0	0	5785	0	0	0.57	2.59	16.67	5746.42	3.1	0.75	0.57	2.59	16.67	38.58	3.1	0.75	0.0	0.0	0.0	0.0067	0.0	0.0	28268	27444.04	823.96	0.0291	15947	16785.86	838.86	5785	5770.1	0.0026	34053	33214.14	0.0246	50000	9537	0
0	0	0	100	0	0	100	10	0.9	6.0	50000	0	0	0	0	0	5785	0	0	0.57	2.63	16.56	5749.4	3.1	37.58	0.57	2.63	16.56	35.6	3.1	37.58	0.0	0.0	0.0	0.0062	0.0	0.0	28268	29675.79	1407.79	0.0498	15947	14514.37	1432.63	5785	5809.84	0.0043	34053	35485.63	0.0421	50000	9537	0
0	0	0	100	0	0	100	100	1.0	2.0	50000	0	0	0	0	0	1495	0	0	0.53	1.25	13.95	1422.33	2.84	0.77	0.53	1.25	13.95	72.67	2.84	0.77	0.0	0.0	0.0	0.0486	0.0	0.0	7303	6965.99	337.01	0.0461	41202	41592.34	390.34	1495	1441.67	0.0357	8798	8407.66	0.0444	50000	24647	0
0	0	0	100	0	0	100	100	1.0	6.0	50000	0	0	0	0	0	1495	0	0	0.53	1.26	13.94	1423.01	2.84	73.41	0.53	1.26	13.94	71.99	2.84	73.41	0.0	0.0	0.0	0.0482	0.0	0.0	7303	8049.97	746.97	0.1023	41202	40435.05	766.95	1495	1514.98	0.0134	8798	9564.95	0.0872	50000	24647	0
0	0	0	100	0	0	100	100	0.95	2.0	50000	0	0	0	0	0	1495	0	0	0.45	1.6	13.3	1381.46	2.91	0.57	0.45	1.6	13.3	113.54	2.91	0.57	0.0	0.0	0.0	0.0759	0.0	0.0	7303	6235.16	1067.84	0.1462	41202	42364.56	1162.56	1495	1400.28	0.0634	8798	7635.44	0.1321	50000	24523	0
0	0	0	100	0	0	100	100	0.95	6.0	50000	0	0	0	0	0	1495	0	0	0.45	1.62	13.21	1386.08	2.91	11.1	0.45	1.62	13.21	108.92	2.91	11.1	0.0	0.0	0.0	0.0729	0.0	0.0	7303	7624.93	321.93	0.0441	41202	40959.68	242.32	1495	1415.38	0.0533	8798	9040.32	0.0275	50000	24523	0
0	0	0	100	0	0	100	100	0.9	2.0	50000	0	0	0	0	0	1495	0	0	0.44	1.59	14.65	1338.65	2.9	0.57	0.44	1.59	14.65	156.35	2.9	0.57	0.0	0.0	0.0	0.1046	0.0	0.0	7303	5616.52	1686.48	0.2309	41202	43024.67	1822.67	1495	1358.8	0.0911	8798	6975.33	0.2072	50000	24523	0
0	0	0	100	0	0	100	100	0.9	6.0	50000	0	0	0	0	0	1495	0	0	0.44	1.64	14.48	1349.28	2.9	12.12	0.44	1.64	14.48	145.72	2.9	12.12	0.0	0.0	0.0	0.0975	0.0	0.0	7303	7322.35	19.35	0.0027	41202	41296.78	94.78	1495	1380.87	0.0763	8798	8703.22	0.0108	50000	24523	0
0	0	0	100	0	0	100	1000	1.0	2.0	50000	0	0	0	0	0	177	0	0	0.31	0.96	1.85	125.78	2.58	0.61	0.31	0.96	1.85	51.22	2.58	0.61	0.0	0.0	0.0	0.2894	0.0	0.0	868	0.48	867.52	0.9994	48955	49867.44	912.44	177	132.08	0.2538	1045	132.56	0.8732	50000	29256	0
0	0	0	100	0	0	100	1000	1.0	6.0	50000	0	0	0	0	0	177	0	0	0.35	1.75	15.88	109.77	2.58	35.67	0.35	1.75	15.88	67.23	2.58	35.67	0.0	0.0	0.0	0.3798	0.0	0.0	868	1708.86	840.86	0.9687	48955	48125.15	829.85	177	165.99	0.0622	1045	1874.85	0.7941	50000	29256	0
0	0	0	100	0	0	100	1000	0.95	2.0	50000	0	0	0	0	0	177	0	0	0.25	0.54	1.74	135.76	2.62	0.61	0.25	0.54	1.74	41.24	2.62	0.61	0.0	0.0	0.0	0.233	0.0	0.0	868	0.0	868.0	1.0	48955	49858.47	903.47	177	141.53	0.2004	1045	141.53	0.8646	50000	29260	0
0	0	0	100	0	0	100	1000	0.95	6.0	50000	0	0	0	0	0	177	0	0	0.33	1.17	20.06	127.78	2.62	52.04	0.33	1.17	20.06	49.22	2.62	52.04	0.0	0.0	0.0	0.2781	0.0	0.0	868	2319.61	1451.61	1.6724	48955	47476.38	1478.62	177	204.01	0.1526	1045	2523.62	1.4149	50000	29260	0
0	0	0	100	0	0	100	1000	0.9	2.0	50000	0	0	0	0	0	177	0	0	0.24	0.52	1.76	130.52	2.62	0.61	0.24	0.52	1.76	46.48	2.62	0.61	0.0	0.0	0.0	0.2626	0.0	0.0	868	0.0	868.0	1.0	48955	49863.72	908.72	177	136.28	0.2301	1045	136.28	0.8696	50000	29260	0
0	0	0	100	0	0	100	1000	0.9	6.0	50000	0	0	0	0	0	177	0	0	0.33	1.19	20.53	125.47	2.62	52.04	0.33	1.19	20.53	51.53	2.62	52.04	0.0	0.0	0.0	0.2911	0.0	0.0	868	2189.01	1321.01	1.5219	48955	47608.8	1346.2	177	202.19	0.1423	1045	2391.2	1.2882	50000	29260	0
0	0	0	100	0	0	1000	0	1.0	2.0	50000	0	0	0	0	0	1003	0	0	0.68	1.85	13.98	984.82	0.0	0.0	0.68	1.85	13.98	18.18	0.0	0.0	0.0	0.0	0.0	0.0181	0.0	0.0	48997	48998.68	1.68	0.0	0	0.0	0.0	1003	1001.32	0.0017	50000	50000.0	0.0	50000	0	0
0	0	0	100	0	0	1000	0	1.0	6.0	50000	0	0	0	0	0	1003	0	0	0.68	1.85	13.98	984.82	0.0	0.0	0.68	1.85	13.98	18.18	0.0	0.0	0.0	0.0	0.0	0.0181	0.0	0.0	48997	48998.68	1.68	0.0	0	0.0	0.0	1003	1001.32	0.0017	50000	50000.0	0.0	50000	0	0
0	0	0	100	0	0	1000	0	0.95	2.0	50000	0	0	0	0	0	1003	0	0	0.53	1.26	18.05	952.41	0.0	0.0	0.53	1.26	18.05	50.59	0.0	0.0	0.0	0.0	0.0	0.0504	0.0	0.0	48997	47548.21	1448.79	0.0296	0	1479.54	1479.54	1003	972.25	0.0307	50000	48520.46	0.0296	50000	0	0
0	0	0	100	0	0	1000	0	0.95	6.0	50000	0	0	0	0	0	1003	0	0	0.53	1.25	18.24	953.56	0.0	0.0	0.53	1.25	18.24	49.44	0.0	0.0	0.0	0.0	0.0	0.0493	0.0	0.0	48997	48830.84	166.16	0.0034	0	195.58	195.58	1003	973.58	0.0293	50000	49804.42	0.0039	50000	0	0
0	0	0	100	0	0	1000	0	0.9	2.0	50000	0	0	0	0	0	1003	0	0	0.68	1.46	17.96	953.81	0.0	0.0	0.68	1.46	17.96	49.19	0.0	0.0	0.0	0.0	0.0	0.049	0.0	0.0	48997	49026.1	29.1	0.0006	0	0.0	0.0	1003	973.9	0.029	50000	50000.0	0.0	50000	0	0
0	0	0	100	0	0	1000	0	0.9	6.0	50000	0	0	0	0	0	1003	0	0	0.68	1.46	17.96	953.81	0.0	0.0	0.68	1.46	17.96	49.19	0.0	0.0	0.0	0.0	0.0	0.049	0.0	0.0	48997	49026.1	29.1	0.0006	0	0.0	0.0	1003	973.9	0.029	50000	50000.0	0.0	50000	0	0
0	0	0	100	0	0	1000	10	1.0	2.0	50000	0	0	0	0	0	951	0	0	0.58	2.0	13.31	893.66	5.61	0.39	0.58	2.0	13.31	57.34	5.61	0.39	0.0	0.0	0.0	0.0603	0.0	0.0	46430	46877.17	447.17	0.0096	2619	2207.28	411.72	951	915.56	0.0373	47381	47792.72	0.0087	50000	1575	0
0	0	0	100	0	0	1000	10	1.0	6.0	50000	0	0	0	0	0	951	0	0	0.58	2.0	13.32	893.64	5.62	0.7	0.58	2.0	13.32	57.36	5.62	0.7	0.0	0.0	0.0	0.0603	0.0	0.0	46430	46885.38	455.38	0.0098	2619	2198.78	420.22	951	915.85	0.037	47381	47801.22	0.0089	50000	1575	0
0	0	0	100	0	0	1000	10	0.95	2.0	50000	0	0	0	0	0	951	0	0	0.54	2.04	15.02	994.68	2.07	0.57	0.54	2.04	15.02	43.68	2.07	0.57	0.0	0.0	0.0	0.0459	0.0	0.0	46430	43908.76	2521.24	0.0543	2619	5076.32	2457.32	951	1014.92	0.0672	47381	44923.68	0.0519	50000	1562	0
0	0	0	100	0	0	1000	10	0.95	6.0	50000	0	0	0	0	0	951	0	0	0.55	2.06	14.98	995.29	2.07	6.24	0.55	2.06	14.98	44.29	2.07	6.24	0.0	0.0	0.0	0.0466	0.0	0.0	46430	45302.91	1127.09	0.0243	2619	3675.9	1056.9	951	1021.19	0.0738	47381	46324.1	0.0223	50000	1562	0
0	0	0	100	0	0	1000	10	0.9	2.0	50000	0	0	0	0	0	951	0	0	0.54	2.03	15.38	988.35	2.12	0.57	0.54	2.03	15.38	37.35	2.12	0.57	0.0	0.0	0.0	0.0393	0.0	0.0	46430	42201.06	4228.94	0.0911	2619	6789.95	4170.95	951	1008.99	0.061	47381	43210.05	0.088	50000	1562	0
0	0	0	100	0	0	1000	10	0.9	6.0	50000	0	0	0	0	0	951	0	0	0.54	2.05	15.36	992.53	2.12	6.83	0.54	2.05	15.36	41.53	2.12	6.83	0.0	0.0	0.0	0.0437	0.0	0.0	46430	45318.49	1111.51	0.0239	2619	3662.07	1043.07	951	1019.44	0.072	47381	46337.93	0.022	50000	1562	0
0	0	0	100	0	0	1000	100	1.0	2.0	50000	0	0	0	0	0	646	0	0	0.53	1.43	13.87	629.04	2.78	0.47	0.53	1.43	13.87	16.96	2.78	0.47	0.0	0.0	0.0	0.0263	0.0	0.0	31553	31985.18	432.18	0.0137	17801	17366.69	434.31	646	648.12	0.0033	32199	32633.31	0.0135	50000	10571	0
0	0	0	100	0	0	1000	100	1.0	6.0	50000	0	0	0	0	0	646	0	0	0.53	1.46	13.78	629.14	2.78	3.39	0.53	1.46	13.78	16.86	2.78	3.39	0.0	0.0	0.0	0.0261	0.0	0.0	31553	32582.07	1029.07	0.0326	17801	16766.85	1034.15	646	651.08	0.0079	32199	33233.15	0.0321	50000	10571	0
0	0	0	100	0	0	1000	100	0.95	2.0	50000	0	0	0	0	0	646	0	0	0.57	2.12	14.62	664.55	2.29	0.73	0.57	2.12	14.62	18.55	2.29	0.73	0.0	0.0	0.0	0.0287	0.0	0.0	31553	32867.75	1314.75	0.0417	17801	16447.37	1353.63	646	684.89	0.0602	32199	33552.63	0.042	50000	10554	0
0	0	0	100	0	0	1000	100	0.95	6.0	50000	0	0	0	0	0	646	0	0	0.56	2.1	14.6	661.61	2.29	35.35	0.56	2.1	14.6	15.61	2.29	35.35	0.0	0.0	0.0	0.0242	0.0	0.0	31553	33829.6	2276.6	0.0722	17801	15453.88	2347.12	646	716.51	0.1092	32199	34546.12	0.0729	50000	10554	0
0	0	0	100	0	0	1000	100	0.9	2.0	50000	0	0	0	0	0	646	0	0	0.56	2.13	14.44	662.06	2.35	0.72	0.56	2.13	14.44	16.06	2.35	0.72	0.0	0.0	0.0	0.0249	0.0	0.0	31553	32472.57	919.57	0.0291	17801	16845.17	955.83	646	682.26	0.0561	32199	33154.83	0.0297	50000	10554	0
0	0	0	100	0	0	1000	100	0.9	6.0	50000	0	0	0	0	0	646	0	0	0.56	2.07	14.44	660.12	2.35	38.86	0.56	2.07	14.44	14.12	2.35	38.86	0.0	0.0	0.0	0.0219	0.0	0.0	31553	33814.65	2261.65	0.0717	17801	15466.96	2334.04	646	718.4	0.1121	32199	34533.04	0.0725	50000	10554	0
0	0	0	100	0	0	1000	1000	1.0	2.0	50000	0	0	0	0	0	154	0	0	0.46	2.27	13.97	160.45	2.26	0.62	0.46	2.27	13.97	6.45	2.26	0.62	0.0	0.0	0.0	0.0419	0.0	0.0	7505	7258.26	246.74	0.0329	42341	42561.69	220.69	154	180.05	0.1691	7659	7438.31	0.0288	50000	25264	0
0	0	0	100	0	0	1000	1000	1.0	6.0	50000	0	0	0	0	0	154	0	0	0.46	2.25	13.94	159.45	2.26	29.65	0.46	2.25	13.94	5.45	2.26	29.65	0.0	0.0	0.0	0.0354	0.0	0.0	7505	8703.09	1198.09	0.1596	42341	41088.9	1252.1	154	208.01	0.3507	7659	8911.1	0.1635	50000	25264	0
0	0	0	100	0	0	1000	1000	0.95	2.0	50000	0	0	0	0	0	154	0	0	0.45	1.51	13.04	144.86	3.14	0.7	0.45	1.51	13.04	9.14	3.14	0.7	0.0	0.0	0.0	0.0593	0.0	0.0	7505	6708.11	796.89	0.1062	42341	43128.19	787.19	154	163.7	0.063	7659	6871.81	0.1028	50000	25242	0
0	0	0	100	0	0	1000	1000	0.95	6.0	50000	0	0	0	0	0	154	0	0	0.44	1.53	12.94	145.04	3.14	45.59	0.44	1.53	12.94	8.96	3.14	45.59	0.0	0.0	0.0	0.0582	0.0	0.0	7505	8252.64	747.64	0.0996	42341	41538.66	802.34	154	208.7	0.3552	7659	8461.34	0.1048	50000	25242	0
0	0	0	100	0	0	1000	1000	0.9	2.0	50000	0	0	0	0	0	154	0	0	0.44	1.52	14.96	142.14	3.09	0.69	0.44	1.52	14.96	11.86	3.09	0.69	0.0	0.0	0.0	0.077	0.0	0.0	7505	6349.27	1155.73	0.154	42341	43487.89	1146.89	154	162.84	0.0574	7659	6512.11	0.1497	50000	25242	0
0	0	0	100	0	0	1000	1000	0.9	6.0	50000	0	0	0	0	0	154	0	0	0.44	1.56	14.82	142.4	3.09	48.42	0.44	1.56	14.82	11.6	3.09	48.42	0.0	0.0	0.0	0.0754	0.0	0.0	7505	8473.9	968.9	0.1291	42341	41315.37	1025.63	154	210.73	0.3684	7659	8684.63	0.1339	50000	25242	0
